split,class,file,source,md5,note
train,no_flood,data/train/no_flood/normal_image0021.jpg,aider_raw/AIDER/normal/normal_image0021.jpg,b337863cb62b362274acf4f822141067,
train,no_flood,data/train/no_flood/normal_image0022.jpg,aider_raw/AIDER/normal/normal_image0022.jpg,ca2c364592b0da1b93100fc229117534,
train,no_flood,data/train/no_flood/normal_image0024.jpg,aider_raw/AIDER/normal/normal_image0024.jpg,d834f0947a9a46053f739f42f6bc1a6c,
train,no_flood,data/train/no_flood/normal_image0025.jpg,aider_raw/AIDER/normal/normal_image0025.jpg,48059c81ea82445f20c539f016786209,
train,no_flood,data/train/no_flood/normal_image0026.jpg,aider_raw/AIDER/normal/normal_image0026.jpg,f9b8393c2b6f0abec3015a4848458ea6,
train,no_flood,data/train/no_flood/normal_image0033.jpg,aider_raw/AIDER/normal/normal_image0033.jpg,e4e3086504be40ddf965157ea5a6df7e,
train,no_flood,data/train/no_flood/normal_image0037.jpg,aider_raw/AIDER/normal/normal_image0037.jpg,72eef7f47afe88eaf12b19cec451545d,
train,no_flood,data/train/no_flood/normal_image0052.jpg,aider_raw/AIDER/normal/normal_image0052.jpg,b1cefd3e538bfa298ca6d8140f2f0af2,
train,no_flood,data/train/no_flood/normal_image0068.jpg,aider_raw/AIDER/normal/normal_image0068.jpg,a5eb14304cf0d09e222d6e278271ec7a,
train,no_flood,data/train/no_flood/normal_image0079.jpg,aider_raw/AIDER/normal/normal_image0079.jpg,467d78c929f1bfef23c03c4cb8648f24,
train,no_flood,data/train/no_flood/normal_image0082.jpg,aider_raw/AIDER/normal/normal_image0082.jpg,0689ca8e661590b66384b5a64b634c26,
train,no_flood,data/train/no_flood/normal_image0100.jpg,aider_raw/AIDER/normal/normal_image0100.jpg,acf96cbe364f0bd9720281ed789c4f66,
train,no_flood,data/train/no_flood/normal_image0118.jpg,aider_raw/AIDER/normal/normal_image0118.jpg,387523a886b4469f844de0d764225316,
train,no_flood,data/train/no_flood/normal_image0119.jpg,aider_raw/AIDER/normal/normal_image0119.jpg,87ce56fdcc1d49389a28991cebf67e36,
train,no_flood,data/train/no_flood/normal_image0120.jpg,aider_raw/AIDER/normal/normal_image0120.jpg,3987fbd6dedf68b1e717e84ccd464904,
train,no_flood,data/train/no_flood/normal_image0137.jpg,aider_raw/AIDER/normal/normal_image0137.jpg,efbee26d10af53ec51dfdf06a05bb941,
train,no_flood,data/train/no_flood/normal_image0142.jpg,aider_raw/AIDER/normal/normal_image0142.jpg,802da1cdf34f74019b534961d18c27b6,
train,no_flood,data/train/no_flood/normal_image0149.jpg,aider_raw/AIDER/normal/normal_image0149.jpg,9a7443d1c49ec48bf2a21fbee91d811d,
train,no_flood,data/train/no_flood/normal_image0150.jpg,aider_raw/AIDER/normal/normal_image0150.jpg,93b8ce2ce41e026e070de7bee3aef65b,
train,no_flood,data/train/no_flood/normal_image0167.jpg,aider_raw/AIDER/normal/normal_image0167.jpg,1b180c82d891a06060b0b678d9a35867,
train,no_flood,data/train/no_flood/normal_image0168.jpg,aider_raw/AIDER/normal/normal_image0168.jpg,e0326ac3c961cc51924ad37762760c5f,
train,no_flood,data/train/no_flood/normal_image0171.jpg,aider_raw/AIDER/normal/normal_image0171.jpg,f82107a01cdbd25c11f3f8a178b74eca,
train,no_flood,data/train/no_flood/normal_image0181.jpg,aider_raw/AIDER/normal/normal_image0181.jpg,8be8e812bfdee88691f3d3cba4aed486,
train,no_flood,data/train/no_flood/normal_image0193.jpg,aider_raw/AIDER/normal/normal_image0193.jpg,bd63d9c8a8d2f049e9407c529867472c,
train,no_flood,data/train/no_flood/normal_image0203.jpg,aider_raw/AIDER/normal/normal_image0203.jpg,3614a15741dacd7a2f9beae68a341265,
train,no_flood,data/train/no_flood/normal_image0204.jpg,aider_raw/AIDER/normal/normal_image0204.jpg,1cd4dd9775543c0014f743e4ffadbff0,
train,no_flood,data/train/no_flood/normal_image0205.jpg,aider_raw/AIDER/normal/normal_image0205.jpg,b45d0a60abb133b661bb2bc6a6b24dd6,
train,no_flood,data/train/no_flood/normal_image0208.jpg,aider_raw/AIDER/normal/normal_image0208.jpg,1c586cead314f8d7f25214a3ba5005f7,
train,no_flood,data/train/no_flood/normal_image0214.jpg,aider_raw/AIDER/normal/normal_image0214.jpg,df19adaf900da43732d19bc1c1f99744,
train,no_flood,data/train/no_flood/normal_image0217.jpg,aider_raw/AIDER/normal/normal_image0217.jpg,49103baea6e182d883ad1164f6b38d9f,
train,no_flood,data/train/no_flood/normal_image0231.jpg,aider_raw/AIDER/normal/normal_image0231.jpg,de900e6ead49c20e3bf943a3cef74fa1,
train,no_flood,data/train/no_flood/normal_image0234.jpg,aider_raw/AIDER/normal/normal_image0234.jpg,d9883c22374dbcb35507762890382a98,
train,no_flood,data/train/no_flood/normal_image0237.jpg,aider_raw/AIDER/normal/normal_image0237.jpg,79a4891017b79be47cbd2f8e1cd440ac,
train,no_flood,data/train/no_flood/normal_image0240.jpg,aider_raw/AIDER/normal/normal_image0240.jpg,a4eb60156670d307be5e0ca00fb4d7db,
train,no_flood,data/train/no_flood/normal_image0257.jpg,aider_raw/AIDER/normal/normal_image0257.jpg,863acf740a7373c540aa2d7a26df416e,
train,no_flood,data/train/no_flood/normal_image0264.jpg,aider_raw/AIDER/normal/normal_image0264.jpg,c1180849bf98af204688dcb668982625,
train,no_flood,data/train/no_flood/normal_image0290.jpg,aider_raw/AIDER/normal/normal_image0290.jpg,34a8f6af03b97a060839a06fd9e69703,
train,no_flood,data/train/no_flood/normal_image0294.jpg,aider_raw/AIDER/normal/normal_image0294.jpg,0c3c92919a065e99f5b4bf815a44629d,
train,no_flood,data/train/no_flood/normal_image0301.jpg,aider_raw/AIDER/normal/normal_image0301.jpg,c9b4f21dfc08567207bfd0c9ce76cdd7,
train,no_flood,data/train/no_flood/normal_image0310.jpg,aider_raw/AIDER/normal/normal_image0310.jpg,b14550ae52bdaf1715c087dc1ccf0d3d,
train,no_flood,data/train/no_flood/normal_image0313.jpg,aider_raw/AIDER/normal/normal_image0313.jpg,a289cd7874af8fcd77eddd63bde85a34,
train,no_flood,data/train/no_flood/normal_image0317.jpg,aider_raw/AIDER/normal/normal_image0317.jpg,d5542545fdc4312b65d136dbf5b9a4af,
train,no_flood,data/train/no_flood/normal_image0318.jpg,aider_raw/AIDER/normal/normal_image0318.jpg,fa9b34e98a5c48b2319ef73f927db53d,
train,no_flood,data/train/no_flood/normal_image0319.jpg,aider_raw/AIDER/normal/normal_image0319.jpg,68e35d557b04b42e1c7875290fdd33bb,
train,no_flood,data/train/no_flood/normal_image0339.jpg,aider_raw/AIDER/normal/normal_image0339.jpg,d4a9215427f7007eba1147cec9ee7c10,
train,no_flood,data/train/no_flood/normal_image0343.jpg,aider_raw/AIDER/normal/normal_image0343.jpg,fee7cbe1d59f89d7bbc37e726b106e07,
train,no_flood,data/train/no_flood/normal_image0348.jpg,aider_raw/AIDER/normal/normal_image0348.jpg,24b3ae879c71719d0f98a599ce4a463a,
train,no_flood,data/train/no_flood/normal_image0351.jpg,aider_raw/AIDER/normal/normal_image0351.jpg,301972c5b7798fc002d60366ad1af72c,
train,no_flood,data/train/no_flood/normal_image0361.jpg,aider_raw/AIDER/normal/normal_image0361.jpg,22b2dcc87d9c322ffac6ece2a15555a4,
train,no_flood,data/train/no_flood/normal_image0368.jpg,aider_raw/AIDER/normal/normal_image0368.jpg,1c59d467d895ebb1e4fce15ab5eda999,
train,no_flood,data/train/no_flood/normal_image0375.jpg,aider_raw/AIDER/normal/normal_image0375.jpg,a4e6feb529dcb2c824d3728225ac2b49,
train,no_flood,data/train/no_flood/normal_image0381.jpg,aider_raw/AIDER/normal/normal_image0381.jpg,755fcbcad7a94cf968fc8e55a15134e8,
train,no_flood,data/train/no_flood/normal_image0388.jpg,aider_raw/AIDER/normal/normal_image0388.jpg,322d1a1984dd0d7b9b334fc9e189b043,
train,no_flood,data/train/no_flood/normal_image0392.jpg,aider_raw/AIDER/normal/normal_image0392.jpg,7f20ed6a2817beab95161484d8a66f9b,
train,no_flood,data/train/no_flood/normal_image0399.jpg,aider_raw/AIDER/normal/normal_image0399.jpg,2f5f9a4a7caae411e12560c45399e8c9,
train,no_flood,data/train/no_flood/normal_image0401.jpg,aider_raw/AIDER/normal/normal_image0401.jpg,478c0ecdc17f8863c92ccc5851716500,
train,no_flood,data/train/no_flood/normal_image0404.jpg,aider_raw/AIDER/normal/normal_image0404.jpg,cc6383a4661d5159dbfd87a4af5ba6d8,
train,no_flood,data/train/no_flood/normal_image0408.jpg,aider_raw/AIDER/normal/normal_image0408.jpg,d5501eb95192a344f39de7db4f8daa89,
train,no_flood,data/train/no_flood/normal_image0411.jpg,aider_raw/AIDER/normal/normal_image0411.jpg,64f0ffb88d096ac88a63e515e5e088d2,
train,no_flood,data/train/no_flood/normal_image0415.jpg,aider_raw/AIDER/normal/normal_image0415.jpg,7db1aaab78eafb4d40508ac92736ebbf,
train,no_flood,data/train/no_flood/normal_image0421.jpg,aider_raw/AIDER/normal/normal_image0421.jpg,2fa82ebe4e9a05de2b18047d163aa9d1,
train,no_flood,data/train/no_flood/normal_image0424.jpg,aider_raw/AIDER/normal/normal_image0424.jpg,b833f588a478ef8c5b8b5f4996b7f2c8,
train,no_flood,data/train/no_flood/normal_image0425.jpg,aider_raw/AIDER/normal/normal_image0425.jpg,3ad19037d7e00722d446033dd6815062,
train,no_flood,data/train/no_flood/normal_image0427.jpg,aider_raw/AIDER/normal/normal_image0427.jpg,e9e73b1406d87d3276d6008febac23e4,
train,no_flood,data/train/no_flood/normal_image0434.jpg,aider_raw/AIDER/normal/normal_image0434.jpg,ce79a18554fecf01cf5a0796f332f8bf,
train,no_flood,data/train/no_flood/normal_image0436.jpg,aider_raw/AIDER/normal/normal_image0436.jpg,790fe91766932540f320933727cff25c,
train,no_flood,data/train/no_flood/normal_image0438.jpg,aider_raw/AIDER/normal/normal_image0438.jpg,971e3c523af7d0843eefa2791e67a388,
train,no_flood,data/train/no_flood/normal_image0445.jpg,aider_raw/AIDER/normal/normal_image0445.jpg,d398b2cbbbcc6dfe437885f5b1beb4c7,
train,no_flood,data/train/no_flood/normal_image0448.jpg,aider_raw/AIDER/normal/normal_image0448.jpg,09d8630dc8327b5838277fa768f85b50,
train,no_flood,data/train/no_flood/normal_image0450.jpg,aider_raw/AIDER/normal/normal_image0450.jpg,206bb7f1c7c874cd7e972966f583b898,
train,no_flood,data/train/no_flood/normal_image0452.jpg,aider_raw/AIDER/normal/normal_image0452.jpg,60827e96681ea388964284193de5452e,
train,no_flood,data/train/no_flood/normal_image0457.jpg,aider_raw/AIDER/normal/normal_image0457.jpg,6f762fe503b1913d047a79e6ae40d277,
train,no_flood,data/train/no_flood/normal_image0462.jpg,aider_raw/AIDER/normal/normal_image0462.jpg,a9a7295dbddbe0bad5a96432283b1a18,
train,no_flood,data/train/no_flood/normal_image0466.jpg,aider_raw/AIDER/normal/normal_image0466.jpg,2ffeb6a169e76f3caaa60b625f12fc77,
train,no_flood,data/train/no_flood/normal_image0475.jpg,aider_raw/AIDER/normal/normal_image0475.jpg,931a22aac8387842793a9eaa53e97ecc,
train,no_flood,data/train/no_flood/normal_image0485.jpg,aider_raw/AIDER/normal/normal_image0485.jpg,d5f46dda6fd8bd4fa2f417d8fba420e2,
train,no_flood,data/train/no_flood/normal_image0486.jpg,aider_raw/AIDER/normal/normal_image0486.jpg,4ee8e0206ed8ca0ecb969ab04425204c,
train,no_flood,data/train/no_flood/normal_image0495.jpg,aider_raw/AIDER/normal/normal_image0495.jpg,e369f5b1b708a8b2930b76290a84e71a,
train,no_flood,data/train/no_flood/normal_image0501.jpg,aider_raw/AIDER/normal/normal_image0501.jpg,c896cc5c952036990c2768f9805d3d16,
train,no_flood,data/train/no_flood/normal_image0502.jpg,aider_raw/AIDER/normal/normal_image0502.jpg,01a3bb2a315602384c2135cace3bf216,
train,no_flood,data/train/no_flood/normal_image0508.jpg,aider_raw/AIDER/normal/normal_image0508.jpg,5304ebe40134f4e473232abac41c45fe,
train,no_flood,data/train/no_flood/normal_image0511.jpg,aider_raw/AIDER/normal/normal_image0511.jpg,39ee9bc68b67ade279b321c9ed677337,
train,no_flood,data/train/no_flood/normal_image0514.jpg,aider_raw/AIDER/normal/normal_image0514.jpg,c014d2f34cf555d9d817b38a12755ff9,
train,no_flood,data/train/no_flood/normal_image0517.jpg,aider_raw/AIDER/normal/normal_image0517.jpg,ee1ad591e7948dde7cfcba97d5de44e6,
train,no_flood,data/train/no_flood/normal_image0520.jpg,aider_raw/AIDER/normal/normal_image0520.jpg,cd99de4e8d1cff921ebe30dfd7155aa1,
train,no_flood,data/train/no_flood/normal_image0524.jpg,aider_raw/AIDER/normal/normal_image0524.jpg,7c5de630c0fa71463c1630c1a779d162,
train,no_flood,data/train/no_flood/normal_image0531.jpg,aider_raw/AIDER/normal/normal_image0531.jpg,8854de00ee8af70babc858458e1741bd,
train,no_flood,data/train/no_flood/normal_image0533.jpg,aider_raw/AIDER/normal/normal_image0533.jpg,abd4ffd25354e83d95954ee857100dd6,
train,no_flood,data/train/no_flood/normal_image0537.jpg,aider_raw/AIDER/normal/normal_image0537.jpg,8fe6c6768533e597c65426917aec33c8,
train,no_flood,data/train/no_flood/normal_image0538.jpg,aider_raw/AIDER/normal/normal_image0538.jpg,cc5bdf41e41a2056e9f0079efc399b93,
train,no_flood,data/train/no_flood/normal_image0541.jpg,aider_raw/AIDER/normal/normal_image0541.jpg,a1ab564e6bfcad51c044c82e39a2d31c,
train,no_flood,data/train/no_flood/normal_image0545.jpg,aider_raw/AIDER/normal/normal_image0545.jpg,c2064563dd8ed3697c15896ae00b11f1,
train,no_flood,data/train/no_flood/normal_image0553.jpg,aider_raw/AIDER/normal/normal_image0553.jpg,3957d1d84e9e5a89431c873b3eb59472,
train,no_flood,data/train/no_flood/normal_image0561.jpg,aider_raw/AIDER/normal/normal_image0561.jpg,c492156ed80c942178d1a39e73d5af25,
train,no_flood,data/train/no_flood/normal_image0562.jpg,aider_raw/AIDER/normal/normal_image0562.jpg,748f07ea66b0ddac29b16e48b4a2e175,
train,no_flood,data/train/no_flood/normal_image0566.jpg,aider_raw/AIDER/normal/normal_image0566.jpg,1d282071dfa81e39f5e661652a7649be,
train,no_flood,data/train/no_flood/normal_image0571.jpg,aider_raw/AIDER/normal/normal_image0571.jpg,dd323d444139ca0ea48f54ca55c9d792,
train,no_flood,data/train/no_flood/normal_image0572.jpg,aider_raw/AIDER/normal/normal_image0572.jpg,f7e7976eb8330da6da0efca023fb95af,
train,no_flood,data/train/no_flood/normal_image0576.jpg,aider_raw/AIDER/normal/normal_image0576.jpg,0e5cdbb7a3129e7e31e7216510fe5973,
train,no_flood,data/train/no_flood/normal_image0582.jpg,aider_raw/AIDER/normal/normal_image0582.jpg,da3875970f841a03050c4a4c273e379f,
train,no_flood,data/train/no_flood/normal_image0583.jpg,aider_raw/AIDER/normal/normal_image0583.jpg,953f4763a62d846465221ff275202473,
train,no_flood,data/train/no_flood/normal_image0588.jpg,aider_raw/AIDER/normal/normal_image0588.jpg,d5b72e103a577d959ffdbba567204c7e,
train,no_flood,data/train/no_flood/normal_image0589.jpg,aider_raw/AIDER/normal/normal_image0589.jpg,fbcdbb1912d552b96e46a9e336d51764,
train,no_flood,data/train/no_flood/normal_image0590.jpg,aider_raw/AIDER/normal/normal_image0590.jpg,2933c20ddc2139f0079d2a3e66dbd1fd,
train,no_flood,data/train/no_flood/normal_image0604.jpg,aider_raw/AIDER/normal/normal_image0604.jpg,18214870287aeb4876da856e8992aaa8,
train,no_flood,data/train/no_flood/normal_image0609.jpg,aider_raw/AIDER/normal/normal_image0609.jpg,2234b29f58690c5d87deb395a8b35ff1,
train,no_flood,data/train/no_flood/normal_image0611.jpg,aider_raw/AIDER/normal/normal_image0611.jpg,11c6f930cabf529f89a5991ef4aed90a,
train,no_flood,data/train/no_flood/normal_image0627.jpg,aider_raw/AIDER/normal/normal_image0627.jpg,ba512afb7e2f58b1da73d2b1ab617510,
train,no_flood,data/train/no_flood/normal_image0636.jpg,aider_raw/AIDER/normal/normal_image0636.jpg,f90902de19d371020946c3ad885a0b74,
train,no_flood,data/train/no_flood/normal_image0642.jpg,aider_raw/AIDER/normal/normal_image0642.jpg,cc7e8e5c3fdf323270033a492af52cc4,
train,no_flood,data/train/no_flood/normal_image0646.jpg,aider_raw/AIDER/normal/normal_image0646.jpg,2bd1a7a5cc34825a79dda5157aaf9a54,
train,no_flood,data/train/no_flood/normal_image0647.jpg,aider_raw/AIDER/normal/normal_image0647.jpg,c0b7b2788abfd77c8aa7d720bbee64eb,
train,no_flood,data/train/no_flood/normal_image0648.jpg,aider_raw/AIDER/normal/normal_image0648.jpg,b6b1c107f6c8ea5687fa5729a784afbf,
train,no_flood,data/train/no_flood/normal_image0650.jpg,aider_raw/AIDER/normal/normal_image0650.jpg,b591512c93d68c8cd36206367e0633dd,
train,no_flood,data/train/no_flood/normal_image0661.jpg,aider_raw/AIDER/normal/normal_image0661.jpg,a9e975415e83ade72aa2bb9d96dfc24c,
train,no_flood,data/train/no_flood/normal_image0663.jpg,aider_raw/AIDER/normal/normal_image0663.jpg,9c08f7aa3b5351c69c4161f7449a2e3c,
train,no_flood,data/train/no_flood/normal_image0664.jpg,aider_raw/AIDER/normal/normal_image0664.jpg,3109dd2fbece698e0b398925b35e198d,
train,no_flood,data/train/no_flood/normal_image0669.jpg,aider_raw/AIDER/normal/normal_image0669.jpg,ef9b5c39efcfcc520daba34f48d26539,
train,no_flood,data/train/no_flood/normal_image0672.jpg,aider_raw/AIDER/normal/normal_image0672.jpg,a5c5fe7e5336f0de9ec6ce0ec682ed5b,
train,no_flood,data/train/no_flood/normal_image0680.jpg,aider_raw/AIDER/normal/normal_image0680.jpg,8afe73655a0515939a3b5f8b8384f1c5,
train,no_flood,data/train/no_flood/normal_image0682.jpg,aider_raw/AIDER/normal/normal_image0682.jpg,ca8af4243b1b82074f7dd20c7f04f5f0,
train,no_flood,data/train/no_flood/normal_image0689.jpg,aider_raw/AIDER/normal/normal_image0689.jpg,c2136d6e3be978895526c88a0addc3a3,
train,no_flood,data/train/no_flood/normal_image0690.jpg,aider_raw/AIDER/normal/normal_image0690.jpg,c5eafc83986f572d57f861d25f8c20a3,
train,no_flood,data/train/no_flood/normal_image0694.jpg,aider_raw/AIDER/normal/normal_image0694.jpg,2ba1d0d5e117bceb8fda5fa59de27082,
train,no_flood,data/train/no_flood/normal_image0696.jpg,aider_raw/AIDER/normal/normal_image0696.jpg,84a24658053e565e9687460fb885f9e1,
train,no_flood,data/train/no_flood/normal_image0705.jpg,aider_raw/AIDER/normal/normal_image0705.jpg,44334cf976bb3480b208b2d38c477e48,
train,no_flood,data/train/no_flood/normal_image0718.jpg,aider_raw/AIDER/normal/normal_image0718.jpg,6006b69eff63dd5d24d3c4893f45d3bc,
train,no_flood,data/train/no_flood/normal_image0728.jpg,aider_raw/AIDER/normal/normal_image0728.jpg,a3f1b01c8a67971ec8557e3bac5c8f88,
train,no_flood,data/train/no_flood/normal_image0738.jpg,aider_raw/AIDER/normal/normal_image0738.jpg,988174f4e71562af5c0ee3071941d408,
train,no_flood,data/train/no_flood/normal_image0743.jpg,aider_raw/AIDER/normal/normal_image0743.jpg,9cfbedc9df592365a6f897f4d6bcbe22,
train,no_flood,data/train/no_flood/normal_image0748.jpg,aider_raw/AIDER/normal/normal_image0748.jpg,78d41d179c46ecb375ad738f50cdd105,
train,no_flood,data/train/no_flood/normal_image0755.jpg,aider_raw/AIDER/normal/normal_image0755.jpg,cbc05590d714eefc60933168fa55a17d,
train,no_flood,data/train/no_flood/normal_image0782.jpg,aider_raw/AIDER/normal/normal_image0782.jpg,4b8a290369bc1f228a91ee69876a3ffc,
train,no_flood,data/train/no_flood/normal_image0821.jpg,aider_raw/AIDER/normal/normal_image0821.jpg,18cbe106b7b7aa9d820b1a88bd4e8296,
train,no_flood,data/train/no_flood/normal_image0828.jpg,aider_raw/AIDER/normal/normal_image0828.jpg,3e1495dbd6b3de9774199749a9b9d83c,
train,no_flood,data/train/no_flood/normal_image0834.jpg,aider_raw/AIDER/normal/normal_image0834.jpg,b1559441b1a1d6b32b331d6ff754ec13,
train,no_flood,data/train/no_flood/normal_image0839.jpg,aider_raw/AIDER/normal/normal_image0839.jpg,d3d15e7c941459f975317829930683ec,
train,no_flood,data/train/no_flood/normal_image0850.jpg,aider_raw/AIDER/normal/normal_image0850.jpg,32a2b4eb00a5c38733f121f0982c8706,
train,no_flood,data/train/no_flood/normal_image0853.jpg,aider_raw/AIDER/normal/normal_image0853.jpg,bc409e3ba078484ad9139453f428ffd6,
train,no_flood,data/train/no_flood/normal_image0860.jpg,aider_raw/AIDER/normal/normal_image0860.jpg,1c07feac80013f4772f24061386a61b4,
train,no_flood,data/train/no_flood/normal_image0864.jpg,aider_raw/AIDER/normal/normal_image0864.jpg,181ea646b56a506983cbb56492ff4759,
train,no_flood,data/train/no_flood/normal_image0868.jpg,aider_raw/AIDER/normal/normal_image0868.jpg,c36726d36f0a0ef742543c2481257fa0,
train,no_flood,data/train/no_flood/normal_image0895.jpg,aider_raw/AIDER/normal/normal_image0895.jpg,f5926be5219e5c4818c16337d882d9f8,
train,no_flood,data/train/no_flood/normal_image0896.jpg,aider_raw/AIDER/normal/normal_image0896.jpg,3145b5f9a5bfd38bc637229e6a6c14b5,
train,no_flood,data/train/no_flood/normal_image0907.jpg,aider_raw/AIDER/normal/normal_image0907.jpg,74c0aaf84c1f719616d77803bf649aeb,
train,no_flood,data/train/no_flood/normal_image0922.jpg,aider_raw/AIDER/normal/normal_image0922.jpg,9e04b3066638567fe389c81c498fc77c,
train,no_flood,data/train/no_flood/normal_image0934.jpg,aider_raw/AIDER/normal/normal_image0934.jpg,06f2988c58e4e125affeec28c01a4943,
train,no_flood,data/train/no_flood/normal_image0935.jpg,aider_raw/AIDER/normal/normal_image0935.jpg,1497ec1481f0c962960bcfe3e54f7112,
train,no_flood,data/train/no_flood/normal_image0936.jpg,aider_raw/AIDER/normal/normal_image0936.jpg,1def6477edd1cd0ec21b2a1e5a51a180,
train,no_flood,data/train/no_flood/normal_image0940.jpg,aider_raw/AIDER/normal/normal_image0940.jpg,f26f5c783614f8888325fbe089099992,
train,no_flood,data/train/no_flood/normal_image0942.jpg,aider_raw/AIDER/normal/normal_image0942.jpg,f13f1cdce9e5b3d133177c450e4af9d5,
train,no_flood,data/train/no_flood/normal_image0943.jpg,aider_raw/AIDER/normal/normal_image0943.jpg,101441d6944aa9ff23f25ee035f494da,
train,no_flood,data/train/no_flood/normal_image0948.jpg,aider_raw/AIDER/normal/normal_image0948.jpg,c63c3438f37c36e72d8e6a0793e29683,
train,no_flood,data/train/no_flood/normal_image0952.jpg,aider_raw/AIDER/normal/normal_image0952.jpg,dae99ac1f6d1418d668900daf3dbdbf0,
train,no_flood,data/train/no_flood/normal_image0961.jpg,aider_raw/AIDER/normal/normal_image0961.jpg,ee5838795ddb478aafb0c0e375d15b62,
train,no_flood,data/train/no_flood/normal_image0967.jpg,aider_raw/AIDER/normal/normal_image0967.jpg,4479baf900d46952c50ba3172f4764bc,
train,no_flood,data/train/no_flood/normal_image0968.jpg,aider_raw/AIDER/normal/normal_image0968.jpg,0be56dfbcbe1612b8a33ad5af32542da,
train,no_flood,data/train/no_flood/normal_image0974.jpg,aider_raw/AIDER/normal/normal_image0974.jpg,d024f845be0431d151d3cb131f4e67b0,
train,no_flood,data/train/no_flood/normal_image0976.jpg,aider_raw/AIDER/normal/normal_image0976.jpg,3240eb2333825ef657a2fe104f7bc261,
train,no_flood,data/train/no_flood/normal_image0984.jpg,aider_raw/AIDER/normal/normal_image0984.jpg,fa6f0eb852132398ba8590ec209c0ceb,
train,no_flood,data/train/no_flood/normal_image0987.jpg,aider_raw/AIDER/normal/normal_image0987.jpg,66cdd909af7b6982696b1d05043e141a,
train,no_flood,data/train/no_flood/normal_image0988.jpg,aider_raw/AIDER/normal/normal_image0988.jpg,85634ae5be8116d8284b649ca4c9ab60,
train,no_flood,data/train/no_flood/normal_image0995.jpg,aider_raw/AIDER/normal/normal_image0995.jpg,7811274242f6904ba9d34989b283ee95,
train,no_flood,data/train/no_flood/normal_image0998.jpg,aider_raw/AIDER/normal/normal_image0998.jpg,92d6d443e202d7adacfebedbb64a7d5f,
train,no_flood,data/train/no_flood/normal_image1014.jpg,aider_raw/AIDER/normal/normal_image1014.jpg,0aed10fabc74f7b0fd487bd894255ad1,
train,no_flood,data/train/no_flood/normal_image1018.jpg,aider_raw/AIDER/normal/normal_image1018.jpg,81338b56df13683c692c778580c12966,
train,no_flood,data/train/no_flood/normal_image1036.jpg,aider_raw/AIDER/normal/normal_image1036.jpg,6ffee588ab54dc304fa0ef4242e9a285,
train,no_flood,data/train/no_flood/normal_image1037.jpg,aider_raw/AIDER/normal/normal_image1037.jpg,f98c33943869ea3464a61abfa2461063,
train,no_flood,data/train/no_flood/normal_image1043.jpg,aider_raw/AIDER/normal/normal_image1043.jpg,30f36fec24fb092eabc48415ec7e089a,
train,no_flood,data/train/no_flood/normal_image1046.jpg,aider_raw/AIDER/normal/normal_image1046.jpg,b4e07deecc5ee296ae496a959ed9af0d,
train,no_flood,data/train/no_flood/normal_image1047.jpg,aider_raw/AIDER/normal/normal_image1047.jpg,f92c09f5ecf70d9642eab72dbf78d13c,
train,no_flood,data/train/no_flood/normal_image1048.jpg,aider_raw/AIDER/normal/normal_image1048.jpg,f2cb7ff76e82a720f28ff1e4974f5626,
train,no_flood,data/train/no_flood/normal_image1064.jpg,aider_raw/AIDER/normal/normal_image1064.jpg,dc85954fcc2dfbab71658764dac9ef26,
train,no_flood,data/train/no_flood/normal_image1069.jpg,aider_raw/AIDER/normal/normal_image1069.jpg,f7441f888ec4bd1b2cc0613008751893,
train,no_flood,data/train/no_flood/normal_image1071.jpg,aider_raw/AIDER/normal/normal_image1071.jpg,6cfa46b23702a6ed8e907c0a9534d6a3,
train,no_flood,data/train/no_flood/normal_image1078.jpg,aider_raw/AIDER/normal/normal_image1078.jpg,04a86d25b321c165dee5efa93480f308,
train,no_flood,data/train/no_flood/normal_image1079.jpg,aider_raw/AIDER/normal/normal_image1079.jpg,9d027745522fc40c6a237cebf493f8ff,
train,no_flood,data/train/no_flood/normal_image1082.jpg,aider_raw/AIDER/normal/normal_image1082.jpg,cb93798c7fd15d232b5d7bd9c9ca1cca,
train,no_flood,data/train/no_flood/normal_image1086.jpg,aider_raw/AIDER/normal/normal_image1086.jpg,079aca74b5cca35857d50366518f4eea,
train,no_flood,data/train/no_flood/normal_image1088.jpg,aider_raw/AIDER/normal/normal_image1088.jpg,d7ea2ce4961ed897a3d6e0b93b52da57,
train,no_flood,data/train/no_flood/normal_image1097.jpg,aider_raw/AIDER/normal/normal_image1097.jpg,bf9292ead1afca8c584b1bcfea241292,
train,no_flood,data/train/no_flood/normal_image1108.jpg,aider_raw/AIDER/normal/normal_image1108.jpg,ec8dcda3bf957635bdbcace26ddd75d4,
train,no_flood,data/train/no_flood/normal_image1119.jpg,aider_raw/AIDER/normal/normal_image1119.jpg,f0892aae0eb5c1b94e0151a7232364c3,
train,no_flood,data/train/no_flood/normal_image1121.jpg,aider_raw/AIDER/normal/normal_image1121.jpg,19789db356f32e87359a661b688c7967,
train,no_flood,data/train/no_flood/normal_image1123.jpg,aider_raw/AIDER/normal/normal_image1123.jpg,58dbb13f33803dd3e17168e93f94596f,
train,no_flood,data/train/no_flood/normal_image1125.jpg,aider_raw/AIDER/normal/normal_image1125.jpg,f42b30d00425e34ffc92ed9e3ce57cbe,
train,no_flood,data/train/no_flood/normal_image1127.jpg,aider_raw/AIDER/normal/normal_image1127.jpg,9d724226b1eab1728d5a10db1290ff51,
train,no_flood,data/train/no_flood/normal_image1131.jpg,aider_raw/AIDER/normal/normal_image1131.jpg,30b9e940b8f45e5897a040bd0cba5a54,
train,no_flood,data/train/no_flood/normal_image1133.jpg,aider_raw/AIDER/normal/normal_image1133.jpg,7092f5bf8b084e59d32f2976a6b1de6f,
train,no_flood,data/train/no_flood/normal_image1141.jpg,aider_raw/AIDER/normal/normal_image1141.jpg,b47b996e7f12fef07482130af1ce1e5c,
train,no_flood,data/train/no_flood/normal_image1154.jpg,aider_raw/AIDER/normal/normal_image1154.jpg,41ec7caa9fe02a629fd2d74bdee79e1d,
train,no_flood,data/train/no_flood/normal_image1169.jpg,aider_raw/AIDER/normal/normal_image1169.jpg,2b12b7a8f0da87f52e93215a313c8d8d,
train,no_flood,data/train/no_flood/normal_image1191.jpg,aider_raw/AIDER/normal/normal_image1191.jpg,817b888d4eda560eb01c08a89098e13f,
train,no_flood,data/train/no_flood/normal_image1194.jpg,aider_raw/AIDER/normal/normal_image1194.jpg,3c5543b14f8431b41ebaf52d8880ad79,
train,no_flood,data/train/no_flood/normal_image1195.jpg,aider_raw/AIDER/normal/normal_image1195.jpg,598d0108c895c14ff1e7aa845be44797,
train,no_flood,data/train/no_flood/normal_image1209.jpg,aider_raw/AIDER/normal/normal_image1209.jpg,e7f0a2c100d6269ab5ebf7b9a7690852,
train,no_flood,data/train/no_flood/normal_image1219.jpg,aider_raw/AIDER/normal/normal_image1219.jpg,621438de556d7dbc51299e8b567cac41,
train,no_flood,data/train/no_flood/normal_image1224.jpg,aider_raw/AIDER/normal/normal_image1224.jpg,cfd8ed03957cc62b9a964131d3a640a0,
train,no_flood,data/train/no_flood/normal_image1226.jpg,aider_raw/AIDER/normal/normal_image1226.jpg,f852f91dc82cb828f8761a7bce651529,
train,no_flood,data/train/no_flood/normal_image1229.jpg,aider_raw/AIDER/normal/normal_image1229.jpg,7f7b41e230ef841a19199d2a6b3ce424,
train,no_flood,data/train/no_flood/normal_image1236.jpg,aider_raw/AIDER/normal/normal_image1236.jpg,a75a9e200505f88896c69a6ddc1eb627,
train,no_flood,data/train/no_flood/normal_image1240.jpg,aider_raw/AIDER/normal/normal_image1240.jpg,fc721cd8ae6f70857ab0fc28d45dcba7,
train,no_flood,data/train/no_flood/normal_image1263.jpg,aider_raw/AIDER/normal/normal_image1263.jpg,b61c14b19ef9bda8e8ff979e4a0dae07,
train,no_flood,data/train/no_flood/normal_image1272.jpg,aider_raw/AIDER/normal/normal_image1272.jpg,693a476ad5f7f6b5a8f09d9968a6e7ce,
train,no_flood,data/train/no_flood/normal_image1276.jpg,aider_raw/AIDER/normal/normal_image1276.jpg,bcbd3cfa3245590ef6f8b7ed9b6656cb,
train,no_flood,data/train/no_flood/normal_image1282.jpg,aider_raw/AIDER/normal/normal_image1282.jpg,1bf5633adacdc694c6ade01afe5947ba,
train,no_flood,data/train/no_flood/normal_image1283.jpg,aider_raw/AIDER/normal/normal_image1283.jpg,bccb4fce88d8825058c2a21c6fdd5aed,
train,no_flood,data/train/no_flood/normal_image1284.jpg,aider_raw/AIDER/normal/normal_image1284.jpg,04c63688cc9e2d2f5af412a36842b26d,
train,no_flood,data/train/no_flood/normal_image1297.jpg,aider_raw/AIDER/normal/normal_image1297.jpg,b7a97533923697ab7141b69140d5d265,
train,no_flood,data/train/no_flood/normal_image1298.jpg,aider_raw/AIDER/normal/normal_image1298.jpg,82e209f047ecdf0e4976240e9a33397b,
train,no_flood,data/train/no_flood/normal_image1308.jpg,aider_raw/AIDER/normal/normal_image1308.jpg,bf70a9deb7e94d062322e8b4ffcab3be,
train,no_flood,data/train/no_flood/normal_image1319.jpg,aider_raw/AIDER/normal/normal_image1319.jpg,067964aeb4986a1b0896355172e42df0,
train,no_flood,data/train/no_flood/normal_image1322.jpg,aider_raw/AIDER/normal/normal_image1322.jpg,348fcc83142ed983ae81b92382676375,
train,no_flood,data/train/no_flood/normal_image1326.jpg,aider_raw/AIDER/normal/normal_image1326.jpg,8197a6d8c468642fd0a242d00fd27ced,
train,no_flood,data/train/no_flood/normal_image1329.jpg,aider_raw/AIDER/normal/normal_image1329.jpg,98696e28fc058c3602e0c82ae50471be,
train,no_flood,data/train/no_flood/normal_image1338.jpg,aider_raw/AIDER/normal/normal_image1338.jpg,3d0b8d5caeddd8fd9b2197ca6b7abc72,
train,no_flood,data/train/no_flood/normal_image1341.jpg,aider_raw/AIDER/normal/normal_image1341.jpg,81640572b5af9f528f30f10bf19ecf63,
train,no_flood,data/train/no_flood/normal_image1342.jpg,aider_raw/AIDER/normal/normal_image1342.jpg,f6243cbaaff0e04add38bd95d88ead1e,
train,no_flood,data/train/no_flood/normal_image1343.jpg,aider_raw/AIDER/normal/normal_image1343.jpg,a222272c6e0bd122ab50d7f4fe5ab4ea,
train,no_flood,data/train/no_flood/normal_image1352.jpg,aider_raw/AIDER/normal/normal_image1352.jpg,4877187a4f1df1532a65053f5ff824ab,
train,no_flood,data/train/no_flood/normal_image1359.jpg,aider_raw/AIDER/normal/normal_image1359.jpg,1109224990efab9d3fb87521195687a9,
train,no_flood,data/train/no_flood/normal_image1363.jpg,aider_raw/AIDER/normal/normal_image1363.jpg,a503db494af397088d9ca255474d4e16,
train,no_flood,data/train/no_flood/normal_image1373.jpg,aider_raw/AIDER/normal/normal_image1373.jpg,aebccbc92f7c15602ba649a4e44f5459,
train,no_flood,data/train/no_flood/normal_image1401.jpg,aider_raw/AIDER/normal/normal_image1401.jpg,b814f359ffb38a13aff7e5d524fdb53a,
train,no_flood,data/train/no_flood/normal_image1413.jpg,aider_raw/AIDER/normal/normal_image1413.jpg,358b4c3e03a9844d97a7bb2bfefe994e,
train,no_flood,data/train/no_flood/normal_image1417.jpg,aider_raw/AIDER/normal/normal_image1417.jpg,e283bd515af69463be56cee9730a0ead,
train,no_flood,data/train/no_flood/normal_image1422.jpg,aider_raw/AIDER/normal/normal_image1422.jpg,c1d95707e9ae22f66465c871ee651172,
train,no_flood,data/train/no_flood/normal_image1425.jpg,aider_raw/AIDER/normal/normal_image1425.jpg,039ceaf273bea06dcb7887881f7516ac,
train,no_flood,data/train/no_flood/normal_image1428.jpg,aider_raw/AIDER/normal/normal_image1428.jpg,ac2cdccd635a3e68a0508dcb6388fb5e,
train,no_flood,data/train/no_flood/normal_image1436.jpg,aider_raw/AIDER/normal/normal_image1436.jpg,47e38053ea1cd3769bb5eb4e924b6d2f,
train,no_flood,data/train/no_flood/normal_image1445.jpg,aider_raw/AIDER/normal/normal_image1445.jpg,ec8967e6b59eec6f8b5cf44fa8b2ceb1,
train,no_flood,data/train/no_flood/normal_image1471.jpg,aider_raw/AIDER/normal/normal_image1471.jpg,6d111626756fb9d0cefc9b02321cd37b,
train,no_flood,data/train/no_flood/normal_image1472.jpg,aider_raw/AIDER/normal/normal_image1472.jpg,ca596ed52469e7bbdc8ddd660be0b794,
train,no_flood,data/train/no_flood/normal_image1481.jpg,aider_raw/AIDER/normal/normal_image1481.jpg,803bad161e571c520cc8d28da289b083,
train,no_flood,data/train/no_flood/normal_image1488.jpg,aider_raw/AIDER/normal/normal_image1488.jpg,e6ab8cc976656d1c2b3336d877945bc5,
train,no_flood,data/train/no_flood/normal_image1492.jpg,aider_raw/AIDER/normal/normal_image1492.jpg,b569d3e620a89fa39db71b34e22f1029,
train,no_flood,data/train/no_flood/normal_image1508.jpg,aider_raw/AIDER/normal/normal_image1508.jpg,27c125c8abb7fb968b99770ec2201cb9,
train,no_flood,data/train/no_flood/normal_image1510.jpg,aider_raw/AIDER/normal/normal_image1510.jpg,5f1e5a089e797a68b5acecf14019dad2,
train,no_flood,data/train/no_flood/normal_image1511.jpg,aider_raw/AIDER/normal/normal_image1511.jpg,0f6cc34957d7574e5804f324eeb11b28,
train,no_flood,data/train/no_flood/normal_image1512.jpg,aider_raw/AIDER/normal/normal_image1512.jpg,0066c229d5970c774e9e6a7eb7cb9716,
train,no_flood,data/train/no_flood/normal_image1535.jpg,aider_raw/AIDER/normal/normal_image1535.jpg,d46eab6ac6198807f0f906cb4eb7f04e,
train,no_flood,data/train/no_flood/normal_image1536.jpg,aider_raw/AIDER/normal/normal_image1536.jpg,2774c66dceabaa4d7b41ebe14bfdf463,
train,no_flood,data/train/no_flood/normal_image1542.jpg,aider_raw/AIDER/normal/normal_image1542.jpg,7b3983275adfeb0092fff3f2f9e0ea7a,
train,no_flood,data/train/no_flood/normal_image1557.jpg,aider_raw/AIDER/normal/normal_image1557.jpg,8a61ef110e30888b795b9eddbab2de8f,
train,no_flood,data/train/no_flood/normal_image1559.jpg,aider_raw/AIDER/normal/normal_image1559.jpg,60046cdd900a2f9d0aa4497b97a79169,
train,no_flood,data/train/no_flood/normal_image1560.jpg,aider_raw/AIDER/normal/normal_image1560.jpg,cabbd89a650de7f2fb5ccf416b8224f1,
train,no_flood,data/train/no_flood/normal_image1570.jpg,aider_raw/AIDER/normal/normal_image1570.jpg,1f543b5a312bcc3e169a29215ab1a483,
train,no_flood,data/train/no_flood/normal_image1581.jpg,aider_raw/AIDER/normal/normal_image1581.jpg,8ca8059ed02fbfb77267b7f46b1ea11b,
train,no_flood,data/train/no_flood/normal_image1590.jpg,aider_raw/AIDER/normal/normal_image1590.jpg,195db1d9fa39b21a9f92af810832b789,
train,no_flood,data/train/no_flood/normal_image1599.jpg,aider_raw/AIDER/normal/normal_image1599.jpg,23d8cce4519bde37637898d6bfff94ba,
train,no_flood,data/train/no_flood/normal_image1616.jpg,aider_raw/AIDER/normal/normal_image1616.jpg,46dec9f23fa10ebb814542645adef8e8,
train,no_flood,data/train/no_flood/normal_image1619.jpg,aider_raw/AIDER/normal/normal_image1619.jpg,4d25e88c7e4e47e1328fa12ce3c44aec,
train,no_flood,data/train/no_flood/normal_image1622.jpg,aider_raw/AIDER/normal/normal_image1622.jpg,d554fb296adcd81a35734beddd480f7f,
train,no_flood,data/train/no_flood/normal_image1623.jpg,aider_raw/AIDER/normal/normal_image1623.jpg,4e09ee731fea0b39ee65b72cc68cd07c,
train,no_flood,data/train/no_flood/normal_image1629.jpg,aider_raw/AIDER/normal/normal_image1629.jpg,1b1e61759b42b3a3d3e264b841ef90ee,
train,no_flood,data/train/no_flood/normal_image1630.jpg,aider_raw/AIDER/normal/normal_image1630.jpg,bddb23761188635cc52134855cf8e989,
train,no_flood,data/train/no_flood/normal_image1632.jpg,aider_raw/AIDER/normal/normal_image1632.jpg,b374d179752b2d1f4f90aee54d5e72bb,
train,no_flood,data/train/no_flood/normal_image1634.jpg,aider_raw/AIDER/normal/normal_image1634.jpg,2c9d99d11bd81499ea2a48a44f17b110,
train,no_flood,data/train/no_flood/normal_image1640.jpg,aider_raw/AIDER/normal/normal_image1640.jpg,11162e0bdf223e19aea012331d5eb68f,
train,no_flood,data/train/no_flood/normal_image1642.jpg,aider_raw/AIDER/normal/normal_image1642.jpg,33a53a8ab9011883e32e4e85befb21ac,
train,no_flood,data/train/no_flood/normal_image1650.jpg,aider_raw/AIDER/normal/normal_image1650.jpg,567d54e10ca7bf3e93dadbd1e171fb4b,
train,no_flood,data/train/no_flood/normal_image1654.jpg,aider_raw/AIDER/normal/normal_image1654.jpg,316973c29b701fad2ca8a82975ddd568,
train,no_flood,data/train/no_flood/normal_image1663.jpg,aider_raw/AIDER/normal/normal_image1663.jpg,e41bdb86ae404532ab6d61d7007ef9b2,
train,no_flood,data/train/no_flood/normal_image1664.jpg,aider_raw/AIDER/normal/normal_image1664.jpg,a1f14410138e019579e5e71b526ec583,
train,no_flood,data/train/no_flood/normal_image1669.jpg,aider_raw/AIDER/normal/normal_image1669.jpg,0f70515303293322b1f9d81e7abba910,
train,no_flood,data/train/no_flood/normal_image1672.jpg,aider_raw/AIDER/normal/normal_image1672.jpg,e223feb12ad6d6ffa988128b0517ea5a,
train,no_flood,data/train/no_flood/normal_image1674.jpg,aider_raw/AIDER/normal/normal_image1674.jpg,801fa58732e6f9e1ab2725a0a762ceae,
train,no_flood,data/train/no_flood/normal_image1681.jpg,aider_raw/AIDER/normal/normal_image1681.jpg,bd71e9190e6e1d34908ed52ca10859d6,
train,no_flood,data/train/no_flood/normal_image1691.jpg,aider_raw/AIDER/normal/normal_image1691.jpg,0813f0374fe54dca711ba19980a8aaee,
train,no_flood,data/train/no_flood/normal_image1693.jpg,aider_raw/AIDER/normal/normal_image1693.jpg,cced3df2443c1e0ec8a00de8402134b1,
train,no_flood,data/train/no_flood/normal_image1713.jpg,aider_raw/AIDER/normal/normal_image1713.jpg,4e6e8cb474202045c667871f293325d4,
train,no_flood,data/train/no_flood/normal_image1715.jpg,aider_raw/AIDER/normal/normal_image1715.jpg,c3d0cc5eececec3df8bb707b9d83d168,
train,no_flood,data/train/no_flood/normal_image1724.jpg,aider_raw/AIDER/normal/normal_image1724.jpg,df4cbc8c8189ae6008c5f7a191fc9b79,
train,no_flood,data/train/no_flood/normal_image1728.jpg,aider_raw/AIDER/normal/normal_image1728.jpg,703260c38d88cb583aad6196c6062bc3,
train,no_flood,data/train/no_flood/normal_image1750.jpg,aider_raw/AIDER/normal/normal_image1750.jpg,ebfa4a217185d36066f23bcfe289e547,
train,no_flood,data/train/no_flood/normal_image1754.jpg,aider_raw/AIDER/normal/normal_image1754.jpg,3669cf4efd27eeef0c7615bd09f42b42,
train,no_flood,data/train/no_flood/normal_image1761.jpg,aider_raw/AIDER/normal/normal_image1761.jpg,89c96aa742ff11877efccb9505cfb4d1,
train,no_flood,data/train/no_flood/normal_image1767.jpg,aider_raw/AIDER/normal/normal_image1767.jpg,96e37099fac61cca52d023cff48a5943,
train,no_flood,data/train/no_flood/normal_image1778.jpg,aider_raw/AIDER/normal/normal_image1778.jpg,a931d30f9f04a3c8cb94229c755057c5,
train,no_flood,data/train/no_flood/normal_image1780.jpg,aider_raw/AIDER/normal/normal_image1780.jpg,415fa1b4fc102a2b1aae084e9a2b2b28,
train,no_flood,data/train/no_flood/normal_image1781.jpg,aider_raw/AIDER/normal/normal_image1781.jpg,9544f73a05297df84cf31794c9278f97,
train,no_flood,data/train/no_flood/normal_image1786.jpg,aider_raw/AIDER/normal/normal_image1786.jpg,6d72c31d1c8080b7537042aa39c0210e,
train,no_flood,data/train/no_flood/normal_image1788.jpg,aider_raw/AIDER/normal/normal_image1788.jpg,75f57e4dcb4104d54fa5b9b98db917e2,
train,no_flood,data/train/no_flood/normal_image1796.jpg,aider_raw/AIDER/normal/normal_image1796.jpg,ce0036c1af03b0eff876166859801661,
train,no_flood,data/train/no_flood/normal_image1797.jpg,aider_raw/AIDER/normal/normal_image1797.jpg,bfeca7960ccc201753c9d49b45fb7d42,
train,no_flood,data/train/no_flood/normal_image1806.jpg,aider_raw/AIDER/normal/normal_image1806.jpg,e9bc69880ba2de2433349a3613d15170,
train,no_flood,data/train/no_flood/normal_image1807.jpg,aider_raw/AIDER/normal/normal_image1807.jpg,2ff85558a0be6601674cb884ae518d03,
train,no_flood,data/train/no_flood/normal_image1809.jpg,aider_raw/AIDER/normal/normal_image1809.jpg,bba43f919243d7a21ea8ec23c3dadd27,
train,no_flood,data/train/no_flood/normal_image1810.jpg,aider_raw/AIDER/normal/normal_image1810.jpg,ca147449f26d4ae3d0fdfdc623dc4f6c,
train,no_flood,data/train/no_flood/normal_image1813.jpg,aider_raw/AIDER/normal/normal_image1813.jpg,516d91acc027840eea6ebb5492f2f16a,
train,no_flood,data/train/no_flood/normal_image1827.jpg,aider_raw/AIDER/normal/normal_image1827.jpg,f446fb2250833682bab043cf08792a35,
train,no_flood,data/train/no_flood/normal_image1832.jpg,aider_raw/AIDER/normal/normal_image1832.jpg,d2050ae4d2dad360d654e96c7cef98a0,
train,no_flood,data/train/no_flood/normal_image1835.jpg,aider_raw/AIDER/normal/normal_image1835.jpg,11170a7f523da1c017ba70805cd6ce71,
train,no_flood,data/train/no_flood/normal_image1868.jpg,aider_raw/AIDER/normal/normal_image1868.jpg,0785cf09b8c4965cc2ae8845674b839e,
train,no_flood,data/train/no_flood/normal_image1872.jpg,aider_raw/AIDER/normal/normal_image1872.jpg,c02a585681db2311480de29082279fd0,
train,no_flood,data/train/no_flood/normal_image1873.jpg,aider_raw/AIDER/normal/normal_image1873.jpg,0b9b0df2021d9ac5c6464a14b7cbe78c,
train,no_flood,data/train/no_flood/normal_image1883.jpg,aider_raw/AIDER/normal/normal_image1883.jpg,508c83630007b552e7c9e345a8f42bc3,
train,no_flood,data/train/no_flood/normal_image1884.jpg,aider_raw/AIDER/normal/normal_image1884.jpg,50123d2d2696695e0ed736910a17854e,
train,no_flood,data/train/no_flood/normal_image1896.jpg,aider_raw/AIDER/normal/normal_image1896.jpg,ec9fdc8dfd38a0f405c70252569d6012,
train,no_flood,data/train/no_flood/normal_image1914.jpg,aider_raw/AIDER/normal/normal_image1914.jpg,df611e2faf7d8aabe6b73af9fd770468,
train,no_flood,data/train/no_flood/normal_image1921.jpg,aider_raw/AIDER/normal/normal_image1921.jpg,2f0f9da25c30c2f4f38b008afc35d68d,
train,no_flood,data/train/no_flood/normal_image1926.jpg,aider_raw/AIDER/normal/normal_image1926.jpg,8d12cdd23105eed5a0578c0026faef85,
train,no_flood,data/train/no_flood/normal_image1927.jpg,aider_raw/AIDER/normal/normal_image1927.jpg,2d59470ee7688cd8ffb4cd016471b188,
train,no_flood,data/train/no_flood/normal_image1929.jpg,aider_raw/AIDER/normal/normal_image1929.jpg,35afd6e4379042d6b543b1c1179f0d8b,
train,no_flood,data/train/no_flood/normal_image1932.jpg,aider_raw/AIDER/normal/normal_image1932.jpg,8ac94d320fa181815613d888c4c7280a,
train,no_flood,data/train/no_flood/normal_image1935.jpg,aider_raw/AIDER/normal/normal_image1935.jpg,daef708002697dfbe9cdbe821de97a0d,
train,no_flood,data/train/no_flood/normal_image1936.jpg,aider_raw/AIDER/normal/normal_image1936.jpg,4202386b8010362f5793d7d4ef45f6f8,
train,no_flood,data/train/no_flood/normal_image1937.jpg,aider_raw/AIDER/normal/normal_image1937.jpg,9c15112aecfa3d53562d77a013238ece,
train,no_flood,data/train/no_flood/normal_image1944.jpg,aider_raw/AIDER/normal/normal_image1944.jpg,69caaf66af11ebe439394352e67e1ea8,
train,no_flood,data/train/no_flood/normal_image1945.jpg,aider_raw/AIDER/normal/normal_image1945.jpg,5ea93a420cc9562f7e2f995068b69be0,
train,no_flood,data/train/no_flood/normal_image1947.jpg,aider_raw/AIDER/normal/normal_image1947.jpg,c4359661ba98d7efb6710d2320f2abcb,
train,no_flood,data/train/no_flood/normal_image1954.jpg,aider_raw/AIDER/normal/normal_image1954.jpg,9fe6159381498bb73d09e017ef431ea6,
train,no_flood,data/train/no_flood/normal_image1956.jpg,aider_raw/AIDER/normal/normal_image1956.jpg,fb572f8c9df2df2d830e276d61e433fc,
train,no_flood,data/train/no_flood/normal_image1959.jpg,aider_raw/AIDER/normal/normal_image1959.jpg,ac829765cb3069029ffe2863e6c49dd6,
train,no_flood,data/train/no_flood/normal_image1961.jpg,aider_raw/AIDER/normal/normal_image1961.jpg,dc03583e2d53f1898b3f638290f37565,
train,no_flood,data/train/no_flood/normal_image1964.jpg,aider_raw/AIDER/normal/normal_image1964.jpg,bb08943eeb7b0276e05058408d715d90,
train,no_flood,data/train/no_flood/normal_image1973.jpg,aider_raw/AIDER/normal/normal_image1973.jpg,8b6d0a11d2afccd3ecae92635a4e336b,
train,no_flood,data/train/no_flood/normal_image1978.jpg,aider_raw/AIDER/normal/normal_image1978.jpg,35c6e03a272464171c68f83d25c487aa,
train,no_flood,data/train/no_flood/normal_image1983.jpg,aider_raw/AIDER/normal/normal_image1983.jpg,719dd687a09adf641e61c830b1cb2f59,
train,no_flood,data/train/no_flood/normal_image1986.jpg,aider_raw/AIDER/normal/normal_image1986.jpg,b92734ae4bb5805f9eb063ccb3a63df0,
train,no_flood,data/train/no_flood/normal_image1989.jpg,aider_raw/AIDER/normal/normal_image1989.jpg,f72c87d97e26aa2bd149727689df187c,
train,no_flood,data/train/no_flood/normal_image1991.jpg,aider_raw/AIDER/normal/normal_image1991.jpg,80dfd7b2215ad3434124dc255f4c3990,
train,no_flood,data/train/no_flood/normal_image1995.jpg,aider_raw/AIDER/normal/normal_image1995.jpg,9b6c5505a2aeda8805e97a44007848c9,
train,no_flood,data/train/no_flood/normal_image1996.jpg,aider_raw/AIDER/normal/normal_image1996.jpg,111c60f2233b77cab9dbdbe89a46dba2,
train,no_flood,data/train/no_flood/normal_image2005.jpg,aider_raw/AIDER/normal/normal_image2005.jpg,4377329089c78f63a45f2834de123ec0,
train,no_flood,data/train/no_flood/normal_image2006.jpg,aider_raw/AIDER/normal/normal_image2006.jpg,83089c3dee48fe9b77e59a94bdbf6b56,
train,no_flood,data/train/no_flood/normal_image2009.jpg,aider_raw/AIDER/normal/normal_image2009.jpg,e2fe3aab6c634b462019a41cba9ea747,
train,no_flood,data/train/no_flood/normal_image2015.jpg,aider_raw/AIDER/normal/normal_image2015.jpg,72c7c28a42b84b78abc373ae7d776f87,
train,no_flood,data/train/no_flood/normal_image2016.jpg,aider_raw/AIDER/normal/normal_image2016.jpg,b9c0ba3a9ddf594629dc36a56d7d9131,
train,no_flood,data/train/no_flood/normal_image2022.jpg,aider_raw/AIDER/normal/normal_image2022.jpg,2435b67883d3782f67fdbb2bcd23b231,
train,no_flood,data/train/no_flood/normal_image2032.jpg,aider_raw/AIDER/normal/normal_image2032.jpg,c5811fec6fbef516a19e2277f876df77,
train,no_flood,data/train/no_flood/normal_image2037.jpg,aider_raw/AIDER/normal/normal_image2037.jpg,f758304a651997a06473a613cf225559,
train,no_flood,data/train/no_flood/normal_image2047.jpg,aider_raw/AIDER/normal/normal_image2047.jpg,89a3bfec20098477ed3e3de7876478a6,
train,no_flood,data/train/no_flood/normal_image2050.jpg,aider_raw/AIDER/normal/normal_image2050.jpg,d905a6a842080422385956e9ad56419e,
train,no_flood,data/train/no_flood/normal_image2062.jpg,aider_raw/AIDER/normal/normal_image2062.jpg,f7094161acfe77d5b09b7663b3010a46,
train,no_flood,data/train/no_flood/normal_image2069.jpg,aider_raw/AIDER/normal/normal_image2069.jpg,3bd5d887b8e5a69af6bd00bc9ae20f46,
train,no_flood,data/train/no_flood/normal_image2072.jpg,aider_raw/AIDER/normal/normal_image2072.jpg,279431b6c1dec66cff50ef24582de907,
train,no_flood,data/train/no_flood/normal_image2082.jpg,aider_raw/AIDER/normal/normal_image2082.jpg,11b89c9d1fcd994c730a1c04cd3fec4a,
train,no_flood,data/train/no_flood/normal_image2083.jpg,aider_raw/AIDER/normal/normal_image2083.jpg,7041634d750e46f85d0c4afd3285d1f8,
train,no_flood,data/train/no_flood/normal_image2088.jpg,aider_raw/AIDER/normal/normal_image2088.jpg,ca294c0b0317f01150f56a91bba5422d,
train,no_flood,data/train/no_flood/normal_image2095.jpg,aider_raw/AIDER/normal/normal_image2095.jpg,c8ecfc025c774a06b8a80a9b788b44fd,
train,no_flood,data/train/no_flood/normal_image2097.jpg,aider_raw/AIDER/normal/normal_image2097.jpg,1ac45af92efe71f85369ac9af549606a,
train,no_flood,data/train/no_flood/normal_image2113.jpg,aider_raw/AIDER/normal/normal_image2113.jpg,95af0c771db1948c8117bd85ce9fff04,
train,no_flood,data/train/no_flood/normal_image2117.jpg,aider_raw/AIDER/normal/normal_image2117.jpg,727173742ee861bdb245415aac4d5092,
train,no_flood,data/train/no_flood/normal_image2121.jpg,aider_raw/AIDER/normal/normal_image2121.jpg,c170933b043511ef235b5f022f250a51,
train,no_flood,data/train/no_flood/normal_image2123.jpg,aider_raw/AIDER/normal/normal_image2123.jpg,c7206ea2eb59cd1fde9cdfc4f148c756,
train,no_flood,data/train/no_flood/normal_image2132.jpg,aider_raw/AIDER/normal/normal_image2132.jpg,8a01320b195acd2394fac3338a7fe332,
train,no_flood,data/train/no_flood/normal_image2134.jpg,aider_raw/AIDER/normal/normal_image2134.jpg,131233afa02c5855c2c76d455cccc917,
train,no_flood,data/train/no_flood/normal_image2149.jpg,aider_raw/AIDER/normal/normal_image2149.jpg,943a8b9356bb1efac1407c69821a7699,
train,no_flood,data/train/no_flood/normal_image2150.jpg,aider_raw/AIDER/normal/normal_image2150.jpg,7f6b4a10b45a7dca062ed8038957461b,
train,no_flood,data/train/no_flood/normal_image2154.jpg,aider_raw/AIDER/normal/normal_image2154.jpg,0a932cddfbd993ad0e48b1a1c02b4512,
train,no_flood,data/train/no_flood/normal_image2158.jpg,aider_raw/AIDER/normal/normal_image2158.jpg,a3534c0fb5fc3706b671434cff7a98be,
train,no_flood,data/train/no_flood/normal_image2161.jpg,aider_raw/AIDER/normal/normal_image2161.jpg,7777d5ebfe3fc65719c0d668df9a991c,
train,no_flood,data/train/no_flood/normal_image2164.jpg,aider_raw/AIDER/normal/normal_image2164.jpg,828d5d9a15ab7454206645aee63c7b14,
train,no_flood,data/train/no_flood/normal_image2168.jpg,aider_raw/AIDER/normal/normal_image2168.jpg,9652bffa9760a71adbe5a639c13265bb,
train,no_flood,data/train/no_flood/normal_image2172.jpg,aider_raw/AIDER/normal/normal_image2172.jpg,d588e239d7b3d970674aed0c37effcc0,
train,no_flood,data/train/no_flood/normal_image2191.jpg,aider_raw/AIDER/normal/normal_image2191.jpg,cf3a0e125fc74788ea58ba3344c8a5d3,
train,no_flood,data/train/no_flood/normal_image2204.jpg,aider_raw/AIDER/normal/normal_image2204.jpg,9bf6000fb0ef48cc2459ed4ed6676cb9,
train,no_flood,data/train/no_flood/normal_image2205.jpg,aider_raw/AIDER/normal/normal_image2205.jpg,eff0d38b52013570f5ae42b5cd678593,
train,no_flood,data/train/no_flood/normal_image2209.jpg,aider_raw/AIDER/normal/normal_image2209.jpg,b007a10876b09cd1d7fff5b5035a237f,
train,no_flood,data/train/no_flood/normal_image2217.jpg,aider_raw/AIDER/normal/normal_image2217.jpg,fdb07ebe603aa5a1f99cd34bb163bb60,
train,no_flood,data/train/no_flood/normal_image2242.jpg,aider_raw/AIDER/normal/normal_image2242.jpg,88eb924891294380e1a5515aebbf72c4,
train,no_flood,data/train/no_flood/normal_image2244.jpg,aider_raw/AIDER/normal/normal_image2244.jpg,785b40b6ceec46eeddb3e4148e839f59,
train,no_flood,data/train/no_flood/normal_image2259.jpg,aider_raw/AIDER/normal/normal_image2259.jpg,44386fe954aec4b3b4b6525891ea0822,
train,no_flood,data/train/no_flood/normal_image2261.jpg,aider_raw/AIDER/normal/normal_image2261.jpg,05640a4a70c1a85534bdfcade0977212,
train,no_flood,data/train/no_flood/normal_image2262.jpg,aider_raw/AIDER/normal/normal_image2262.jpg,ab5d5184fbc510f63c0cad07eae2c6d5,
train,no_flood,data/train/no_flood/normal_image2286.jpg,aider_raw/AIDER/normal/normal_image2286.jpg,5554eaa11112cc680a61d719714d4518,
train,no_flood,data/train/no_flood/normal_image2288.jpg,aider_raw/AIDER/normal/normal_image2288.jpg,ba64bad87a299fd74bffe821595bd974,
train,no_flood,data/train/no_flood/normal_image2291.jpg,aider_raw/AIDER/normal/normal_image2291.jpg,f2bfb4c7500784fcfa293a3105067d2b,
train,no_flood,data/train/no_flood/normal_image2296.jpg,aider_raw/AIDER/normal/normal_image2296.jpg,2ede266160fcab0e036aa0df1d0937ed,
train,no_flood,data/train/no_flood/normal_image2300.jpg,aider_raw/AIDER/normal/normal_image2300.jpg,58749fffde53e515b6c5b77e07e1d126,
train,no_flood,data/train/no_flood/normal_image2301.jpg,aider_raw/AIDER/normal/normal_image2301.jpg,7a7ad70b45632943f4cb3a2601c78e16,
train,no_flood,data/train/no_flood/normal_image2308.jpg,aider_raw/AIDER/normal/normal_image2308.jpg,a4395729f6ee4ece0c48bf4ccc0e7602,
train,no_flood,data/train/no_flood/normal_image2316.jpg,aider_raw/AIDER/normal/normal_image2316.jpg,145754d8657108dad5171816b756fc3d,
train,no_flood,data/train/no_flood/normal_image2320.jpg,aider_raw/AIDER/normal/normal_image2320.jpg,090ba3003d7f27a52e122b640d81b580,
train,no_flood,data/train/no_flood/normal_image2324.jpg,aider_raw/AIDER/normal/normal_image2324.jpg,80157438d2dc00684ce250c48f04e0c5,
train,no_flood,data/train/no_flood/normal_image2325.jpg,aider_raw/AIDER/normal/normal_image2325.jpg,427103cfbb64d6561d0bd9402c92472f,
train,no_flood,data/train/no_flood/normal_image2327.jpg,aider_raw/AIDER/normal/normal_image2327.jpg,eaa1b0d9487a17faa6955691f4fe7e0f,
train,no_flood,data/train/no_flood/normal_image2330.jpg,aider_raw/AIDER/normal/normal_image2330.jpg,053faa7febeeb2612ec5c1e9e98da554,
train,no_flood,data/train/no_flood/normal_image2338.jpg,aider_raw/AIDER/normal/normal_image2338.jpg,141485efde63d5e6bd7f4e8f738ebf3a,
train,no_flood,data/train/no_flood/normal_image2339.jpg,aider_raw/AIDER/normal/normal_image2339.jpg,b3b3e5670e98006ed4ac0c77c1432ac8,
train,no_flood,data/train/no_flood/normal_image2341.jpg,aider_raw/AIDER/normal/normal_image2341.jpg,c9f200c776c29fc73b9aada815afdde2,
train,no_flood,data/train/no_flood/normal_image2355.jpg,aider_raw/AIDER/normal/normal_image2355.jpg,a7036fff8bad2e4e340fa1f07f59dc5f,
train,no_flood,data/train/no_flood/normal_image2384.jpg,aider_raw/AIDER/normal/normal_image2384.jpg,5f8aefc2f224b6c4cd9eb3bd86cea514,
train,no_flood,data/train/no_flood/normal_image2405.jpg,aider_raw/AIDER/normal/normal_image2405.jpg,18d9a3f2af80a7d2b5b17374c356ed64,
train,no_flood,data/train/no_flood/normal_image2407.jpg,aider_raw/AIDER/normal/normal_image2407.jpg,df6a5586ef41701247ad20284bb49f0e,
train,no_flood,data/train/no_flood/normal_image2414.jpg,aider_raw/AIDER/normal/normal_image2414.jpg,01de16f21b1fb17d9601b28a0e933319,
train,no_flood,data/train/no_flood/normal_image2415.jpg,aider_raw/AIDER/normal/normal_image2415.jpg,a3ce9274a1e0fc85801aa92ccf55e5b8,
train,no_flood,data/train/no_flood/normal_image2423.jpg,aider_raw/AIDER/normal/normal_image2423.jpg,72456aade23f48c376b6d82e4498f09d,
train,no_flood,data/train/no_flood/normal_image2435.jpg,aider_raw/AIDER/normal/normal_image2435.jpg,e0061360d93218f794f6f90b37bc676e,
train,no_flood,data/train/no_flood/normal_image2438.jpg,aider_raw/AIDER/normal/normal_image2438.jpg,a2f80c246f6dc160d58d15e4c81bcbb0,
train,no_flood,data/train/no_flood/normal_image2441.jpg,aider_raw/AIDER/normal/normal_image2441.jpg,f03f267d5708d039433901fb06758113,
train,no_flood,data/train/no_flood/normal_image2455.jpg,aider_raw/AIDER/normal/normal_image2455.jpg,ed41f31b59b7d7735bb4b41e42fb9064,
train,no_flood,data/train/no_flood/normal_image2460.jpg,aider_raw/AIDER/normal/normal_image2460.jpg,b250c52127c63639ea002cdd27d43bc1,
train,no_flood,data/train/no_flood/normal_image2464.jpg,aider_raw/AIDER/normal/normal_image2464.jpg,0e368aeed7452402e26cbc1c480be9cf,
train,no_flood,data/train/no_flood/normal_image2465.jpg,aider_raw/AIDER/normal/normal_image2465.jpg,8b67805062e264ec3129df5e2e658918,
train,no_flood,data/train/no_flood/normal_image2470.jpg,aider_raw/AIDER/normal/normal_image2470.jpg,a1934c12c3e5f4c075ffef2d538c1f83,
train,no_flood,data/train/no_flood/normal_image2485.jpg,aider_raw/AIDER/normal/normal_image2485.jpg,d2f30db2987ce334e11e2a05a4c6c01b,
train,no_flood,data/train/no_flood/normal_image2489.jpg,aider_raw/AIDER/normal/normal_image2489.jpg,19a88d71d077ae25708ec26f607a9ad9,
train,no_flood,data/train/no_flood/normal_image2492.jpg,aider_raw/AIDER/normal/normal_image2492.jpg,a2f6c21f84b8f657ccbb82e219913106,
train,no_flood,data/train/no_flood/normal_image2509.jpg,aider_raw/AIDER/normal/normal_image2509.jpg,92100123b3fa91c37ec74eeb1f525b5a,
train,no_flood,data/train/no_flood/normal_image2513.jpg,aider_raw/AIDER/normal/normal_image2513.jpg,8324401e21cfa9afcee859c139095033,
train,no_flood,data/train/no_flood/normal_image2514.jpg,aider_raw/AIDER/normal/normal_image2514.jpg,cd25da5bcf7e1d37dbad53aa8998cf60,
train,no_flood,data/train/no_flood/normal_image2517.jpg,aider_raw/AIDER/normal/normal_image2517.jpg,5629d05180e97ed0a2b0776200e750ed,
train,no_flood,data/train/no_flood/normal_image2534.jpg,aider_raw/AIDER/normal/normal_image2534.jpg,89c8ded69df13f3f91966d18f0ed31ad,
train,no_flood,data/train/no_flood/normal_image2538.jpg,aider_raw/AIDER/normal/normal_image2538.jpg,56d78dbc3ae8451f865fd065185cdb44,
train,no_flood,data/train/no_flood/normal_image2544.jpg,aider_raw/AIDER/normal/normal_image2544.jpg,5ce2da46badd78702410c326eba59494,
train,no_flood,data/train/no_flood/normal_image2552.jpg,aider_raw/AIDER/normal/normal_image2552.jpg,215fc4e623c771069e5cba241eb5ed72,
train,no_flood,data/train/no_flood/normal_image2557.jpg,aider_raw/AIDER/normal/normal_image2557.jpg,384b6ae36591b11c58f4444bb3107d6c,
train,no_flood,data/train/no_flood/normal_image2559.jpg,aider_raw/AIDER/normal/normal_image2559.jpg,d7d59df91026450c05b016b43be87998,
train,no_flood,data/train/no_flood/normal_image2565.jpg,aider_raw/AIDER/normal/normal_image2565.jpg,63620683166dca27205c5cb89ca61a14,
train,no_flood,data/train/no_flood/normal_image2571.jpg,aider_raw/AIDER/normal/normal_image2571.jpg,f47a294a21c4fde2ebd496256e0919ad,
train,no_flood,data/train/no_flood/normal_image2573.jpg,aider_raw/AIDER/normal/normal_image2573.jpg,895b6280989defe7aa3d9d81afc24b11,
train,no_flood,data/train/no_flood/normal_image2577.jpg,aider_raw/AIDER/normal/normal_image2577.jpg,7be0a9521f6e45e12151adf670aef6ac,
train,no_flood,data/train/no_flood/normal_image2579.jpg,aider_raw/AIDER/normal/normal_image2579.jpg,9a7944ef51d3c42e892a6cc9702c02a5,
train,no_flood,data/train/no_flood/normal_image2610.jpg,aider_raw/AIDER/normal/normal_image2610.jpg,e27061d13edfed81abdd06d2a9dec685,
train,no_flood,data/train/no_flood/normal_image2613.jpg,aider_raw/AIDER/normal/normal_image2613.jpg,0616c0cc855aa3733e9efd2fda369da0,
train,no_flood,data/train/no_flood/normal_image2622.jpg,aider_raw/AIDER/normal/normal_image2622.jpg,510f94f4710ea09f6dd628d9870b9143,
train,no_flood,data/train/no_flood/normal_image2624.jpg,aider_raw/AIDER/normal/normal_image2624.jpg,f229ab95749d9ad8ca12a3b66b252f62,
train,no_flood,data/train/no_flood/normal_image2627.jpg,aider_raw/AIDER/normal/normal_image2627.jpg,0fe2c7f789bfa3e3842f5284ba42c4a1,
train,no_flood,data/train/no_flood/normal_image2632.jpg,aider_raw/AIDER/normal/normal_image2632.jpg,7af8f65554532c4075228833b057f17f,
train,no_flood,data/train/no_flood/normal_image2635.jpg,aider_raw/AIDER/normal/normal_image2635.jpg,9286944b011ab6a93e03a786a4c3d7f6,
train,no_flood,data/train/no_flood/normal_image2636.jpg,aider_raw/AIDER/normal/normal_image2636.jpg,d49165d19a0f2007430c72fe1255fed3,
train,no_flood,data/train/no_flood/normal_image2645.jpg,aider_raw/AIDER/normal/normal_image2645.jpg,73dafa8ef709f887fa50ecc441c5cb9f,
train,no_flood,data/train/no_flood/normal_image2648.jpg,aider_raw/AIDER/normal/normal_image2648.jpg,0ceb79499c5b802eb83e602243496cca,
train,no_flood,data/train/no_flood/normal_image2653.jpg,aider_raw/AIDER/normal/normal_image2653.jpg,0a2fb20c26ce6d0d335c6bf96443e229,
train,no_flood,data/train/no_flood/normal_image2660.jpg,aider_raw/AIDER/normal/normal_image2660.jpg,7513f51308f21313f73915c7ebc9f79d,
train,no_flood,data/train/no_flood/normal_image2661.jpg,aider_raw/AIDER/normal/normal_image2661.jpg,0349fc7b428f141bdd6bc26d3bd77046,
train,no_flood,data/train/no_flood/normal_image2676.jpg,aider_raw/AIDER/normal/normal_image2676.jpg,399a9fca0a204a092b22432928381c6c,
train,no_flood,data/train/no_flood/normal_image2685.jpg,aider_raw/AIDER/normal/normal_image2685.jpg,e230734799efe219efd129c818a0b20b,
train,no_flood,data/train/no_flood/normal_image2687.jpg,aider_raw/AIDER/normal/normal_image2687.jpg,72706e46b377d5ea1fa0d56c9efcabd5,
train,no_flood,data/train/no_flood/normal_image2690.jpg,aider_raw/AIDER/normal/normal_image2690.jpg,7fcb70a164908f23ade53f13b64eab25,
train,no_flood,data/train/no_flood/normal_image2692.jpg,aider_raw/AIDER/normal/normal_image2692.jpg,9f0ec804f5be6122306c1ec421d902e8,
train,no_flood,data/train/no_flood/normal_image2693.jpg,aider_raw/AIDER/normal/normal_image2693.jpg,52876e2a2a1c5fcf0f33062993acc7cc,
train,no_flood,data/train/no_flood/normal_image2695.jpg,aider_raw/AIDER/normal/normal_image2695.jpg,f6f2beccffd48e321c5faa207234b576,
train,no_flood,data/train/no_flood/normal_image2697.jpg,aider_raw/AIDER/normal/normal_image2697.jpg,02868432ecc09c118af5ed76b1d75471,
train,no_flood,data/train/no_flood/normal_image2708.jpg,aider_raw/AIDER/normal/normal_image2708.jpg,ca9be239e3cd475e0c2ccc813f6ecdf0,
train,no_flood,data/train/no_flood/normal_image2712.jpg,aider_raw/AIDER/normal/normal_image2712.jpg,5471631a5535c964de4e676f6b5a87d4,
train,no_flood,data/train/no_flood/normal_image2718.jpg,aider_raw/AIDER/normal/normal_image2718.jpg,de1bbc7be8aacb1aa0f3d69c513ddec8,
train,no_flood,data/train/no_flood/normal_image2725.jpg,aider_raw/AIDER/normal/normal_image2725.jpg,de24b3da3985607ef050e28fb94cd358,
train,no_flood,data/train/no_flood/normal_image2730.jpg,aider_raw/AIDER/normal/normal_image2730.jpg,652c54e49db39b6052e3aad5787dd4dc,
train,no_flood,data/train/no_flood/normal_image2735.jpg,aider_raw/AIDER/normal/normal_image2735.jpg,7d892e337d71a556bc73e0e4b45a0301,
train,no_flood,data/train/no_flood/normal_image2738.jpg,aider_raw/AIDER/normal/normal_image2738.jpg,72d63ef0ab0feb4337e68a8130fc469d,
train,no_flood,data/train/no_flood/normal_image2741.jpg,aider_raw/AIDER/normal/normal_image2741.jpg,3184d1947b749748c731dce73000d719,
train,no_flood,data/train/no_flood/normal_image2747.jpg,aider_raw/AIDER/normal/normal_image2747.jpg,9e030bd5a0f021e199dc6294fe45adde,
train,no_flood,data/train/no_flood/normal_image2755.jpg,aider_raw/AIDER/normal/normal_image2755.jpg,95ad014970b8ac5b52fb43de79f2956c,
train,no_flood,data/train/no_flood/normal_image2756.jpg,aider_raw/AIDER/normal/normal_image2756.jpg,95f6309a4d8df097b021990436ffb39b,
train,no_flood,data/train/no_flood/normal_image2764.jpg,aider_raw/AIDER/normal/normal_image2764.jpg,7c1d4b76c72f5b48774cd5bd37aa5f2d,
train,no_flood,data/train/no_flood/normal_image2765.jpg,aider_raw/AIDER/normal/normal_image2765.jpg,e0bcd1527395e695a6e8b285ffee848d,
train,no_flood,data/train/no_flood/normal_image2772.jpg,aider_raw/AIDER/normal/normal_image2772.jpg,111abfb0014a48aaca2b9b72bc6f774d,
train,no_flood,data/train/no_flood/normal_image2779.jpg,aider_raw/AIDER/normal/normal_image2779.jpg,4a41c0992984b321cd3fb6201674d460,
train,no_flood,data/train/no_flood/normal_image2783.jpg,aider_raw/AIDER/normal/normal_image2783.jpg,b413688dbca077077aa326455ed655e7,
train,no_flood,data/train/no_flood/normal_image2785.jpg,aider_raw/AIDER/normal/normal_image2785.jpg,b989ac10262ba5090511542081255127,
train,no_flood,data/train/no_flood/normal_image2791.jpg,aider_raw/AIDER/normal/normal_image2791.jpg,4e7c3577156f1786bd17cffd768f4a9c,
train,no_flood,data/train/no_flood/normal_image2792.jpg,aider_raw/AIDER/normal/normal_image2792.jpg,0630659ccad8c8a6c6ba1d7d2c319625,
train,no_flood,data/train/no_flood/normal_image2794.jpg,aider_raw/AIDER/normal/normal_image2794.jpg,b1c93eaa4505839b91b055ca75784c0e,
train,no_flood,data/train/no_flood/normal_image2799.jpg,aider_raw/AIDER/normal/normal_image2799.jpg,8197970426984f24769b7a5b60fb668a,
train,no_flood,data/train/no_flood/normal_image2810.jpg,aider_raw/AIDER/normal/normal_image2810.jpg,ba7c4776eddb9f77fff382c9558dcb91,
train,no_flood,data/train/no_flood/normal_image2819.jpg,aider_raw/AIDER/normal/normal_image2819.jpg,8286e7763958424a270483c73f8533c5,
train,no_flood,data/train/no_flood/normal_image2820.jpg,aider_raw/AIDER/normal/normal_image2820.jpg,af6e61acab01bb786341e5dfda2de0b8,
train,no_flood,data/train/no_flood/normal_image2825.jpg,aider_raw/AIDER/normal/normal_image2825.jpg,081573942dbf21bc8577f324b31a1e2c,
train,no_flood,data/train/no_flood/normal_image2830.jpg,aider_raw/AIDER/normal/normal_image2830.jpg,82e580545f040eafc3b0922c0ff098d1,
train,no_flood,data/train/no_flood/normal_image2840.jpg,aider_raw/AIDER/normal/normal_image2840.jpg,56b04c2e5a5d52c40c66171ba4f135fb,
train,no_flood,data/train/no_flood/normal_image2845.jpg,aider_raw/AIDER/normal/normal_image2845.jpg,1073f24f3e81c49ead046650aae3f8a8,
train,no_flood,data/train/no_flood/normal_image2847.jpg,aider_raw/AIDER/normal/normal_image2847.jpg,7fb5873a89ca18d72662dc62b6659d8f,
train,no_flood,data/train/no_flood/normal_image2851.jpg,aider_raw/AIDER/normal/normal_image2851.jpg,baac96689a646035fd66265b8d88474e,
train,no_flood,data/train/no_flood/normal_image2854.jpg,aider_raw/AIDER/normal/normal_image2854.jpg,4653722fe6eecb4103b72c38ad86413e,
train,no_flood,data/train/no_flood/normal_image2856.jpg,aider_raw/AIDER/normal/normal_image2856.jpg,b4ba9edebe58720304d3896c8e416a08,
train,no_flood,data/train/no_flood/normal_image2859.jpg,aider_raw/AIDER/normal/normal_image2859.jpg,00456f296e21b1c326de997722ab3e2c,
train,no_flood,data/train/no_flood/normal_image2860.jpg,aider_raw/AIDER/normal/normal_image2860.jpg,44567f3ce0c42e3d2a89dfe1ab880255,
train,no_flood,data/train/no_flood/normal_image2874.jpg,aider_raw/AIDER/normal/normal_image2874.jpg,a3ac264cf51592909e5563d87d736632,
train,no_flood,data/train/no_flood/normal_image2880.jpg,aider_raw/AIDER/normal/normal_image2880.jpg,dae6c849a92b3bb0be899914be46a258,
train,no_flood,data/train/no_flood/normal_image2885.jpg,aider_raw/AIDER/normal/normal_image2885.jpg,cc871d8e0cb456fdb598fd3ef3e16116,
train,no_flood,data/train/no_flood/normal_image2909.jpg,aider_raw/AIDER/normal/normal_image2909.jpg,f658e879a5262599ffa1f7b9104ec38b,
train,no_flood,data/train/no_flood/normal_image2917.jpg,aider_raw/AIDER/normal/normal_image2917.jpg,bd7365c57b41fd504bbf07d8e81cb963,
train,no_flood,data/train/no_flood/normal_image2928.jpg,aider_raw/AIDER/normal/normal_image2928.jpg,349ea0a7350e76b6a9c3938c7efdfe70,
train,no_flood,data/train/no_flood/normal_image2931.jpg,aider_raw/AIDER/normal/normal_image2931.jpg,99b75a3e6405aca8fbc55331f40685f7,
train,no_flood,data/train/no_flood/normal_image2932.jpg,aider_raw/AIDER/normal/normal_image2932.jpg,0965a8ede32d61f67f1df06eb82a260c,
train,no_flood,data/train/no_flood/normal_image2942.jpg,aider_raw/AIDER/normal/normal_image2942.jpg,415acb75b528483eab1e4345a487c09a,
train,no_flood,data/train/no_flood/normal_image2948.jpg,aider_raw/AIDER/normal/normal_image2948.jpg,68e8f96170f650bbe7f28b1300f6c7fe,
train,no_flood,data/train/no_flood/normal_image2951.jpg,aider_raw/AIDER/normal/normal_image2951.jpg,110c554a4d18ba81cc242bf6f57cabd8,
train,no_flood,data/train/no_flood/normal_image2957.jpg,aider_raw/AIDER/normal/normal_image2957.jpg,1482ebe8a7ec6bd0165fa0df51ac6dc8,
train,no_flood,data/train/no_flood/normal_image2966.jpg,aider_raw/AIDER/normal/normal_image2966.jpg,19cf941d737631f6ab1efbbff1f0bbe6,
train,no_flood,data/train/no_flood/normal_image2972.jpg,aider_raw/AIDER/normal/normal_image2972.jpg,a83e61beef1fe19942cabf6884d1f376,
train,no_flood,data/train/no_flood/normal_image2976.jpg,aider_raw/AIDER/normal/normal_image2976.jpg,be8fd723eefe8978e1e1f4ee35e7e22e,
train,no_flood,data/train/no_flood/normal_image2987.jpg,aider_raw/AIDER/normal/normal_image2987.jpg,a79ca7b00402ae8a01be7dae3e215e36,
train,no_flood,data/train/no_flood/normal_image2995.jpg,aider_raw/AIDER/normal/normal_image2995.jpg,2c03e1ef5c7cc9e8eb165580d66ae113,
train,no_flood,data/train/no_flood/normal_image2997.jpg,aider_raw/AIDER/normal/normal_image2997.jpg,9854d5a4ce092245e2e61f7d7022228f,
train,no_flood,data/train/no_flood/normal_image3001.jpg,aider_raw/AIDER/normal/normal_image3001.jpg,81cf226ccd3055644ffd2d14f00ed9a7,
train,no_flood,data/train/no_flood/normal_image3005.jpg,aider_raw/AIDER/normal/normal_image3005.jpg,ab7cbce1831bb2de048b171c34ab9afc,
train,no_flood,data/train/no_flood/normal_image3006.jpg,aider_raw/AIDER/normal/normal_image3006.jpg,15bd94920c1e0b2ad8c8425bc0cbb070,
train,no_flood,data/train/no_flood/normal_image3012.jpg,aider_raw/AIDER/normal/normal_image3012.jpg,4d0739505c5fc016f287ff20042139d9,
train,no_flood,data/train/no_flood/normal_image3018.jpg,aider_raw/AIDER/normal/normal_image3018.jpg,cc3fa82a6c84cee247c214f120f08852,
train,no_flood,data/train/no_flood/normal_image3021.jpg,aider_raw/AIDER/normal/normal_image3021.jpg,9122a75dffd0345cedaa71e36ee192e5,
train,no_flood,data/train/no_flood/normal_image3027.jpg,aider_raw/AIDER/normal/normal_image3027.jpg,d8482dd2d57df0a13556220a213739c6,
train,no_flood,data/train/no_flood/normal_image3031.jpg,aider_raw/AIDER/normal/normal_image3031.jpg,c10dd28adb64eadaf1307133e28aad1d,
train,no_flood,data/train/no_flood/normal_image3045.jpg,aider_raw/AIDER/normal/normal_image3045.jpg,dfeb8b994b08a427fc524feeac0d1b14,
train,no_flood,data/train/no_flood/normal_image3048.jpg,aider_raw/AIDER/normal/normal_image3048.jpg,9392b20d79a6aa59dca10c2ad6cb207c,
train,no_flood,data/train/no_flood/normal_image3049.jpg,aider_raw/AIDER/normal/normal_image3049.jpg,bd75f970adf536b60449cc4ea650b6e6,
train,no_flood,data/train/no_flood/normal_image3052.jpg,aider_raw/AIDER/normal/normal_image3052.jpg,f6873f88aebd7c3e8d7f7cc4f67578be,
train,no_flood,data/train/no_flood/normal_image3068.jpg,aider_raw/AIDER/normal/normal_image3068.jpg,239839e071b9bdfd6910944042e8f470,
train,no_flood,data/train/no_flood/normal_image3070.jpg,aider_raw/AIDER/normal/normal_image3070.jpg,f1179e15393258425a43d89e3605e48f,
train,no_flood,data/train/no_flood/normal_image3072.jpg,aider_raw/AIDER/normal/normal_image3072.jpg,f66ccd04fe7bf11c8b7664aea0253206,
train,no_flood,data/train/no_flood/normal_image3076.jpg,aider_raw/AIDER/normal/normal_image3076.jpg,e3eab45cb6e1a3159a1ddaccaa12b9d2,
train,no_flood,data/train/no_flood/normal_image3094.jpg,aider_raw/AIDER/normal/normal_image3094.jpg,0c0eb6853b794bd3d355c393c9cc89fb,
train,no_flood,data/train/no_flood/normal_image3105.jpg,aider_raw/AIDER/normal/normal_image3105.jpg,cbcb404a9019dec6f977bc7ca51effdc,
train,no_flood,data/train/no_flood/normal_image3115.jpg,aider_raw/AIDER/normal/normal_image3115.jpg,c8cc9831418e342d9613006ee32967f7,
train,no_flood,data/train/no_flood/normal_image3121.jpg,aider_raw/AIDER/normal/normal_image3121.jpg,af00939cfbf7f9263f69e265a0c0ddae,
train,no_flood,data/train/no_flood/normal_image3125.jpg,aider_raw/AIDER/normal/normal_image3125.jpg,5ceccc8f932ef05dc32897244525597d,
train,no_flood,data/train/no_flood/normal_image3127.jpg,aider_raw/AIDER/normal/normal_image3127.jpg,f64ec962de707215d034d8c8d2168918,
train,no_flood,data/train/no_flood/normal_image3147.jpg,aider_raw/AIDER/normal/normal_image3147.jpg,5f1a9fd7e8ff3901eee7b975ce763e32,
train,no_flood,data/train/no_flood/normal_image3150.jpg,aider_raw/AIDER/normal/normal_image3150.jpg,1f4785718fdb46644970ea55bb5435f8,
train,no_flood,data/train/no_flood/normal_image3159.jpg,aider_raw/AIDER/normal/normal_image3159.jpg,6d38b09e4717cce1beb7c680aacc22c5,
train,no_flood,data/train/no_flood/normal_image3169.jpg,aider_raw/AIDER/normal/normal_image3169.jpg,13f8e067b1e81bfce73a77b41314b8d4,
train,no_flood,data/train/no_flood/normal_image3185.jpg,aider_raw/AIDER/normal/normal_image3185.jpg,5c14117bc715102707441ffed53667f1,
train,no_flood,data/train/no_flood/normal_image3191.jpg,aider_raw/AIDER/normal/normal_image3191.jpg,933dadd0710566a93f032d89591ae130,
train,no_flood,data/train/no_flood/normal_image3192.jpg,aider_raw/AIDER/normal/normal_image3192.jpg,cef151a01add0fe69a099a3fc10bf40d,
train,no_flood,data/train/no_flood/normal_image3201.jpg,aider_raw/AIDER/normal/normal_image3201.jpg,b5bb9a70641f23d24a052fdc98291b31,
train,no_flood,data/train/no_flood/normal_image3203.jpg,aider_raw/AIDER/normal/normal_image3203.jpg,9cd646a412747ecbb7b537636f13b86a,
train,no_flood,data/train/no_flood/normal_image3212.jpg,aider_raw/AIDER/normal/normal_image3212.jpg,a397fe3b7bfbb9392ce74fa78bc8ab83,
train,no_flood,data/train/no_flood/normal_image3218.jpg,aider_raw/AIDER/normal/normal_image3218.jpg,3873039e39e25f0e95128801a59a1a2a,
train,no_flood,data/train/no_flood/normal_image3229.jpg,aider_raw/AIDER/normal/normal_image3229.jpg,e0660017a6f94ef98c377b1138e33950,
train,no_flood,data/train/no_flood/normal_image3230.jpg,aider_raw/AIDER/normal/normal_image3230.jpg,bde23e6abba5ea8fceafbc7a8346b424,
train,no_flood,data/train/no_flood/normal_image3239.jpg,aider_raw/AIDER/normal/normal_image3239.jpg,6aa07b5de2620c399d7dfca8be49dcf1,
train,no_flood,data/train/no_flood/normal_image3241.jpg,aider_raw/AIDER/normal/normal_image3241.jpg,eee42d514b54d25683b70083fc4b2ff5,
train,no_flood,data/train/no_flood/normal_image3247.jpg,aider_raw/AIDER/normal/normal_image3247.jpg,c904e95ba62349b67581784543e46cc2,
train,no_flood,data/train/no_flood/normal_image3248.jpg,aider_raw/AIDER/normal/normal_image3248.jpg,1b8cb759b923c55843081c0e84a548ed,
train,no_flood,data/train/no_flood/normal_image3249.jpg,aider_raw/AIDER/normal/normal_image3249.jpg,17fc894ddc8ac957dec976f576176c61,
train,no_flood,data/train/no_flood/normal_image3252.jpg,aider_raw/AIDER/normal/normal_image3252.jpg,292b36fe79ddbb509c4bdb401798bc17,
train,no_flood,data/train/no_flood/normal_image3253.jpg,aider_raw/AIDER/normal/normal_image3253.jpg,24b2aac74ea083dd2c03b9c404ebafa4,
train,no_flood,data/train/no_flood/normal_image3255.jpg,aider_raw/AIDER/normal/normal_image3255.jpg,361692b85744a453ad73a6f50f6ae384,
train,no_flood,data/train/no_flood/normal_image3256.jpg,aider_raw/AIDER/normal/normal_image3256.jpg,53dbfca9e6978a40f5e1e4987e8bce30,
train,no_flood,data/train/no_flood/normal_image3257.jpg,aider_raw/AIDER/normal/normal_image3257.jpg,496f53d4f8a467f01b640f036a4f08da,
train,no_flood,data/train/no_flood/normal_image3260.jpg,aider_raw/AIDER/normal/normal_image3260.jpg,2c8388d616f423e92e750a1930b2cb8c,
train,no_flood,data/train/no_flood/normal_image3262.jpg,aider_raw/AIDER/normal/normal_image3262.jpg,28251d5c82cfb5a32904dc49b6f13b1a,
train,no_flood,data/train/no_flood/normal_image3267.jpg,aider_raw/AIDER/normal/normal_image3267.jpg,3b1fdb7332321558b54294091e768712,
train,no_flood,data/train/no_flood/normal_image3269.jpg,aider_raw/AIDER/normal/normal_image3269.jpg,97130833224f250a7e2860bbbae12875,
train,no_flood,data/train/no_flood/normal_image3284.jpg,aider_raw/AIDER/normal/normal_image3284.jpg,d9e8ab5a2c564b8a1fb8a43e9b4fd518,
train,no_flood,data/train/no_flood/normal_image3285.jpg,aider_raw/AIDER/normal/normal_image3285.jpg,592a3363c081314e20de11e0ccb2425d,
train,no_flood,data/train/no_flood/normal_image3288.jpg,aider_raw/AIDER/normal/normal_image3288.jpg,a59b7843cd130785b0ac8bb458c6f5d3,
train,no_flood,data/train/no_flood/normal_image3289.jpg,aider_raw/AIDER/normal/normal_image3289.jpg,9e0ead8317d2b9af7417a908662dd7b1,
train,no_flood,data/train/no_flood/normal_image3294.jpg,aider_raw/AIDER/normal/normal_image3294.jpg,1f97b9ae7f224696c2555addcf3ce6e0,
train,no_flood,data/train/no_flood/normal_image3301.jpg,aider_raw/AIDER/normal/normal_image3301.jpg,587142206cae912532963bc156b587b2,
train,no_flood,data/train/no_flood/normal_image3317.jpg,aider_raw/AIDER/normal/normal_image3317.jpg,e2b93f17c1abfa88677e4af5e6887617,
train,no_flood,data/train/no_flood/normal_image3321.jpg,aider_raw/AIDER/normal/normal_image3321.jpg,f13dca623e6ab0a68e9269bb986c49d3,
train,no_flood,data/train/no_flood/normal_image3327.jpg,aider_raw/AIDER/normal/normal_image3327.jpg,27bbbcffa0f9f3069102d8c2d6cc6115,
train,no_flood,data/train/no_flood/normal_image3330.jpg,aider_raw/AIDER/normal/normal_image3330.jpg,cee128e675fa7ad53eeea66d80e141f3,
train,no_flood,data/train/no_flood/normal_image3338.jpg,aider_raw/AIDER/normal/normal_image3338.jpg,de2ad1da2af4cb78a7de4aaae4127cfe,
train,no_flood,data/train/no_flood/normal_image3347.jpg,aider_raw/AIDER/normal/normal_image3347.jpg,225602d75bdea1302b0418e64de93987,
train,no_flood,data/train/no_flood/normal_image3369.jpg,aider_raw/AIDER/normal/normal_image3369.jpg,6e393a14bdefe1cde16bcc8fc9b10e3c,
train,no_flood,data/train/no_flood/normal_image3374.jpg,aider_raw/AIDER/normal/normal_image3374.jpg,ec3ce49f5980e3bb5363dc690823250b,
train,no_flood,data/train/no_flood/normal_image3381.jpg,aider_raw/AIDER/normal/normal_image3381.jpg,b7b450895e0e60232e60d471c1e50fe9,
train,no_flood,data/train/no_flood/normal_image3382.jpg,aider_raw/AIDER/normal/normal_image3382.jpg,0ae700b9e88739b51a9bdc59c4f49541,
train,no_flood,data/train/no_flood/normal_image3385.jpg,aider_raw/AIDER/normal/normal_image3385.jpg,94bdc26159f39ab1e0e6d1febdf291ff,
train,no_flood,data/train/no_flood/normal_image3386.jpg,aider_raw/AIDER/normal/normal_image3386.jpg,6021b017e3d35d613a461c795e11a534,
train,no_flood,data/train/no_flood/normal_image3394.jpg,aider_raw/AIDER/normal/normal_image3394.jpg,9d3c0e4767854bc41c33578edcc4f84f,
train,no_flood,data/train/no_flood/normal_image3399.jpg,aider_raw/AIDER/normal/normal_image3399.jpg,64655056c08115887370542ce38d801c,
train,no_flood,data/train/no_flood/normal_image3400.jpg,aider_raw/AIDER/normal/normal_image3400.jpg,43fe125d570e3b72b388c25617f94899,
train,no_flood,data/train/no_flood/normal_image3405.jpg,aider_raw/AIDER/normal/normal_image3405.jpg,7bd6b6c4b63005b3c088cb56dd036320,
train,no_flood,data/train/no_flood/normal_image3406.jpg,aider_raw/AIDER/normal/normal_image3406.jpg,1e97188298335339220397915a7f5e55,
train,no_flood,data/train/no_flood/normal_image3418.jpg,aider_raw/AIDER/normal/normal_image3418.jpg,286be06256832f60b9ebc90c4f6c390f,
train,no_flood,data/train/no_flood/normal_image3420.jpg,aider_raw/AIDER/normal/normal_image3420.jpg,4079ee160b0ab9d1f6de82dfc671ec85,
train,no_flood,data/train/no_flood/normal_image3421.jpg,aider_raw/AIDER/normal/normal_image3421.jpg,25206dbaa6e780c9b60286571c4e4794,
train,no_flood,data/train/no_flood/normal_image3438.jpg,aider_raw/AIDER/normal/normal_image3438.jpg,e6665644c34a24cc1aea27edfb0f6d7a,
train,no_flood,data/train/no_flood/normal_image3442.jpg,aider_raw/AIDER/normal/normal_image3442.jpg,9f7e2f25ee65c2bcf7098a979bc87022,
train,no_flood,data/train/no_flood/normal_image3448.jpg,aider_raw/AIDER/normal/normal_image3448.jpg,4c9c043f08d23bf51c0e9b9764d3e750,
train,no_flood,data/train/no_flood/normal_image3449.jpg,aider_raw/AIDER/normal/normal_image3449.jpg,a8e3ea77396f281c8200f498c51b527a,
train,no_flood,data/train/no_flood/normal_image3453.jpg,aider_raw/AIDER/normal/normal_image3453.jpg,7b01f7f7a5e8712b8afb76468efdfeb3,
train,no_flood,data/train/no_flood/normal_image3465.jpg,aider_raw/AIDER/normal/normal_image3465.jpg,55e856c6db7b39c6c83f74bdd0dff214,
train,no_flood,data/train/no_flood/normal_image3466.jpg,aider_raw/AIDER/normal/normal_image3466.jpg,e82fd11846c3f99e1ff60886173dabcd,
train,no_flood,data/train/no_flood/normal_image3474.jpg,aider_raw/AIDER/normal/normal_image3474.jpg,ecbf5b354eaf9a560d5d41c0e11be910,
train,no_flood,data/train/no_flood/normal_image3477.jpg,aider_raw/AIDER/normal/normal_image3477.jpg,8fc42360cd021a9f5ed1201b2f31a7fe,
train,no_flood,data/train/no_flood/normal_image3483.jpg,aider_raw/AIDER/normal/normal_image3483.jpg,d32430083cda06a50c503f8c70fb6061,
train,no_flood,data/train/no_flood/normal_image3490.jpg,aider_raw/AIDER/normal/normal_image3490.jpg,acb3d5aa9138e9dab34009c73b0c8ccf,
train,no_flood,data/train/no_flood/normal_image3491.jpg,aider_raw/AIDER/normal/normal_image3491.jpg,d71a131afaf429a8f9dbe781fd4274ef,
train,no_flood,data/train/no_flood/normal_image3495.jpg,aider_raw/AIDER/normal/normal_image3495.jpg,186718596c04a29a48b89575486b2661,
train,no_flood,data/train/no_flood/normal_image3496.jpg,aider_raw/AIDER/normal/normal_image3496.jpg,1d9e281e36bcedcf0bf819a811cf7451,
train,no_flood,data/train/no_flood/normal_image3504.jpg,aider_raw/AIDER/normal/normal_image3504.jpg,4e6911535f84805762082562464d60f9,
train,no_flood,data/train/no_flood/normal_image3527.jpg,aider_raw/AIDER/normal/normal_image3527.jpg,468c6fcc6b45a050135bcff7f8e4e4ad,
train,no_flood,data/train/no_flood/normal_image3539.jpg,aider_raw/AIDER/normal/normal_image3539.jpg,bff4c456c7c20a04e40e7763b4208d2f,
train,no_flood,data/train/no_flood/normal_image3541.jpg,aider_raw/AIDER/normal/normal_image3541.jpg,21f9837e0db90eaed854130157338c0b,
train,no_flood,data/train/no_flood/normal_image3544.jpg,aider_raw/AIDER/normal/normal_image3544.jpg,53e4ff8bc4ab5cdadcddac0b929f340e,
train,no_flood,data/train/no_flood/normal_image3545.jpg,aider_raw/AIDER/normal/normal_image3545.jpg,9bf5c4a5e6ca0399d58a0f470147a303,
train,no_flood,data/train/no_flood/normal_image3547.jpg,aider_raw/AIDER/normal/normal_image3547.jpg,bad142abf324f9e2bcb4de6f028ccff8,
train,no_flood,data/train/no_flood/normal_image3553.jpg,aider_raw/AIDER/normal/normal_image3553.jpg,368174734cf9fc30c7ad842e4a869d05,
train,no_flood,data/train/no_flood/normal_image3555.jpg,aider_raw/AIDER/normal/normal_image3555.jpg,88415c97563a2c13b935201da6976f8d,
train,no_flood,data/train/no_flood/normal_image3559.jpg,aider_raw/AIDER/normal/normal_image3559.jpg,37b411bf17b90935eca2376ef0897983,
train,no_flood,data/train/no_flood/normal_image3560.jpg,aider_raw/AIDER/normal/normal_image3560.jpg,e1715f7486b4757754935497da81be69,
train,no_flood,data/train/no_flood/normal_image3563.jpg,aider_raw/AIDER/normal/normal_image3563.jpg,78f13a2e03af5bada4323743c7d60e69,
train,no_flood,data/train/no_flood/normal_image3564.jpg,aider_raw/AIDER/normal/normal_image3564.jpg,c5bc59f0a83ab24a03db045034f0a3c9,
train,no_flood,data/train/no_flood/normal_image3566.jpg,aider_raw/AIDER/normal/normal_image3566.jpg,82540d41267a238c978e9516cc7ef286,
train,no_flood,data/train/no_flood/normal_image3586.jpg,aider_raw/AIDER/normal/normal_image3586.jpg,999a61b5000f5551c17bdc1a2b205b2d,
train,no_flood,data/train/no_flood/normal_image3587.jpg,aider_raw/AIDER/normal/normal_image3587.jpg,68297a8e57d31608e4e1b69da6850cfa,
train,no_flood,data/train/no_flood/normal_image3630.jpg,aider_raw/AIDER/normal/normal_image3630.jpg,e778ec5bf4e35304a26236eec9969f08,
train,no_flood,data/train/no_flood/normal_image3638.jpg,aider_raw/AIDER/normal/normal_image3638.jpg,fb934406327c31f0f3f02a19c07cf68e,
train,no_flood,data/train/no_flood/normal_image3648.jpg,aider_raw/AIDER/normal/normal_image3648.jpg,1a66c3f2e6d9da7bd87a79d3d3cb30d2,
train,no_flood,data/train/no_flood/normal_image3650.jpg,aider_raw/AIDER/normal/normal_image3650.jpg,21698340bb18bff87a3637d890b671ae,
train,no_flood,data/train/no_flood/normal_image3662.jpg,aider_raw/AIDER/normal/normal_image3662.jpg,4581ac9387b4ff5ebbe950c17a57c4ce,
train,no_flood,data/train/no_flood/normal_image3679.jpg,aider_raw/AIDER/normal/normal_image3679.jpg,52e1d1f90969b88e5dd64b9384e77ebf,
train,no_flood,data/train/no_flood/normal_image3680.jpg,aider_raw/AIDER/normal/normal_image3680.jpg,c6886d9920cfebbe639e6febd7efc87c,
train,no_flood,data/train/no_flood/normal_image3698.jpg,aider_raw/AIDER/normal/normal_image3698.jpg,ff440b56ca66d277ebb935f2cdb822fa,
train,no_flood,data/train/no_flood/normal_image3700.jpg,aider_raw/AIDER/normal/normal_image3700.jpg,4da56ff0cb665554066fdc29704e2540,
train,no_flood,data/train/no_flood/normal_image3701.jpg,aider_raw/AIDER/normal/normal_image3701.jpg,83ca2918712f4c0a038966806ef89682,
train,no_flood,data/train/no_flood/normal_image3710.jpg,aider_raw/AIDER/normal/normal_image3710.jpg,f3414aa2414780cfd229f0fb2fb603eb,
train,no_flood,data/train/no_flood/normal_image3714.jpg,aider_raw/AIDER/normal/normal_image3714.jpg,bd6cbf253da592863f16836559fa4e4a,
train,no_flood,data/train/no_flood/normal_image3721.jpg,aider_raw/AIDER/normal/normal_image3721.jpg,d0c1a9ffd0016734720c23dad6f40d41,
train,no_flood,data/train/no_flood/normal_image3722.jpg,aider_raw/AIDER/normal/normal_image3722.jpg,9d99cae8235954ced50cfc3d26db2e77,
train,no_flood,data/train/no_flood/normal_image3723.jpg,aider_raw/AIDER/normal/normal_image3723.jpg,bc8904d5aa5ba0bbc3457b3216d92deb,
train,no_flood,data/train/no_flood/normal_image3726.jpg,aider_raw/AIDER/normal/normal_image3726.jpg,b8ca9c02c93e98df1f23e10e43eefb3a,
train,no_flood,data/train/no_flood/normal_image3729.jpg,aider_raw/AIDER/normal/normal_image3729.jpg,3dfd2a4a7cfb0a61f04b81c306db002d,
train,no_flood,data/train/no_flood/normal_image3736.jpg,aider_raw/AIDER/normal/normal_image3736.jpg,8e46cc49d58ef3016bc79f639683860a,
train,no_flood,data/train/no_flood/normal_image3755.jpg,aider_raw/AIDER/normal/normal_image3755.jpg,08b2af9394bb4b76abd605c045b74d73,
train,no_flood,data/train/no_flood/normal_image3761.jpg,aider_raw/AIDER/normal/normal_image3761.jpg,f329bd1cac4d4aa11376ec1e9227fae9,
train,no_flood,data/train/no_flood/normal_image3766.jpg,aider_raw/AIDER/normal/normal_image3766.jpg,d4b869a45a25cf5c3602c0aea69bdb0d,
train,no_flood,data/train/no_flood/normal_image3770.jpg,aider_raw/AIDER/normal/normal_image3770.jpg,668173141d1593a006b222db009ef056,
train,no_flood,data/train/no_flood/normal_image3772.jpg,aider_raw/AIDER/normal/normal_image3772.jpg,bbf1de3d1c76a9e9fd1e1b79cc0850e0,
train,no_flood,data/train/no_flood/normal_image3784.jpg,aider_raw/AIDER/normal/normal_image3784.jpg,256f65788324013ec75f483d1781e724,
train,no_flood,data/train/no_flood/normal_image3785.jpg,aider_raw/AIDER/normal/normal_image3785.jpg,bdd221d7c1b8ddb640564eca73d18957,
train,no_flood,data/train/no_flood/normal_image3788.jpg,aider_raw/AIDER/normal/normal_image3788.jpg,d051c7c48e0e99da983207d4b50fe522,
train,no_flood,data/train/no_flood/normal_image3791.jpg,aider_raw/AIDER/normal/normal_image3791.jpg,57cfeb9d99da7a65f2959eee8003872b,
train,no_flood,data/train/no_flood/normal_image3803.jpg,aider_raw/AIDER/normal/normal_image3803.jpg,da6c7ae9041c741e1c32c216ab98c136,
train,no_flood,data/train/no_flood/normal_image3811.jpg,aider_raw/AIDER/normal/normal_image3811.jpg,88fd0cab66e46736f1dda80145445c99,
train,no_flood,data/train/no_flood/normal_image3812.jpg,aider_raw/AIDER/normal/normal_image3812.jpg,336c8751070f3fef22055d34c4aac620,
train,no_flood,data/train/no_flood/normal_image3842.jpg,aider_raw/AIDER/normal/normal_image3842.jpg,9e9a19cb9f834172767fc43b24479a84,
train,no_flood,data/train/no_flood/normal_image3843.jpg,aider_raw/AIDER/normal/normal_image3843.jpg,80133d80e7ff2903cd3f5e2bad07493a,
train,no_flood,data/train/no_flood/normal_image3844.jpg,aider_raw/AIDER/normal/normal_image3844.jpg,063dfc085fe1a0c9d4140f8e83a7047b,
train,no_flood,data/train/no_flood/normal_image3845.jpg,aider_raw/AIDER/normal/normal_image3845.jpg,34196370b27932855b692372cb67c433,
train,no_flood,data/train/no_flood/normal_image3849.jpg,aider_raw/AIDER/normal/normal_image3849.jpg,375d6a26371a1b5b7111ed5a0e992633,
train,no_flood,data/train/no_flood/normal_image3852.jpg,aider_raw/AIDER/normal/normal_image3852.jpg,3efba992a0411e2daab747f78c9f61c5,
train,no_flood,data/train/no_flood/normal_image3855.jpg,aider_raw/AIDER/normal/normal_image3855.jpg,0368b6e5187a0ee568688533cc51084b,
train,no_flood,data/train/no_flood/normal_image3856.jpg,aider_raw/AIDER/normal/normal_image3856.jpg,8254bace64aa48a8b215dcb7795ecdaf,
train,no_flood,data/train/no_flood/normal_image3861.jpg,aider_raw/AIDER/normal/normal_image3861.jpg,c4b51fa200cf612512cf77d4c928ae65,
train,no_flood,data/train/no_flood/normal_image3862.jpg,aider_raw/AIDER/normal/normal_image3862.jpg,8c15a4af42996e0883615933478a9b52,
train,no_flood,data/train/no_flood/normal_image3876.jpg,aider_raw/AIDER/normal/normal_image3876.jpg,155ca4459fc2062f3666b663e720795a,
train,no_flood,data/train/no_flood/normal_image3894.jpg,aider_raw/AIDER/normal/normal_image3894.jpg,a7642c3e097efa5f13ed99b959f8df29,
train,no_flood,data/train/no_flood/normal_image3900.jpg,aider_raw/AIDER/normal/normal_image3900.jpg,b4f9a9a2048c2e8c774a38c96d4c5e7f,
train,no_flood,data/train/no_flood/normal_image3906.jpg,aider_raw/AIDER/normal/normal_image3906.jpg,3d077c31b0cc3e3173d2093c815b8ab3,
train,no_flood,data/train/no_flood/normal_image3936.jpg,aider_raw/AIDER/normal/normal_image3936.jpg,53b9a4f8095ec8ae156cce4eccb4e09d,
train,no_flood,data/train/no_flood/normal_image3944.jpg,aider_raw/AIDER/normal/normal_image3944.jpg,b2a824b02b7f1e4e3d5f79a263d9c07f,
train,no_flood,data/train/no_flood/normal_image3945.jpg,aider_raw/AIDER/normal/normal_image3945.jpg,ea2816393a65d29494d472d57f7d8cfe,
train,no_flood,data/train/no_flood/normal_image3952.jpg,aider_raw/AIDER/normal/normal_image3952.jpg,1ffaf4b22be57d3e0fb61f9be60bf0ae,
train,no_flood,data/train/no_flood/normal_image3958.jpg,aider_raw/AIDER/normal/normal_image3958.jpg,85f94671ac4185d8a317a0ebac5e407f,
train,no_flood,data/train/no_flood/normal_image3961.jpg,aider_raw/AIDER/normal/normal_image3961.jpg,34e2dd9dd5289b7f075ca219b073dd1f,
train,no_flood,data/train/no_flood/normal_image3962.jpg,aider_raw/AIDER/normal/normal_image3962.jpg,d8c1c1b155c8ed18be9b78e63027aa4f,
train,no_flood,data/train/no_flood/normal_image3964.jpg,aider_raw/AIDER/normal/normal_image3964.jpg,3ee8f0410b499a8a3b2ed0843f4f82ee,
train,no_flood,data/train/no_flood/normal_image3976.jpg,aider_raw/AIDER/normal/normal_image3976.jpg,e19978f487dce8555b08b0f2627139b7,
train,no_flood,data/train/no_flood/normal_image3983.jpg,aider_raw/AIDER/normal/normal_image3983.jpg,722db735758636e9d8e87245fc0f2cbb,
train,no_flood,data/train/no_flood/normal_image4017.jpg,aider_raw/AIDER/normal/normal_image4017.jpg,5642942694b96b50bae012c733049435,
train,no_flood,data/train/no_flood/normal_image4026.jpg,aider_raw/AIDER/normal/normal_image4026.jpg,2704114aef83244f9ed60952a69f4ea9,
train,no_flood,data/train/no_flood/normal_image4030.jpg,aider_raw/AIDER/normal/normal_image4030.jpg,51cd136d4860a03934abcbcd88371191,
train,no_flood,data/train/no_flood/normal_image4036.jpg,aider_raw/AIDER/normal/normal_image4036.jpg,9c53e99dc34eada4a4dbf04cf68e1e3e,
train,no_flood,data/train/no_flood/normal_image4045.jpg,aider_raw/AIDER/normal/normal_image4045.jpg,2a002ef748321775aa98179843e4f109,
train,no_flood,data/train/no_flood/normal_image4057.jpg,aider_raw/AIDER/normal/normal_image4057.jpg,33c4a2b909ff5fd52e2f65fc7a8908e7,
train,no_flood,data/train/no_flood/normal_image4065.jpg,aider_raw/AIDER/normal/normal_image4065.jpg,6d7ca881cd0aa390074ae6b7177c2ced,
train,no_flood,data/train/no_flood/normal_image4084.jpg,aider_raw/AIDER/normal/normal_image4084.jpg,0eb3d8df0390a03e195d1e871f1496c6,
train,no_flood,data/train/no_flood/normal_image4089.jpg,aider_raw/AIDER/normal/normal_image4089.jpg,ebb504b9687a97a1ac4633b926475b04,
train,no_flood,data/train/no_flood/normal_image4090.jpg,aider_raw/AIDER/normal/normal_image4090.jpg,16e0d2f3d49ecb68722e58160c8f92b7,
train,no_flood,data/train/no_flood/normal_image4092.jpg,aider_raw/AIDER/normal/normal_image4092.jpg,a134843966df34ce2d8bec17f453f6d0,
train,no_flood,data/train/no_flood/normal_image4095.jpg,aider_raw/AIDER/normal/normal_image4095.jpg,c888e822487cbf8d4e23bf04437d7a94,
train,no_flood,data/train/no_flood/normal_image4101.jpg,aider_raw/AIDER/normal/normal_image4101.jpg,c95fa35bd7137dd9f7345ccb1fa081ae,
train,no_flood,data/train/no_flood/normal_image4106.jpg,aider_raw/AIDER/normal/normal_image4106.jpg,6b7170775608a3c154057c52c5fc95f4,
train,no_flood,data/train/no_flood/normal_image4107.jpg,aider_raw/AIDER/normal/normal_image4107.jpg,9c9f9d971b134d3eaef164ef8d23675d,
train,no_flood,data/train/no_flood/normal_image4120.jpg,aider_raw/AIDER/normal/normal_image4120.jpg,ac7e64fa82939522734b8eef85702604,
train,no_flood,data/train/no_flood/normal_image4121.jpg,aider_raw/AIDER/normal/normal_image4121.jpg,f8e5773065e690dec7127c77cf7f0e91,
train,no_flood,data/train/no_flood/normal_image4141.jpg,aider_raw/AIDER/normal/normal_image4141.jpg,ffd60e41f0b787660ff8f3b0bd18cb72,
train,no_flood,data/train/no_flood/normal_image4153.jpg,aider_raw/AIDER/normal/normal_image4153.jpg,a75473dc87aee375a780d3c12f20daaa,
train,no_flood,data/train/no_flood/normal_image4158.jpg,aider_raw/AIDER/normal/normal_image4158.jpg,2ef8376aa64b34171f0a337a2fc083fa,
train,no_flood,data/train/no_flood/normal_image4176.jpg,aider_raw/AIDER/normal/normal_image4176.jpg,0da518226bb6007b37d8a70aa75e2b80,
train,no_flood,data/train/no_flood/normal_image4179.jpg,aider_raw/AIDER/normal/normal_image4179.jpg,74d46d0d6f0147cd51fa28e7c568c90c,
train,no_flood,data/train/no_flood/normal_image4187.jpg,aider_raw/AIDER/normal/normal_image4187.jpg,48479383515a2590eab1acd6a24d3bec,
train,no_flood,data/train/no_flood/normal_image4189.jpg,aider_raw/AIDER/normal/normal_image4189.jpg,0f3b693ca7a17d850a59639bf4ab7451,
train,no_flood,data/train/no_flood/normal_image4193.jpg,aider_raw/AIDER/normal/normal_image4193.jpg,98ffefac314beb84b7d127ad3ea78e02,
train,no_flood,data/train/no_flood/normal_image4200.jpg,aider_raw/AIDER/normal/normal_image4200.jpg,35f3fe79baa8e971d76f891e171feb91,
train,no_flood,data/train/no_flood/normal_image4201.jpg,aider_raw/AIDER/normal/normal_image4201.jpg,3ad9cf29f83c83991ce4c73a512f0a45,
train,no_flood,data/train/no_flood/normal_image4202.jpg,aider_raw/AIDER/normal/normal_image4202.jpg,f47a6d7238ec87c253d5021477fd8c1b,
train,no_flood,data/train/no_flood/normal_image4205.jpg,aider_raw/AIDER/normal/normal_image4205.jpg,9658a9e78338555b2c7a69ed054c4320,
train,no_flood,data/train/no_flood/normal_image4227.jpg,aider_raw/AIDER/normal/normal_image4227.jpg,a7abb92c6049da79ea8fc3f15144be62,
train,no_flood,data/train/no_flood/normal_image4229.jpg,aider_raw/AIDER/normal/normal_image4229.jpg,452971591de9d809e5571d046b36a323,
train,no_flood,data/train/no_flood/normal_image4237.jpg,aider_raw/AIDER/normal/normal_image4237.jpg,402a81498b198b02b4141804d6c88f96,
train,no_flood,data/train/no_flood/normal_image4243.jpg,aider_raw/AIDER/normal/normal_image4243.jpg,601c9d62746eac51863e7ddb3e73ea2e,
train,no_flood,data/train/no_flood/normal_image4244.jpg,aider_raw/AIDER/normal/normal_image4244.jpg,b2675ff85478ebe520ebba35fc8120f0,
train,no_flood,data/train/no_flood/normal_image4251.jpg,aider_raw/AIDER/normal/normal_image4251.jpg,c1c8548147a8999fbfa449d2a74e50c0,
train,no_flood,data/train/no_flood/normal_image4258.jpg,aider_raw/AIDER/normal/normal_image4258.jpg,3b0e1f60f468133087bdb70f1e18f992,
train,no_flood,data/train/no_flood/normal_image4261.jpg,aider_raw/AIDER/normal/normal_image4261.jpg,cc4e5bcf5cc78ed2404575b237ed50a3,
train,no_flood,data/train/no_flood/normal_image4265.jpg,aider_raw/AIDER/normal/normal_image4265.jpg,bc4c3080df6f68187f9663775bc95aa6,
train,no_flood,data/train/no_flood/normal_image4269.jpg,aider_raw/AIDER/normal/normal_image4269.jpg,2cc0618e240345890986bff556d59cdb,
train,no_flood,data/train/no_flood/normal_image4271.jpg,aider_raw/AIDER/normal/normal_image4271.jpg,95531d1c9fdb26dd15ce21ce8ebfbfe8,
train,no_flood,data/train/no_flood/normal_image4277.jpg,aider_raw/AIDER/normal/normal_image4277.jpg,073e8cb74764b3061f3ffe58813efb7c,
train,no_flood,data/train/no_flood/normal_image4278.jpg,aider_raw/AIDER/normal/normal_image4278.jpg,685c79caa8261bec1842acc7bf615f4d,
train,no_flood,data/train/no_flood/normal_image4288.jpg,aider_raw/AIDER/normal/normal_image4288.jpg,cd70b75b63874f3a078d006d8f50a99f,
train,no_flood,data/train/no_flood/normal_image4291.jpg,aider_raw/AIDER/normal/normal_image4291.jpg,a2bec7516b00eecfd2ee7f819e09e68b,
train,no_flood,data/train/no_flood/normal_image4294.jpg,aider_raw/AIDER/normal/normal_image4294.jpg,d8fb932f4fb0c9987603b54f58956ff9,
train,no_flood,data/train/no_flood/normal_image4304.jpg,aider_raw/AIDER/normal/normal_image4304.jpg,a8174ff6b940192bf77a6cb7bd773ffd,
train,no_flood,data/train/no_flood/normal_image4306.jpg,aider_raw/AIDER/normal/normal_image4306.jpg,ba9f97ccd390609d76ed4d064966c814,
train,no_flood,data/train/no_flood/normal_image4308.jpg,aider_raw/AIDER/normal/normal_image4308.jpg,ff72b17915c14d5c289a0a2ef11363ab,
train,no_flood,data/train/no_flood/normal_image4326.jpg,aider_raw/AIDER/normal/normal_image4326.jpg,1a204a56020be30e1b9c315f7cdc7daf,
train,no_flood,data/train/no_flood/normal_image4333.jpg,aider_raw/AIDER/normal/normal_image4333.jpg,fb0de770de1f7de9f8c573e9ab7726d1,
train,no_flood,data/train/no_flood/normal_image4340.jpg,aider_raw/AIDER/normal/normal_image4340.jpg,6953bb32670d907fc12dbd502d38d88e,
train,no_flood,data/train/no_flood/normal_image4388.jpg,aider_raw/AIDER/normal/normal_image4388.jpg,e6877a29bff14908dbbf106dd3e5488d,
train,no_flood,data/train/no_flood/normal_image4390.jpg,aider_raw/AIDER/normal/normal_image4390.jpg,0725dc78e2afd28a27c552bf1f8c3409,
train,flood,data/train/flood/flood_image0001.jpg,aider_raw/AIDER/flooded_areas/flood_image0001.jpg,3393f57a7ed21ffd65dec8e5f7ed875b,
train,flood,data/train/flood/flood_image0002.jpg,aider_raw/AIDER/flooded_areas/flood_image0002.jpg,561151e9f8a8df8fe8685ff5bdaf5f7c,
train,flood,data/train/flood/flood_image0003.jpg,aider_raw/AIDER/flooded_areas/flood_image0003.jpg,4cfd030e1ccbf3bfd5fd6c7d81b2883c,
train,flood,data/train/flood/flood_image0004.jpg,aider_raw/AIDER/flooded_areas/flood_image0004.jpg,bf3e03fbfb1e74dbb879dfa2aebe1da9,
train,flood,data/train/flood/flood_image0006.jpg,aider_raw/AIDER/flooded_areas/flood_image0006.jpg,f7046d0e9d779951a30da13ca28b209e,
train,flood,data/train/flood/flood_image0007.jpg,aider_raw/AIDER/flooded_areas/flood_image0007.jpg,da4cc352db13342a5fbca27da5c2e3d1,
train,flood,data/train/flood/flood_image0009.jpg,aider_raw/AIDER/flooded_areas/flood_image0009.jpg,2a6317258ec95f3122d50329bde91d56,
train,flood,data/train/flood/flood_image0010.jpg,aider_raw/AIDER/flooded_areas/flood_image0010.jpg,ab61a32097b4be81bcd4550e81ab656e,
train,flood,data/train/flood/flood_image0011.jpg,aider_raw/AIDER/flooded_areas/flood_image0011.jpg,ff0c8fc4bd231f1e0f81a9f79cc9b98f,
train,flood,data/train/flood/flood_image0012.jpg,aider_raw/AIDER/flooded_areas/flood_image0012.jpg,919371222d633227cb0e8cfc9ebcb739,
train,flood,data/train/flood/flood_image0014.jpg,aider_raw/AIDER/flooded_areas/flood_image0014.jpg,f42424c957d5cbfdc8958c2865d9f51f,
train,flood,data/train/flood/flood_image0016.jpg,aider_raw/AIDER/flooded_areas/flood_image0016.jpg,fcf1ced90b79621b43e7058d91261fc1,
train,flood,data/train/flood/flood_image0018.jpg,aider_raw/AIDER/flooded_areas/flood_image0018.jpg,7f41ea358dac5e86ea49300a8c93a2e5,
train,flood,data/train/flood/flood_image0019.jpg,aider_raw/AIDER/flooded_areas/flood_image0019.jpg,cab1431834c378de36200b6878627adb,
train,flood,data/train/flood/flood_image0020.jpg,aider_raw/AIDER/flooded_areas/flood_image0020.jpg,747d218913abe5dc8a7810bb6b22d74a,
train,flood,data/train/flood/flood_image0023.jpg,aider_raw/AIDER/flooded_areas/flood_image0023.jpg,b29bcc973ff691e08194f0332ede63bc,
train,flood,data/train/flood/flood_image0024.jpg,aider_raw/AIDER/flooded_areas/flood_image0024.jpg,6ce437deade6619957dc38885b074e0d,
train,flood,data/train/flood/flood_image0025.jpg,aider_raw/AIDER/flooded_areas/flood_image0025.jpg,5b545ceaf9820af35d877c938e48dae1,
train,flood,data/train/flood/flood_image0027.jpg,aider_raw/AIDER/flooded_areas/flood_image0027.jpg,23b3e33c5479d448ff5ca4f9179a6e48,
train,flood,data/train/flood/flood_image0028.jpg,aider_raw/AIDER/flooded_areas/flood_image0028.jpg,4fc7784ffb9cb15dddaf437491a11b06,
train,flood,data/train/flood/flood_image0029.jpg,aider_raw/AIDER/flooded_areas/flood_image0029.jpg,9ba8e50333a3b6b40ef42f6bd99861bd,
train,flood,data/train/flood/flood_image0030.jpg,aider_raw/AIDER/flooded_areas/flood_image0030.jpg,c3974f5642ccaed962c7351b88932d55,
train,flood,data/train/flood/flood_image0031.jpg,aider_raw/AIDER/flooded_areas/flood_image0031.jpg,949c70d788489d0c6a8924ba081044fa,
train,flood,data/train/flood/flood_image0035.jpg,aider_raw/AIDER/flooded_areas/flood_image0035.jpg,80fd0764e794f7633431f29a0651a494,
train,flood,data/train/flood/flood_image0036.jpg,aider_raw/AIDER/flooded_areas/flood_image0036.jpg,efd80c170ebab887788c0fcc51b84d69,
train,flood,data/train/flood/flood_image0037.jpg,aider_raw/AIDER/flooded_areas/flood_image0037.jpg,5568903c28ce5d10cb8a734978e1d382,
train,flood,data/train/flood/flood_image0038.jpg,aider_raw/AIDER/flooded_areas/flood_image0038.jpg,61e047f3571ec502a3216bcc5e2f745d,
train,flood,data/train/flood/flood_image0039.jpg,aider_raw/AIDER/flooded_areas/flood_image0039.jpg,16fee0c8cedf0b08162f1ddaa5a8456d,
train,flood,data/train/flood/flood_image0041.jpg,aider_raw/AIDER/flooded_areas/flood_image0041.jpg,162d64df7f99409904629d5a07bff7ed,
train,flood,data/train/flood/flood_image0042.jpg,aider_raw/AIDER/flooded_areas/flood_image0042.jpg,210b93964647f1054694a74316cff034,
train,flood,data/train/flood/flood_image0044.jpg,aider_raw/AIDER/flooded_areas/flood_image0044.jpg,6aa0ee5a66f9f097f5e2a7a390665872,
train,flood,data/train/flood/flood_image0046.jpg,aider_raw/AIDER/flooded_areas/flood_image0046.jpg,afc0834c5d9321c95de1048e0f67d397,
train,flood,data/train/flood/flood_image0047.jpg,aider_raw/AIDER/flooded_areas/flood_image0047.jpg,c493d9401744fe224169bd9af7d40955,
train,flood,data/train/flood/flood_image0048.jpg,aider_raw/AIDER/flooded_areas/flood_image0048.jpg,286d989943c9e52988d82eae38063f2c,
train,flood,data/train/flood/flood_image0051.jpg,aider_raw/AIDER/flooded_areas/flood_image0051.jpg,381e11588118d0c7e88d6d3bcddbbfca,
train,flood,data/train/flood/flood_image0052.jpg,aider_raw/AIDER/flooded_areas/flood_image0052.jpg,69150b3784cfa29cc01541960ba7047c,
train,flood,data/train/flood/flood_image0054.jpg,aider_raw/AIDER/flooded_areas/flood_image0054.jpg,5734a66b2c28027116ac7d46995dc508,
train,flood,data/train/flood/flood_image0058.jpg,aider_raw/AIDER/flooded_areas/flood_image0058.jpg,5bd9c8dbdaaf818e52ddbc6084488ead,
train,flood,data/train/flood/flood_image0060.jpg,aider_raw/AIDER/flooded_areas/flood_image0060.jpg,a96a6c0f9ad866b1abf098c57605debc,
train,flood,data/train/flood/flood_image0061.jpg,aider_raw/AIDER/flooded_areas/flood_image0061.jpg,68e152d3f62c2bd6c706e01e2abaa5b1,
train,flood,data/train/flood/flood_image0063.jpg,aider_raw/AIDER/flooded_areas/flood_image0063.jpg,ae0341e7413482f715c7f39d9e6639c9,
train,flood,data/train/flood/flood_image0064.jpg,aider_raw/AIDER/flooded_areas/flood_image0064.jpg,453f6eb9bffa5bdd7fe1a4bbd1a4c034,
train,flood,data/train/flood/flood_image0066.jpg,aider_raw/AIDER/flooded_areas/flood_image0066.jpg,8f10b64269fc566227aeeace94a63e30,
train,flood,data/train/flood/flood_image0067.jpg,aider_raw/AIDER/flooded_areas/flood_image0067.jpg,4a237b86b7543016d47eb15ac3cc3f13,
train,flood,data/train/flood/flood_image0068.jpg,aider_raw/AIDER/flooded_areas/flood_image0068.jpg,d9df114b5d81d2a50a8e0bd22956bbd2,
train,flood,data/train/flood/flood_image0069.jpg,aider_raw/AIDER/flooded_areas/flood_image0069.jpg,d5e5bdf2f381efb1fe51227786dd286b,
train,flood,data/train/flood/flood_image0070.jpg,aider_raw/AIDER/flooded_areas/flood_image0070.jpg,c81556ba60c768dc83c70fde961a5466,
train,flood,data/train/flood/flood_image0071.jpg,aider_raw/AIDER/flooded_areas/flood_image0071.jpg,f68292ec50cd1a5a50ac33662d041dc7,
train,flood,data/train/flood/flood_image0072.jpg,aider_raw/AIDER/flooded_areas/flood_image0072.jpg,e7051dfaccc1efb76a7dfb950313c9dc,
train,flood,data/train/flood/flood_image0073.jpg,aider_raw/AIDER/flooded_areas/flood_image0073.jpg,19bdd7a3d3a92306a9430d52146eef60,
train,flood,data/train/flood/flood_image0075.jpg,aider_raw/AIDER/flooded_areas/flood_image0075.jpg,303ac9b1d8fb46ed277fb4748437c0d1,
train,flood,data/train/flood/flood_image0077.jpg,aider_raw/AIDER/flooded_areas/flood_image0077.jpg,62d4cda4da738dcb9fbd5c27d42b9f0a,
train,flood,data/train/flood/flood_image0078.jpg,aider_raw/AIDER/flooded_areas/flood_image0078.jpg,36b401239e82f541c872e16ed0e02b38,
train,flood,data/train/flood/flood_image0079.jpg,aider_raw/AIDER/flooded_areas/flood_image0079.jpg,6148408e4ee981801f8b1dadc5025700,
train,flood,data/train/flood/flood_image0080.jpg,aider_raw/AIDER/flooded_areas/flood_image0080.jpg,fd446de28130d1ec737cc233e70b2af5,
train,flood,data/train/flood/flood_image0081.jpg,aider_raw/AIDER/flooded_areas/flood_image0081.jpg,875cccebf29eb75fce1577240f4be389,
train,flood,data/train/flood/flood_image0082.jpg,aider_raw/AIDER/flooded_areas/flood_image0082.jpg,bcf959efc4ab451bd5e62c4fa0f59594,
train,flood,data/train/flood/flood_image0083.jpg,aider_raw/AIDER/flooded_areas/flood_image0083.jpg,1279f06ab6430cffced7578d6c2fca3d,
train,flood,data/train/flood/flood_image0084.jpg,aider_raw/AIDER/flooded_areas/flood_image0084.jpg,d2e8fb7464447ea0a5d3baffc36b47b6,
train,flood,data/train/flood/flood_image0085.jpg,aider_raw/AIDER/flooded_areas/flood_image0085.jpg,fffea8d66ae13b497be0005a6162b4a4,
train,flood,data/train/flood/flood_image0086.jpg,aider_raw/AIDER/flooded_areas/flood_image0086.jpg,34157a6c81978b5ab56fab2c69743c1d,
train,flood,data/train/flood/flood_image0087.jpg,aider_raw/AIDER/flooded_areas/flood_image0087.jpg,6383aa626448d9ce34073a4bc3488b5a,
train,flood,data/train/flood/flood_image0088.jpg,aider_raw/AIDER/flooded_areas/flood_image0088.jpg,9a98447a462d84129199064f4951420c,
train,flood,data/train/flood/flood_image0091.jpg,aider_raw/AIDER/flooded_areas/flood_image0091.jpg,448ae20d8795898e04e587b2bd640fe4,
train,flood,data/train/flood/flood_image0092.jpg,aider_raw/AIDER/flooded_areas/flood_image0092.jpg,7efc41b45fddfea093d08b9d1dbf1630,
train,flood,data/train/flood/flood_image0093.jpg,aider_raw/AIDER/flooded_areas/flood_image0093.jpg,b90f6357019d443503c1e04e0cfbef3c,
train,flood,data/train/flood/flood_image0094.jpg,aider_raw/AIDER/flooded_areas/flood_image0094.jpg,75e5e828f6315b9715828ed40c43ff2e,
train,flood,data/train/flood/flood_image0096.jpg,aider_raw/AIDER/flooded_areas/flood_image0096.jpg,c8853ecfdaed2c9160536cbe68fe88d3,
train,flood,data/train/flood/flood_image0097.jpg,aider_raw/AIDER/flooded_areas/flood_image0097.jpg,506453478d485c41444f8bc4d9afe35b,
train,flood,data/train/flood/flood_image0099.jpg,aider_raw/AIDER/flooded_areas/flood_image0099.jpg,53eac46b179ab9fab01c5b7c15910013,
train,flood,data/train/flood/flood_image0101.jpg,aider_raw/AIDER/flooded_areas/flood_image0101.jpg,7272f82cdfd5aa92efb8c181aaead6cf,
train,flood,data/train/flood/flood_image0102.jpg,aider_raw/AIDER/flooded_areas/flood_image0102.jpg,2117b17f1336bad7ffaa56a4cc13c170,
train,flood,data/train/flood/flood_image0103.jpg,aider_raw/AIDER/flooded_areas/flood_image0103.jpg,fc5f88318a99c0a13e4d23a61868bb13,
train,flood,data/train/flood/flood_image0106.jpg,aider_raw/AIDER/flooded_areas/flood_image0106.jpg,daa5bf5b196aff68a9e92e3232a4421b,
train,flood,data/train/flood/flood_image0107.jpg,aider_raw/AIDER/flooded_areas/flood_image0107.jpg,78a3a3faab785cf7e5b2151715612e88,
train,flood,data/train/flood/flood_image0108.jpg,aider_raw/AIDER/flooded_areas/flood_image0108.jpg,20bdd7de04086f0ce778ed32592d80a1,
train,flood,data/train/flood/flood_image0109.jpg,aider_raw/AIDER/flooded_areas/flood_image0109.jpg,71379205a1af3a82785b826e3efae32b,
train,flood,data/train/flood/flood_image0110.jpg,aider_raw/AIDER/flooded_areas/flood_image0110.jpg,990a65e6056775556cbd8261b0e3ad8a,
train,flood,data/train/flood/flood_image0111.jpg,aider_raw/AIDER/flooded_areas/flood_image0111.jpg,7a5bf97ae91f6aeb8cf16bf945424d58,
train,flood,data/train/flood/flood_image0112.jpg,aider_raw/AIDER/flooded_areas/flood_image0112.jpg,524343a43aa73c90a190a328050a7abe,
train,flood,data/train/flood/flood_image0113.jpg,aider_raw/AIDER/flooded_areas/flood_image0113.jpg,d60e839d3d93ff1ef0c500e1d4092187,
train,flood,data/train/flood/flood_image0114.jpg,aider_raw/AIDER/flooded_areas/flood_image0114.jpg,eae08d774b10920936802f4388878a31,
train,flood,data/train/flood/flood_image0115.jpg,aider_raw/AIDER/flooded_areas/flood_image0115.jpg,6f516c950ad682c280cb18ad14f1a795,
train,flood,data/train/flood/flood_image0116.jpg,aider_raw/AIDER/flooded_areas/flood_image0116.jpg,6b2f7e521ef269a3ee3e4acc30b628a5,
train,flood,data/train/flood/flood_image0117.jpg,aider_raw/AIDER/flooded_areas/flood_image0117.jpg,9041ee6ee50ad6cd8e8b2f5686450389,
train,flood,data/train/flood/flood_image0119.jpg,aider_raw/AIDER/flooded_areas/flood_image0119.jpg,57ed45f180353d1df2b1cd91ad0766ca,
train,flood,data/train/flood/flood_image0120.jpg,aider_raw/AIDER/flooded_areas/flood_image0120.jpg,71039244e324113edbec76e476dfa5c2,
train,flood,data/train/flood/flood_image0121.jpg,aider_raw/AIDER/flooded_areas/flood_image0121.jpg,6d2fd4e4519a39b19d576d68529431c8,
train,flood,data/train/flood/flood_image0122.jpg,aider_raw/AIDER/flooded_areas/flood_image0122.jpg,56e3ee8032783349a5c180be5d7d3c5d,
train,flood,data/train/flood/flood_image0123.jpg,aider_raw/AIDER/flooded_areas/flood_image0123.jpg,5907777716fb12d5d30d26532f62dbe9,
train,flood,data/train/flood/flood_image0124.jpg,aider_raw/AIDER/flooded_areas/flood_image0124.jpg,6ebc830ae3ba6aeb0f6f31261b685549,
train,flood,data/train/flood/flood_image0125.jpg,aider_raw/AIDER/flooded_areas/flood_image0125.jpg,db858d9cf6e9f593c7a496d065938de0,
train,flood,data/train/flood/flood_image0126.jpg,aider_raw/AIDER/flooded_areas/flood_image0126.jpg,7f276fa4f648f52e74fe9d3fc359eb26,
train,flood,data/train/flood/flood_image0127.jpg,aider_raw/AIDER/flooded_areas/flood_image0127.jpg,a525ce672b20c70fc7e116e5b1887b19,
train,flood,data/train/flood/flood_image0129.jpg,aider_raw/AIDER/flooded_areas/flood_image0129.jpg,0a58404da523190b29d0b54e645f4c3b,
train,flood,data/train/flood/flood_image0130.jpg,aider_raw/AIDER/flooded_areas/flood_image0130.jpg,a705b12a7a09dbc9c86f181cd28220a1,
train,flood,data/train/flood/flood_image0132.jpg,aider_raw/AIDER/flooded_areas/flood_image0132.jpg,ca4c8e69aac3d446de60a9372d63374f,
train,flood,data/train/flood/flood_image0134.jpg,aider_raw/AIDER/flooded_areas/flood_image0134.jpg,cbc3f1e4161df6333f1322192575a207,
train,flood,data/train/flood/flood_image0135.jpg,aider_raw/AIDER/flooded_areas/flood_image0135.jpg,b21d13e8ffc05853a776bbdd9bb51ba7,
train,flood,data/train/flood/flood_image0137.jpg,aider_raw/AIDER/flooded_areas/flood_image0137.jpg,44eb30848189d8a6f15fbb4849245efc,
train,flood,data/train/flood/flood_image0138.jpg,aider_raw/AIDER/flooded_areas/flood_image0138.jpg,31b164357499efb66b935c756660b95f,
train,flood,data/train/flood/flood_image0139.jpg,aider_raw/AIDER/flooded_areas/flood_image0139.jpg,098f453955672b0bf5d1065f1f1cf6be,
train,flood,data/train/flood/flood_image0140.jpg,aider_raw/AIDER/flooded_areas/flood_image0140.jpg,760a813caa82de4d50307521f9b369bc,
train,flood,data/train/flood/flood_image0141.jpg,aider_raw/AIDER/flooded_areas/flood_image0141.jpg,5e819a0714551cd1dd77027142142cdf,
train,flood,data/train/flood/flood_image0143.jpg,aider_raw/AIDER/flooded_areas/flood_image0143.jpg,276041ec8702d31b500da1a5b5dddf6a,
train,flood,data/train/flood/flood_image0144.jpg,aider_raw/AIDER/flooded_areas/flood_image0144.jpg,aabf9e89934338b9ae987f986ae7d7e2,
train,flood,data/train/flood/flood_image0146.jpg,aider_raw/AIDER/flooded_areas/flood_image0146.jpg,8875e2337a6790db311a0a0ec9255fcc,
train,flood,data/train/flood/flood_image0147.jpg,aider_raw/AIDER/flooded_areas/flood_image0147.jpg,dd318345f1b1b92ef995edd0b6d24fef,
train,flood,data/train/flood/flood_image0148.jpg,aider_raw/AIDER/flooded_areas/flood_image0148.jpg,2cb7bd92985e328db7faf6d21d5437aa,
train,flood,data/train/flood/flood_image0149.jpg,aider_raw/AIDER/flooded_areas/flood_image0149.jpg,0b38184919947b5908d2f39bcb923e2b,
train,flood,data/train/flood/flood_image0151.jpg,aider_raw/AIDER/flooded_areas/flood_image0151.jpg,4101a2b239a12ec823287448581e3d71,
train,flood,data/train/flood/flood_image0152.jpg,aider_raw/AIDER/flooded_areas/flood_image0152.jpg,5cdae1d495c46c9869484ac172ad5113,
train,flood,data/train/flood/flood_image0153.jpg,aider_raw/AIDER/flooded_areas/flood_image0153.jpg,f7001bd58f92401a100b6a8343888042,
train,flood,data/train/flood/flood_image0154.jpg,aider_raw/AIDER/flooded_areas/flood_image0154.jpg,83f6c693729bfa0c01c1b9458fa0251b,
train,flood,data/train/flood/flood_image0155.jpg,aider_raw/AIDER/flooded_areas/flood_image0155.jpg,d4c512d3ed649918f64494f926718ac1,
train,flood,data/train/flood/flood_image0157.jpg,aider_raw/AIDER/flooded_areas/flood_image0157.jpg,56d6abbc23b6075f980b0d288d11f4a5,
train,flood,data/train/flood/flood_image0158.jpg,aider_raw/AIDER/flooded_areas/flood_image0158.jpg,badead64c1dc82afd558e9eac2aba3d6,
train,flood,data/train/flood/flood_image0159.jpg,aider_raw/AIDER/flooded_areas/flood_image0159.jpg,2df25ba514572bdeeb6b1c19f341df76,
train,flood,data/train/flood/flood_image0160.jpg,aider_raw/AIDER/flooded_areas/flood_image0160.jpg,2d11a4f681040893625ce205e3b19ce7,
train,flood,data/train/flood/flood_image0161.jpg,aider_raw/AIDER/flooded_areas/flood_image0161.jpg,3361d0a9154f21e95bddb654c8cf90c7,
train,flood,data/train/flood/flood_image0162.jpg,aider_raw/AIDER/flooded_areas/flood_image0162.jpg,3d610eee47c8ffa92e89fadd5c36e2b5,
train,flood,data/train/flood/flood_image0164.jpg,aider_raw/AIDER/flooded_areas/flood_image0164.jpg,47ae043bab2ee75bada03ac3275020b3,
train,flood,data/train/flood/flood_image0165.jpg,aider_raw/AIDER/flooded_areas/flood_image0165.jpg,289b0fdb6ce60d1713538fa42ea2e5fa,
train,flood,data/train/flood/flood_image0166.jpg,aider_raw/AIDER/flooded_areas/flood_image0166.jpg,2d92cb59c311fb7fa1c0aa34ae27e091,
train,flood,data/train/flood/flood_image0167.jpg,aider_raw/AIDER/flooded_areas/flood_image0167.jpg,0212053af33d9be30f5126fbebdd7bb9,
train,flood,data/train/flood/flood_image0168.jpg,aider_raw/AIDER/flooded_areas/flood_image0168.jpg,598bf75d2a73f076670d69ee83b8dc9c,
train,flood,data/train/flood/flood_image0169.jpg,aider_raw/AIDER/flooded_areas/flood_image0169.jpg,cb289f809aedc2f9cfc1a0edac7af9dc,
train,flood,data/train/flood/flood_image0170.jpg,aider_raw/AIDER/flooded_areas/flood_image0170.jpg,532268de4665192f0661a2521f7f66ff,
train,flood,data/train/flood/flood_image0171.jpg,aider_raw/AIDER/flooded_areas/flood_image0171.jpg,56f7bc78a71cb18931cc9a44bf1d8371,
train,flood,data/train/flood/flood_image0173.jpg,aider_raw/AIDER/flooded_areas/flood_image0173.jpg,8cdd2b2165d60002c163e49dfb9f8ed4,
train,flood,data/train/flood/flood_image0175.jpg,aider_raw/AIDER/flooded_areas/flood_image0175.jpg,df809fc469c75fd3c15b6a8b8b723b46,
train,flood,data/train/flood/flood_image0176.jpg,aider_raw/AIDER/flooded_areas/flood_image0176.jpg,80a2c6ba8b3b1d19ae3620385805a7b4,
train,flood,data/train/flood/flood_image0177.jpg,aider_raw/AIDER/flooded_areas/flood_image0177.jpg,dbf82b87e2b4d725f7eca5630cfb3e1d,
train,flood,data/train/flood/flood_image0179.jpg,aider_raw/AIDER/flooded_areas/flood_image0179.jpg,33bec4db929ba93e4c05f062d416347d,
train,flood,data/train/flood/flood_image0181.jpg,aider_raw/AIDER/flooded_areas/flood_image0181.jpg,7918451f32478f154e29398143927ed3,
train,flood,data/train/flood/flood_image0182.jpg,aider_raw/AIDER/flooded_areas/flood_image0182.jpg,4396881ac04e5f758dcf6dbe5774da9d,
train,flood,data/train/flood/flood_image0183.jpg,aider_raw/AIDER/flooded_areas/flood_image0183.jpg,7842b701e2dbc5cec89e8c867c553137,
train,flood,data/train/flood/flood_image0184.jpg,aider_raw/AIDER/flooded_areas/flood_image0184.jpg,8030dcf0193d54dc3ecbfc08654a9332,
train,flood,data/train/flood/flood_image0185.jpg,aider_raw/AIDER/flooded_areas/flood_image0185.jpg,bbcc4e74028345e6eae947e7dc9fec08,
train,flood,data/train/flood/flood_image0186.jpg,aider_raw/AIDER/flooded_areas/flood_image0186.jpg,ec2acc10476001eb3d316d92d165f0bc,
train,flood,data/train/flood/flood_image0188.jpg,aider_raw/AIDER/flooded_areas/flood_image0188.jpg,312eec5a3fdec3f617bae1dba58fda64,
train,flood,data/train/flood/flood_image0190.jpg,aider_raw/AIDER/flooded_areas/flood_image0190.jpg,c477851a579dcdd99835f185de7fcc21,
train,flood,data/train/flood/flood_image0191.jpg,aider_raw/AIDER/flooded_areas/flood_image0191.jpg,83498b9148f3b26775b07ddd8f0f2fb0,
train,flood,data/train/flood/flood_image0192.jpg,aider_raw/AIDER/flooded_areas/flood_image0192.jpg,38b5d22aac666c09e72719f5053409f2,
train,flood,data/train/flood/flood_image0193.jpg,aider_raw/AIDER/flooded_areas/flood_image0193.jpg,f6fd6049140e180d8212e9a4447d2d27,
train,flood,data/train/flood/flood_image0194.jpg,aider_raw/AIDER/flooded_areas/flood_image0194.jpg,65a96edda5a7f511a709051646d30913,
train,flood,data/train/flood/flood_image0195.jpg,aider_raw/AIDER/flooded_areas/flood_image0195.jpg,6c247525d78cf19b49226ef3c94130fb,
train,flood,data/train/flood/flood_image0196.jpg,aider_raw/AIDER/flooded_areas/flood_image0196.jpg,d5f5319e2423ffc1692d74e5d22f3ab5,
train,flood,data/train/flood/flood_image0198.jpg,aider_raw/AIDER/flooded_areas/flood_image0198.jpg,62537a1824582b3d218407d4cd4876b8,
train,flood,data/train/flood/flood_image0199.jpg,aider_raw/AIDER/flooded_areas/flood_image0199.jpg,cfac74cc655e37f97b2b90c50a797350,
train,flood,data/train/flood/flood_image0203.jpg,aider_raw/AIDER/flooded_areas/flood_image0203.jpg,46a7213912f7de950ed407a3c50a3bfa,
train,flood,data/train/flood/flood_image0204.jpg,aider_raw/AIDER/flooded_areas/flood_image0204.jpg,7cdddeb4421ea3372737a6abab16ffa2,
train,flood,data/train/flood/flood_image0205.jpg,aider_raw/AIDER/flooded_areas/flood_image0205.jpg,f5abd7f5ed06f9a0e75c3c8fa5780367,
train,flood,data/train/flood/flood_image0206.jpg,aider_raw/AIDER/flooded_areas/flood_image0206.jpg,4e887094907349cabd1bc6c5242dee2a,
train,flood,data/train/flood/flood_image0207.jpg,aider_raw/AIDER/flooded_areas/flood_image0207.jpg,1ef27fc59eab0280188e94ab50289c98,
train,flood,data/train/flood/flood_image0208.jpg,aider_raw/AIDER/flooded_areas/flood_image0208.jpg,f43946b5b555e3968bbae7796426ad57,
train,flood,data/train/flood/flood_image0209.jpg,aider_raw/AIDER/flooded_areas/flood_image0209.jpg,1e632837e2d32cd2d8eefa0af1b3f7ed,
train,flood,data/train/flood/flood_image0210.jpg,aider_raw/AIDER/flooded_areas/flood_image0210.jpg,143d16efeccf1b36a21fec749538d955,
train,flood,data/train/flood/flood_image0212.jpg,aider_raw/AIDER/flooded_areas/flood_image0212.jpg,09adc4fe1aac6750b923a00f6ad5152d,
train,flood,data/train/flood/flood_image0213.jpg,aider_raw/AIDER/flooded_areas/flood_image0213.jpg,284afaf6ae0516c1337c8488b05a0159,
train,flood,data/train/flood/flood_image0214.jpg,aider_raw/AIDER/flooded_areas/flood_image0214.jpg,0d6a4e5288feb978af32b9a4dc82d9b4,
train,flood,data/train/flood/flood_image0215.jpg,aider_raw/AIDER/flooded_areas/flood_image0215.jpg,98377bea9dd85647787d19c753757a31,
train,flood,data/train/flood/flood_image0216.jpg,aider_raw/AIDER/flooded_areas/flood_image0216.jpg,14bfc3d58f6429f6da28a1a6035b4cef,
train,flood,data/train/flood/flood_image0218.jpg,aider_raw/AIDER/flooded_areas/flood_image0218.jpg,f8ccf3bf325bbb46d2bd88ba72a63f1f,
train,flood,data/train/flood/flood_image0220.jpg,aider_raw/AIDER/flooded_areas/flood_image0220.jpg,20bee7fdf6840bc1f1b9fc242bef391a,
train,flood,data/train/flood/flood_image0222.jpg,aider_raw/AIDER/flooded_areas/flood_image0222.jpg,5438f617f6a66cbc17c173d609a72cb1,
train,flood,data/train/flood/flood_image0225.jpg,aider_raw/AIDER/flooded_areas/flood_image0225.jpg,1cf14cec36058fdd6740d9beb68925da,
train,flood,data/train/flood/flood_image0226.jpg,aider_raw/AIDER/flooded_areas/flood_image0226.jpg,6e82d6a8b0718a6d735aad112d4790e2,
train,flood,data/train/flood/flood_image0228.jpg,aider_raw/AIDER/flooded_areas/flood_image0228.jpg,20203097f6bdc68cf1f7a77ad14896f0,
train,flood,data/train/flood/flood_image0229.jpg,aider_raw/AIDER/flooded_areas/flood_image0229.jpg,224ed4bf63a8fa0dd3d4cfc52e2760b6,
train,flood,data/train/flood/flood_image0231.jpg,aider_raw/AIDER/flooded_areas/flood_image0231.jpg,69b7eafab3ddb987d734f7c09bbe686d,
train,flood,data/train/flood/flood_image0232.jpg,aider_raw/AIDER/flooded_areas/flood_image0232.jpg,aa4de0950f133ed630af23586624b21c,
train,flood,data/train/flood/flood_image0233.jpg,aider_raw/AIDER/flooded_areas/flood_image0233.jpg,3d882dd7fe724cf51fa9a6693f61a38c,
train,flood,data/train/flood/flood_image0235.jpg,aider_raw/AIDER/flooded_areas/flood_image0235.jpg,d87df544c16f1a8677fe8b8fcf57c422,
train,flood,data/train/flood/flood_image0236.jpg,aider_raw/AIDER/flooded_areas/flood_image0236.jpg,43a9c9697a8f9a3fc9ab141dad01b9c0,
train,flood,data/train/flood/flood_image0237.jpg,aider_raw/AIDER/flooded_areas/flood_image0237.jpg,f25707b6da29d229b92768604bacec59,
train,flood,data/train/flood/flood_image0238.jpg,aider_raw/AIDER/flooded_areas/flood_image0238.jpg,54aad3d484af5cbe8760e593cffcef89,
train,flood,data/train/flood/flood_image0239.jpg,aider_raw/AIDER/flooded_areas/flood_image0239.jpg,786a9e06d72dfc89b5188fe52694d9dd,
train,flood,data/train/flood/flood_image0240.jpg,aider_raw/AIDER/flooded_areas/flood_image0240.jpg,a9abf1627410d54b2054e084658fc547,
train,flood,data/train/flood/flood_image0241.jpg,aider_raw/AIDER/flooded_areas/flood_image0241.jpg,7a6d5abaa672b80c2b78e04957004586,
train,flood,data/train/flood/flood_image0242.jpg,aider_raw/AIDER/flooded_areas/flood_image0242.jpg,dbddf59e3a59d2e890b81a1f7b7bc4f9,
train,flood,data/train/flood/flood_image0244.jpg,aider_raw/AIDER/flooded_areas/flood_image0244.jpg,83e3c3e4dea76eaec561653de14011b2,
train,flood,data/train/flood/flood_image0245.jpg,aider_raw/AIDER/flooded_areas/flood_image0245.jpg,c6bdc60f8cf87d7026392a79a5d4aae2,
train,flood,data/train/flood/flood_image0246.jpg,aider_raw/AIDER/flooded_areas/flood_image0246.jpg,10a6ec09017962fbbc6c5402d249aa4b,
train,flood,data/train/flood/flood_image0247.jpg,aider_raw/AIDER/flooded_areas/flood_image0247.jpg,7198570fc4badf93922f0d971f9713b6,
train,flood,data/train/flood/flood_image0249.jpg,aider_raw/AIDER/flooded_areas/flood_image0249.jpg,e20ac548ff23dcedbaa476390ed3fd36,
train,flood,data/train/flood/flood_image0250.jpg,aider_raw/AIDER/flooded_areas/flood_image0250.jpg,c3a40a6d89d47c649321d06e285afbb8,
train,flood,data/train/flood/flood_image0252.jpg,aider_raw/AIDER/flooded_areas/flood_image0252.jpg,4c2dbdb68523487da3934534ef325fa5,
train,flood,data/train/flood/flood_image0253.jpg,aider_raw/AIDER/flooded_areas/flood_image0253.jpg,082eda9cad8bd2b1e35f8e6d4a57715f,
train,flood,data/train/flood/flood_image0255.jpg,aider_raw/AIDER/flooded_areas/flood_image0255.jpg,40346eeedd72678843cd61d30116cdd5,
train,flood,data/train/flood/flood_image0256.jpg,aider_raw/AIDER/flooded_areas/flood_image0256.jpg,d5aeb603c778ac63bf9f8c05c2c892ad,
train,flood,data/train/flood/flood_image0258.jpg,aider_raw/AIDER/flooded_areas/flood_image0258.jpg,b3d5e7e8345111c9c1f95f345760632b,
train,flood,data/train/flood/flood_image0259.jpg,aider_raw/AIDER/flooded_areas/flood_image0259.jpg,4f80ee6a04bce9ce2d1e4d7fa469da7b,
train,flood,data/train/flood/flood_image0261.jpg,aider_raw/AIDER/flooded_areas/flood_image0261.jpg,38b7c0d0cd200977de54fd24751b988e,
train,flood,data/train/flood/flood_image0262.jpg,aider_raw/AIDER/flooded_areas/flood_image0262.jpg,710a310645249fc16c8b2a0783910543,
train,flood,data/train/flood/flood_image0263.jpg,aider_raw/AIDER/flooded_areas/flood_image0263.jpg,00b929b53bc910b9684884918ab03b02,
train,flood,data/train/flood/flood_image0264.jpg,aider_raw/AIDER/flooded_areas/flood_image0264.jpg,71a5999129dd648d65c9adcd2ffc49a7,
train,flood,data/train/flood/flood_image0266.jpg,aider_raw/AIDER/flooded_areas/flood_image0266.jpg,52b2fae791e0fd95551638cdc304f6ec,
train,flood,data/train/flood/flood_image0268.jpg,aider_raw/AIDER/flooded_areas/flood_image0268.jpg,40c504776ee9687feecccf8898e80e06,
train,flood,data/train/flood/flood_image0270.jpg,aider_raw/AIDER/flooded_areas/flood_image0270.jpg,6d5375e67af095f7985667265302b3f5,
train,flood,data/train/flood/flood_image0272.jpg,aider_raw/AIDER/flooded_areas/flood_image0272.jpg,eb99113a545bdad4e4e436290a440463,
train,flood,data/train/flood/flood_image0273.jpg,aider_raw/AIDER/flooded_areas/flood_image0273.jpg,a4ae33f9bb664e98f96370ea6bdcb543,
train,flood,data/train/flood/flood_image0274.jpg,aider_raw/AIDER/flooded_areas/flood_image0274.jpg,3b018da3de078f6117c3fc702a69622d,
train,flood,data/train/flood/flood_image0277.jpg,aider_raw/AIDER/flooded_areas/flood_image0277.jpg,0aa53140a5ad26d24d4e93ab46860c96,
train,flood,data/train/flood/flood_image0278.jpg,aider_raw/AIDER/flooded_areas/flood_image0278.jpg,174c2263e057dd0003b7170c023aaec6,
train,flood,data/train/flood/flood_image0279.jpg,aider_raw/AIDER/flooded_areas/flood_image0279.jpg,432612392559c72fc638c5985bdde3be,
train,flood,data/train/flood/flood_image0280.jpg,aider_raw/AIDER/flooded_areas/flood_image0280.jpg,247d84a20518506862dc248c2559108a,
train,flood,data/train/flood/flood_image0282.jpg,aider_raw/AIDER/flooded_areas/flood_image0282.jpg,70f3a5f9f51a4eda75e006ef69860683,
train,flood,data/train/flood/flood_image0283.jpg,aider_raw/AIDER/flooded_areas/flood_image0283.jpg,0868324ed4a1b15e72f4a973a9044fb8,
train,flood,data/train/flood/flood_image0285.jpg,aider_raw/AIDER/flooded_areas/flood_image0285.jpg,84320264f6f5c51dbdc8002f04e084f8,
train,flood,data/train/flood/flood_image0287.jpg,aider_raw/AIDER/flooded_areas/flood_image0287.jpg,92c7d68ed2ed7a8403fcb2d85808992c,
train,flood,data/train/flood/flood_image0289.jpg,aider_raw/AIDER/flooded_areas/flood_image0289.jpg,90460d6550ebb5589601bc3b82b71f85,
train,flood,data/train/flood/flood_image0291.jpg,aider_raw/AIDER/flooded_areas/flood_image0291.jpg,fe1f4bcd6b3c8ae84f1c7061023786e3,
train,flood,data/train/flood/flood_image0292.jpg,aider_raw/AIDER/flooded_areas/flood_image0292.jpg,849b3cd7e7fbfd20eaf0598702359bd2,
train,flood,data/train/flood/flood_image0293.jpg,aider_raw/AIDER/flooded_areas/flood_image0293.jpg,8c44d41d906621243eba5044ab9a2b05,
train,flood,data/train/flood/flood_image0294.jpg,aider_raw/AIDER/flooded_areas/flood_image0294.jpg,afbc4b64e64e7f187c2b958f59a9f8e4,
train,flood,data/train/flood/flood_image0295.jpg,aider_raw/AIDER/flooded_areas/flood_image0295.jpg,5b5d61775cf31326c89fbcebc20b54be,
train,flood,data/train/flood/flood_image0297.jpg,aider_raw/AIDER/flooded_areas/flood_image0297.jpg,8cb28f87c63997cdbc6ed022d7f50c94,
train,flood,data/train/flood/flood_image0298.jpg,aider_raw/AIDER/flooded_areas/flood_image0298.jpg,052836ab704c98df4cf375479e513d0c,
train,flood,data/train/flood/flood_image0300.jpg,aider_raw/AIDER/flooded_areas/flood_image0300.jpg,64ddc9a7174e0c3b1b1650f0939a7bb1,
train,flood,data/train/flood/flood_image0302.jpg,aider_raw/AIDER/flooded_areas/flood_image0302.jpg,0853ea52a6bb34f99b6c63c60d4b557d,
train,flood,data/train/flood/flood_image0303.jpg,aider_raw/AIDER/flooded_areas/flood_image0303.jpg,1e641d02b6f163d285d05368186d064a,
train,flood,data/train/flood/flood_image0304.jpg,aider_raw/AIDER/flooded_areas/flood_image0304.jpg,66ecac8dc08912731d4bc3a8367c2898,
train,flood,data/train/flood/flood_image0305.jpg,aider_raw/AIDER/flooded_areas/flood_image0305.jpg,12e72cb63f9a571b283d5fbce8137d6b,
train,flood,data/train/flood/flood_image0307.jpg,aider_raw/AIDER/flooded_areas/flood_image0307.jpg,cbcd2dccb2fccdf58755a7ac2ecc4f26,
train,flood,data/train/flood/flood_image0309.jpg,aider_raw/AIDER/flooded_areas/flood_image0309.jpg,db92115f50d1f860c983195a25c15efc,
train,flood,data/train/flood/flood_image0310.jpg,aider_raw/AIDER/flooded_areas/flood_image0310.jpg,b387cc47604498c01c7d7a8bc3f09d9a,
train,flood,data/train/flood/flood_image0311.jpg,aider_raw/AIDER/flooded_areas/flood_image0311.jpg,a8f40823de3e3f688f0cbf3f7e1ec203,
train,flood,data/train/flood/flood_image0312.jpg,aider_raw/AIDER/flooded_areas/flood_image0312.jpg,7b94bc2936f012be9c414f72a35d8317,
train,flood,data/train/flood/flood_image0313.jpg,aider_raw/AIDER/flooded_areas/flood_image0313.jpg,03f097ab0742294f0ff9a98f82c48ac5,
train,flood,data/train/flood/flood_image0314.jpg,aider_raw/AIDER/flooded_areas/flood_image0314.jpg,1827ae82e56e630fb76ff0b3f1f04793,
train,flood,data/train/flood/flood_image0315.jpg,aider_raw/AIDER/flooded_areas/flood_image0315.jpg,020d77bec682e21a0c7330f6026951a5,
train,flood,data/train/flood/flood_image0316.jpg,aider_raw/AIDER/flooded_areas/flood_image0316.jpg,84b9d0a4242a46c20dda79d4bba2b0fc,
train,flood,data/train/flood/flood_image0318.jpg,aider_raw/AIDER/flooded_areas/flood_image0318.jpg,7427dc1b4d14cd635c725c516d9f50a8,
train,flood,data/train/flood/flood_image0319.jpg,aider_raw/AIDER/flooded_areas/flood_image0319.jpg,c7299c173c80b7e1ca66d581f1a07a67,
train,flood,data/train/flood/flood_image0320.jpg,aider_raw/AIDER/flooded_areas/flood_image0320.jpg,34a124b622f654b19369f78bc8d2fe00,
train,flood,data/train/flood/flood_image0321.jpg,aider_raw/AIDER/flooded_areas/flood_image0321.jpg,57243c9e38b29481393c6efdb1d420c8,
train,flood,data/train/flood/flood_image0322.jpg,aider_raw/AIDER/flooded_areas/flood_image0322.jpg,88e70ccc7ca39ad07317d5db62af5a2e,
train,flood,data/train/flood/flood_image0323.jpg,aider_raw/AIDER/flooded_areas/flood_image0323.jpg,ea988cbf2ba22753dad99b3c55147230,
train,flood,data/train/flood/flood_image0325.jpg,aider_raw/AIDER/flooded_areas/flood_image0325.jpg,bf343aac8c4a8893e784e2608a7edfb0,
train,flood,data/train/flood/flood_image0326.jpg,aider_raw/AIDER/flooded_areas/flood_image0326.jpg,2c105573725970126a435e6f67136254,
train,flood,data/train/flood/flood_image0327.jpg,aider_raw/AIDER/flooded_areas/flood_image0327.jpg,883f8c2b52e2e38324ba485340324e3c,
train,flood,data/train/flood/flood_image0329.jpg,aider_raw/AIDER/flooded_areas/flood_image0329.jpg,3cc53477911095fdefcfcb0fbfea7b66,
train,flood,data/train/flood/flood_image0330.jpg,aider_raw/AIDER/flooded_areas/flood_image0330.jpg,92f48c0f5355ae231add06388d49d202,
train,flood,data/train/flood/flood_image0332.jpg,aider_raw/AIDER/flooded_areas/flood_image0332.jpg,a281aa8357a1a4658fed8fb1783ff905,
train,flood,data/train/flood/flood_image0334.jpg,aider_raw/AIDER/flooded_areas/flood_image0334.jpg,f7c263f8adecfc9a6af49e2f076271b3,
train,flood,data/train/flood/flood_image0335.jpg,aider_raw/AIDER/flooded_areas/flood_image0335.jpg,07475d7d9b4a9a5d14fe5704a947c1a7,
train,flood,data/train/flood/flood_image0337.jpg,aider_raw/AIDER/flooded_areas/flood_image0337.jpg,b15ebd22c869f8f945907564aa8fc6fb,
train,flood,data/train/flood/flood_image0338.jpg,aider_raw/AIDER/flooded_areas/flood_image0338.jpg,2fdcb4fac1bed81bc1439cb8778d91b3,
train,flood,data/train/flood/flood_image0339.jpg,aider_raw/AIDER/flooded_areas/flood_image0339.jpg,cc30bc3da99e274b3a3b35166e87ac42,
train,flood,data/train/flood/flood_image0341.jpg,aider_raw/AIDER/flooded_areas/flood_image0341.jpg,eae085034239b8f2e45cda552a1c68b8,
train,flood,data/train/flood/flood_image0343.jpg,aider_raw/AIDER/flooded_areas/flood_image0343.jpg,c589e541b3285d04906943dd21825746,
train,flood,data/train/flood/flood_image0344.jpg,aider_raw/AIDER/flooded_areas/flood_image0344.jpg,4b0587fbdb299c69604ef9cb5bafce48,
train,flood,data/train/flood/flood_image0346.jpg,aider_raw/AIDER/flooded_areas/flood_image0346.jpg,9c66e55f74c6be802b18e31ff99772b5,
train,flood,data/train/flood/flood_image0347.jpg,aider_raw/AIDER/flooded_areas/flood_image0347.jpg,5f2fa234f388781a4c4ab5e231da2a6a,
train,flood,data/train/flood/flood_image0349.jpg,aider_raw/AIDER/flooded_areas/flood_image0349.jpg,ffc32af0a12dd41e8514b3b8d5cc9e1e,
train,flood,data/train/flood/flood_image0350.jpg,aider_raw/AIDER/flooded_areas/flood_image0350.jpg,d44a84838c6a01df06874373fe553f1e,
train,flood,data/train/flood/flood_image0354.jpg,aider_raw/AIDER/flooded_areas/flood_image0354.jpg,91cfb8eece352e36a81c58e3fa140b20,
train,flood,data/train/flood/flood_image0355.jpg,aider_raw/AIDER/flooded_areas/flood_image0355.jpg,e4a518ec71d5c4aee47ad98a5ea865f4,
train,flood,data/train/flood/flood_image0356.jpg,aider_raw/AIDER/flooded_areas/flood_image0356.jpg,8c9b5ff89ad9e7bfcd36b12734dab5dd,
train,flood,data/train/flood/flood_image0357.jpg,aider_raw/AIDER/flooded_areas/flood_image0357.jpg,d16a67061f6e190d1a7fe88e02ea4076,
train,flood,data/train/flood/flood_image0359.jpg,aider_raw/AIDER/flooded_areas/flood_image0359.jpg,aa80252fa731015b0c1fb0d3dfb637b3,
train,flood,data/train/flood/flood_image0360.jpg,aider_raw/AIDER/flooded_areas/flood_image0360.jpg,d9af666c2ec745c6ee2cf7411f601844,
train,flood,data/train/flood/flood_image0361.jpg,aider_raw/AIDER/flooded_areas/flood_image0361.jpg,0b68ff59bb4db00dc3973b42c7ecf347,
train,flood,data/train/flood/flood_image0362.jpg,aider_raw/AIDER/flooded_areas/flood_image0362.jpg,7b536d6e05860b260d0e46b50af3db08,
train,flood,data/train/flood/flood_image0363.jpg,aider_raw/AIDER/flooded_areas/flood_image0363.jpg,6d53c2ce57a3d67b444be863b5f47ef4,
train,flood,data/train/flood/flood_image0364.jpg,aider_raw/AIDER/flooded_areas/flood_image0364.jpg,251b56ee358d574c84ceff1d032b21f1,
train,flood,data/train/flood/flood_image0366.jpg,aider_raw/AIDER/flooded_areas/flood_image0366.jpg,11b62766c08c38cfd29ce94313b42538,
train,flood,data/train/flood/flood_image0375.jpg,aider_raw/AIDER/flooded_areas/flood_image0375.jpg,04d28f68226a15ea2717a04ff6a44a33,
train,flood,data/train/flood/flood_image0380.jpg,aider_raw/AIDER/flooded_areas/flood_image0380.jpg,809b7988ba056c8d806cf23ef20b6391,
train,flood,data/train/flood/flood_image0381.jpg,aider_raw/AIDER/flooded_areas/flood_image0381.jpg,f4eadf07656afc7d10564a6375f94a2e,
train,flood,data/train/flood/flood_image0382.jpg,aider_raw/AIDER/flooded_areas/flood_image0382.jpg,5345fe76ecf0833d459ec3f4228fc10b,
train,flood,data/train/flood/flood_image0383.jpg,aider_raw/AIDER/flooded_areas/flood_image0383.jpg,7ff61f251ba459310d8e001c2bd89426,
train,flood,data/train/flood/flood_image0385.jpg,aider_raw/AIDER/flooded_areas/flood_image0385.jpg,369e093c1424e8103f3f11e47a174263,
train,flood,data/train/flood/flood_image0386.jpg,aider_raw/AIDER/flooded_areas/flood_image0386.jpg,afad00ae9bf3c57b09bab49ec526ad50,
train,flood,data/train/flood/flood_image0390.jpg,aider_raw/AIDER/flooded_areas/flood_image0390.jpg,8ac4e811df0c9ee8e64b27847494f946,
train,flood,data/train/flood/flood_image0393.jpg,aider_raw/AIDER/flooded_areas/flood_image0393.jpg,60a95ceae4bb9ca2e3058f2b20dec6fc,
train,flood,data/train/flood/flood_image0394.jpg,aider_raw/AIDER/flooded_areas/flood_image0394.jpg,4fc27ca10d4e2f8e1cfc951131774185,
train,flood,data/train/flood/flood_image0395.jpg,aider_raw/AIDER/flooded_areas/flood_image0395.jpg,ff42a9fad24118081caf6ced45281703,
train,flood,data/train/flood/flood_image0396.jpg,aider_raw/AIDER/flooded_areas/flood_image0396.jpg,dfaf46cf57ae7f0ea57c5fd296873271,
train,flood,data/train/flood/flood_image0397.jpg,aider_raw/AIDER/flooded_areas/flood_image0397.jpg,b70855aa441b8e7efdd34dbd8b4cc2e3,
train,flood,data/train/flood/flood_image0398.jpg,aider_raw/AIDER/flooded_areas/flood_image0398.jpg,4a278dc04455258473756b464686837e,
train,flood,data/train/flood/flood_image0399.jpg,aider_raw/AIDER/flooded_areas/flood_image0399.jpg,d76312345ee6e8e7bfc5048d1d7a5368,
train,flood,data/train/flood/flood_image0400.jpg,aider_raw/AIDER/flooded_areas/flood_image0400.jpg,16b77ed4c8524d47f77033c4696a83a1,
train,flood,data/train/flood/flood_image0401.jpg,aider_raw/AIDER/flooded_areas/flood_image0401.jpg,4731761cc72b786af58b21b6a3b45002,
train,flood,data/train/flood/flood_image0403.jpg,aider_raw/AIDER/flooded_areas/flood_image0403.jpg,e812a5fe10aacb26400717b9c8dd9d9b,
train,flood,data/train/flood/flood_image0405.jpg,aider_raw/AIDER/flooded_areas/flood_image0405.jpg,eb7d3d379c9273c1b625fba49a414ae9,
train,flood,data/train/flood/flood_image0406.jpg,aider_raw/AIDER/flooded_areas/flood_image0406.jpg,30a47f795f5258130985d86fc1e6028b,
train,flood,data/train/flood/flood_image0407.jpg,aider_raw/AIDER/flooded_areas/flood_image0407.jpg,23f86aebd23b1d9efd5cfe5a7e64a405,
train,flood,data/train/flood/flood_image0408.jpg,aider_raw/AIDER/flooded_areas/flood_image0408.jpg,71448e87c0f066f8ea15181908574edd,
train,flood,data/train/flood/flood_image0413.jpg,aider_raw/AIDER/flooded_areas/flood_image0413.jpg,64e856608be96849a15f6f2b4c68a4f7,
train,flood,data/train/flood/flood_image0415.jpg,aider_raw/AIDER/flooded_areas/flood_image0415.jpg,e1518e7585ab7fdcb33f43c01e60c6b1,
train,flood,data/train/flood/flood_image0417.jpg,aider_raw/AIDER/flooded_areas/flood_image0417.jpg,12926cc0f66a8a0cd5c5195bdc9140d7,
train,flood,data/train/flood/flood_image0418.jpg,aider_raw/AIDER/flooded_areas/flood_image0418.jpg,737e77e2c7e9595604c70d1143c810dc,
train,flood,data/train/flood/flood_image0419.jpg,aider_raw/AIDER/flooded_areas/flood_image0419.jpg,9b3ee4623626f0786a9f2a7cd8ae45bf,
train,flood,data/train/flood/flood_image0420.jpg,aider_raw/AIDER/flooded_areas/flood_image0420.jpg,625d5869d5784fb8e14d4745b775c41d,
train,flood,data/train/flood/flood_image0422.jpg,aider_raw/AIDER/flooded_areas/flood_image0422.jpg,2e58bfbdcf0af456886bb4e4e5835b2f,
train,flood,data/train/flood/flood_image0423.jpg,aider_raw/AIDER/flooded_areas/flood_image0423.jpg,5865f7a2efbbbaee3c3c3e3676585c61,
train,flood,data/train/flood/flood_image0425.jpg,aider_raw/AIDER/flooded_areas/flood_image0425.jpg,377f5a6fb848ce11170249490a659db5,
train,flood,data/train/flood/flood_image0426.jpg,aider_raw/AIDER/flooded_areas/flood_image0426.jpg,931b43b8e39f7ff0e621f9d3eeb724c1,
train,flood,data/train/flood/flood_image0427.jpg,aider_raw/AIDER/flooded_areas/flood_image0427.jpg,ab6a9e99f3837e9bd4f9712a1c214dac,
train,flood,data/train/flood/flood_image0429.jpg,aider_raw/AIDER/flooded_areas/flood_image0429.jpg,fcd4c782f79ee3b7c5e8c96ffaaad011,
train,flood,data/train/flood/flood_image0430.jpg,aider_raw/AIDER/flooded_areas/flood_image0430.jpg,2ebb745917bd53dc81298b92d31c728a,
train,flood,data/train/flood/flood_image0431.jpg,aider_raw/AIDER/flooded_areas/flood_image0431.jpg,768165343bb6f4fa2f38f0a42fb98c27,
train,flood,data/train/flood/flood_image0432.jpg,aider_raw/AIDER/flooded_areas/flood_image0432.jpg,6d4b3bb8823490221854a542c9251801,
train,flood,data/train/flood/flood_image0433.jpg,aider_raw/AIDER/flooded_areas/flood_image0433.jpg,43c43897f463cabc4b30ada3d284e896,
train,flood,data/train/flood/flood_image0434.jpg,aider_raw/AIDER/flooded_areas/flood_image0434.jpg,cbbd9cec21b0fac11ec8a17b20ce025c,
train,flood,data/train/flood/flood_image0435.jpg,aider_raw/AIDER/flooded_areas/flood_image0435.jpg,34f2f37f1cf9749496a844906454f0db,
train,flood,data/train/flood/flood_image0437.jpg,aider_raw/AIDER/flooded_areas/flood_image0437.jpg,768ca21f6467ba3107dfbc2c10d80236,
train,flood,data/train/flood/flood_image0440.jpg,aider_raw/AIDER/flooded_areas/flood_image0440.jpg,fed5be6381b80f8b2e6a900740e674ad,
train,flood,data/train/flood/flood_image0441.jpg,aider_raw/AIDER/flooded_areas/flood_image0441.jpg,a6f682389c9f89898cd5241b55043d40,
train,flood,data/train/flood/flood_image0442.jpg,aider_raw/AIDER/flooded_areas/flood_image0442.jpg,90630644496fe2c58fee77fdc8b00b2a,
train,flood,data/train/flood/flood_image0443.jpg,aider_raw/AIDER/flooded_areas/flood_image0443.jpg,d3ac46af2a798ade3c936c2ed54a50b6,
train,flood,data/train/flood/flood_image0445.jpg,aider_raw/AIDER/flooded_areas/flood_image0445.jpg,ef78f2f0a80639346cb1e32c20cd43f6,
train,flood,data/train/flood/flood_image0448.jpg,aider_raw/AIDER/flooded_areas/flood_image0448.jpg,3baae8a533effc5ccab8443137524588,
train,flood,data/train/flood/flood_image0449.jpg,aider_raw/AIDER/flooded_areas/flood_image0449.jpg,d670f5e367922c97e98f10853f75f47d,
train,flood,data/train/flood/flood_image0450.jpg,aider_raw/AIDER/flooded_areas/flood_image0450.jpg,417e73e23f0028da48473685c1edf99f,
train,flood,data/train/flood/flood_image0451.jpg,aider_raw/AIDER/flooded_areas/flood_image0451.jpg,0d121d76b07f7a6b7238241878e1b00d,
train,flood,data/train/flood/flood_image0452.jpg,aider_raw/AIDER/flooded_areas/flood_image0452.jpg,98106eb237c4be0fddf5f931e07b2b02,
train,flood,data/train/flood/flood_image0454.jpg,aider_raw/AIDER/flooded_areas/flood_image0454.jpg,6d720288e90e2ad241f34b3fadc2c90c,
train,flood,data/train/flood/flood_image0455.jpg,aider_raw/AIDER/flooded_areas/flood_image0455.jpg,d1887c867a3d132f0aa507aaf10eae18,
train,flood,data/train/flood/flood_image0456.jpg,aider_raw/AIDER/flooded_areas/flood_image0456.jpg,47a96e8e413a4323ed24e4897c19ada9,
train,flood,data/train/flood/flood_image0457.jpg,aider_raw/AIDER/flooded_areas/flood_image0457.jpg,eb19ff789cf7f78b5dc8122028b275dc,
train,flood,data/train/flood/flood_image0458.jpg,aider_raw/AIDER/flooded_areas/flood_image0458.jpg,2e83273ac0a518445cdfe4516d3c01f5,
train,flood,data/train/flood/flood_image0459.jpg,aider_raw/AIDER/flooded_areas/flood_image0459.jpg,9e58e03779851182766448cf435204bf,
train,flood,data/train/flood/flood_image0460.jpg,aider_raw/AIDER/flooded_areas/flood_image0460.jpg,544473dc306ff1a493fc601b4f37e34d,
train,flood,data/train/flood/flood_image0463.jpg,aider_raw/AIDER/flooded_areas/flood_image0463.jpg,b9ed6cded3d84d28335d9b2627e59fa5,
train,flood,data/train/flood/flood_image0464.jpg,aider_raw/AIDER/flooded_areas/flood_image0464.jpg,4e3f577cab2fee9994211b5a5062c0c7,
train,flood,data/train/flood/flood_image0465.jpg,aider_raw/AIDER/flooded_areas/flood_image0465.jpg,8ebbdc319ac6ad02b44b3a77ca0907c6,
train,flood,data/train/flood/flood_image0466.jpg,aider_raw/AIDER/flooded_areas/flood_image0466.jpg,f8fa43449670dbeabffc4cb60b9c5942,
train,flood,data/train/flood/flood_image0467.jpg,aider_raw/AIDER/flooded_areas/flood_image0467.jpg,e36d9aad7b0fefcd050e32e763426221,
train,flood,data/train/flood/flood_image0468.jpg,aider_raw/AIDER/flooded_areas/flood_image0468.jpg,189f7780a7bc7139a7b51117dfd9c2f5,
train,flood,data/train/flood/flood_image0469.jpg,aider_raw/AIDER/flooded_areas/flood_image0469.jpg,c015371f86d7c90386aa8813cedca3a5,
train,flood,data/train/flood/flood_image0471.jpg,aider_raw/AIDER/flooded_areas/flood_image0471.jpg,2e36504d4d759e494ff44edda129205b,
train,flood,data/train/flood/flood_image0472.jpg,aider_raw/AIDER/flooded_areas/flood_image0472.jpg,3a07944c3eb9559f3d66a342fa50f904,
train,flood,data/train/flood/flood_image0473.jpg,aider_raw/AIDER/flooded_areas/flood_image0473.jpg,6d8ff4a7263dd42eb29630bc50cfbb42,
train,flood,data/train/flood/flood_image0474.jpg,aider_raw/AIDER/flooded_areas/flood_image0474.jpg,f916fb5f58a21ccd237917e9ae3bd51b,
train,flood,data/train/flood/flood_image0475.jpg,aider_raw/AIDER/flooded_areas/flood_image0475.jpg,738cdc525b6aabb8d746b08efe5045da,
train,flood,data/train/flood/flood_image0476.jpg,aider_raw/AIDER/flooded_areas/flood_image0476.jpg,dad7e064f4018d3db80d60a0a9903797,
train,flood,data/train/flood/flood_image0478.jpg,aider_raw/AIDER/flooded_areas/flood_image0478.jpg,169a7fa8d33ee574ffe1e033b9839b8d,
train,flood,data/train/flood/flood_image0480.jpg,aider_raw/AIDER/flooded_areas/flood_image0480.jpg,537886eba822369bd5f7f0f5758c08de,
train,flood,data/train/flood/flood_image0481.jpg,aider_raw/AIDER/flooded_areas/flood_image0481.jpg,f82e80cbdc8117386ded2a2adc4b0e12,
train,flood,data/train/flood/flood_image0482.jpg,aider_raw/AIDER/flooded_areas/flood_image0482.jpg,99f5d1ac9409a6183ef2ba09341169a4,
train,flood,data/train/flood/flood_image0483.jpg,aider_raw/AIDER/flooded_areas/flood_image0483.jpg,ee1966f6ae8d0b8b89e55692d36d6c98,
train,flood,data/train/flood/flood_image0485.jpg,aider_raw/AIDER/flooded_areas/flood_image0485.jpg,7f00c88866a5a1727e852300e86231fd,
train,flood,data/train/flood/flood_image0487.jpg,aider_raw/AIDER/flooded_areas/flood_image0487.jpg,f62a7e8d105a0008ead0f5f1d6a24be5,
train,flood,data/train/flood/flood_image0489.jpg,aider_raw/AIDER/flooded_areas/flood_image0489.jpg,2cc2c6f2f164d59f5138333d1e0287a7,
train,flood,data/train/flood/flood_image0490.jpg,aider_raw/AIDER/flooded_areas/flood_image0490.jpg,f5c947b888c0d57da624c91f68238033,
train,flood,data/train/flood/flood_image0492.jpg,aider_raw/AIDER/flooded_areas/flood_image0492.jpg,a81543ed17d7b1fa72e2046ff07464fb,
train,flood,data/train/flood/flood_image0493.jpg,aider_raw/AIDER/flooded_areas/flood_image0493.jpg,eb5def046ddeb852aaa38891d5cc8d75,
train,flood,data/train/flood/flood_image0494.jpg,aider_raw/AIDER/flooded_areas/flood_image0494.jpg,4672b7634e050cffc2c9d079b0dab380,
train,flood,data/train/flood/flood_image0495.jpg,aider_raw/AIDER/flooded_areas/flood_image0495.jpg,c1957180b147d29574e8b4a861684019,
train,flood,data/train/flood/flood_image0496.jpg,aider_raw/AIDER/flooded_areas/flood_image0496.jpg,2cbeac764564c0eea3d409ebe35ee67a,
train,flood,data/train/flood/flood_image0497.jpg,aider_raw/AIDER/flooded_areas/flood_image0497.jpg,ca1f3e0d3fb6745091d55c8a3ac6f5f1,
train,flood,data/train/flood/flood_image0499.jpg,aider_raw/AIDER/flooded_areas/flood_image0499.jpg,ba42f5a37fdbb0111d91f19561a440e8,
train,flood,data/train/flood/flood_image0504.jpg,aider_raw/AIDER/flooded_areas/flood_image0504.jpg,b1e00ed2b322fe84b954211427dbccc8,
train,flood,data/train/flood/flood_image0506.jpg,aider_raw/AIDER/flooded_areas/flood_image0506.jpg,6eaa27403831d9b2d750c5972638e6ca,
train,flood,data/train/flood/flood_image0507.jpg,aider_raw/AIDER/flooded_areas/flood_image0507.jpg,9d3fc7fa5221e8d12023c3caf5e10dee,
train,flood,data/train/flood/flood_image0508.jpg,aider_raw/AIDER/flooded_areas/flood_image0508.jpg,e1747e987de25d9db09df9e788fac727,
train,flood,data/train/flood/flood_image0509.jpg,aider_raw/AIDER/flooded_areas/flood_image0509.jpg,106d2491dab0a43aa0f7fc5c3c47e5cc,
train,flood,data/train/flood/flood_image0512.jpg,aider_raw/AIDER/flooded_areas/flood_image0512.jpg,e812f54cafaf020471563d857e560540,
train,flood,data/train/flood/flood_image0513.jpg,aider_raw/AIDER/flooded_areas/flood_image0513.jpg,df420a55576b6a09708920618a5f92e8,
train,flood,data/train/flood/flood_image0514.jpg,aider_raw/AIDER/flooded_areas/flood_image0514.jpg,550cec74f72b02c5516dd639ccef4e4b,
train,flood,data/train/flood/flood_image0515.jpg,aider_raw/AIDER/flooded_areas/flood_image0515.jpg,bb1127d505ad0135f6d05da31154ef28,
train,flood,data/train/flood/flood_image0517.jpg,aider_raw/AIDER/flooded_areas/flood_image0517.jpg,1a0b246f7ca0e3b50cf1afd0037595aa,
train,flood,data/train/flood/flood_image0520.jpg,aider_raw/AIDER/flooded_areas/flood_image0520.jpg,a5ac279ef29609fd40501fe63f17b21e,
train,flood,data/train/flood/flood_image0521.jpg,aider_raw/AIDER/flooded_areas/flood_image0521.jpg,56bcdaa94c0bb9e2a4bf9ae040a680a4,
train,flood,data/train/flood/flood_image0524.jpg,aider_raw/AIDER/flooded_areas/flood_image0524.jpg,59144394e9b0f2c3fdf62c469134c8d7,
val,no_flood,data/val/no_flood/normal_image0020.jpg,aider_raw/AIDER/normal/normal_image0020.jpg,5b3a26f56d3218ecd5193de6b5920350,
val,no_flood,data/val/no_flood/normal_image0027.jpg,aider_raw/AIDER/normal/normal_image0027.jpg,3aa5cbca3208f2901f7eba1facf667de,
val,no_flood,data/val/no_flood/normal_image0069.jpg,aider_raw/AIDER/normal/normal_image0069.jpg,d4cfe24f244e0eab6ffdae364a3852d3,
val,no_flood,data/val/no_flood/normal_image0070.jpg,aider_raw/AIDER/normal/normal_image0070.jpg,abbed0ab076f38348eebce12e67a33f2,
val,no_flood,data/val/no_flood/normal_image0094.jpg,aider_raw/AIDER/normal/normal_image0094.jpg,5dab7423582accf93bd9086eb6e92808,
val,no_flood,data/val/no_flood/normal_image0129.jpg,aider_raw/AIDER/normal/normal_image0129.jpg,4314af5865566276e632f9cf0b6a2cc6,
val,no_flood,data/val/no_flood/normal_image0152.jpg,aider_raw/AIDER/normal/normal_image0152.jpg,9717cc94dd81b9c7071581f94582d08d,
val,no_flood,data/val/no_flood/normal_image0157.jpg,aider_raw/AIDER/normal/normal_image0157.jpg,5143fde0008d7b3e6be187280525ee5d,
val,no_flood,data/val/no_flood/normal_image0184.jpg,aider_raw/AIDER/normal/normal_image0184.jpg,1ae7a51a3dd364c942a5c4d926930106,
val,no_flood,data/val/no_flood/normal_image0215.jpg,aider_raw/AIDER/normal/normal_image0215.jpg,dcbcf2d86c987feea1d1aa7f831266fe,
val,no_flood,data/val/no_flood/normal_image0247.jpg,aider_raw/AIDER/normal/normal_image0247.jpg,2c4ad07759bb75285ec1f89f0ae2fd3d,
val,no_flood,data/val/no_flood/normal_image0278.jpg,aider_raw/AIDER/normal/normal_image0278.jpg,6805aee6d4663f7166cf0f017f0f73f4,
val,no_flood,data/val/no_flood/normal_image0286.jpg,aider_raw/AIDER/normal/normal_image0286.jpg,4efce6306f98767ed99b9d9d7221b007,
val,no_flood,data/val/no_flood/normal_image0304.jpg,aider_raw/AIDER/normal/normal_image0304.jpg,041aa5391145186e2c601b3e0807007c,
val,no_flood,data/val/no_flood/normal_image0307.jpg,aider_raw/AIDER/normal/normal_image0307.jpg,df2c0a6eee9d6f8c2432af96b5d26e40,
val,no_flood,data/val/no_flood/normal_image0349.jpg,aider_raw/AIDER/normal/normal_image0349.jpg,9997d89eee3d547e4e7fea17518fb148,
val,no_flood,data/val/no_flood/normal_image0403.jpg,aider_raw/AIDER/normal/normal_image0403.jpg,950a775b3c6b7c954782388b27133d59,
val,no_flood,data/val/no_flood/normal_image0442.jpg,aider_raw/AIDER/normal/normal_image0442.jpg,cc9ecb8b666b157288d0c38d35c2822e,
val,no_flood,data/val/no_flood/normal_image0465.jpg,aider_raw/AIDER/normal/normal_image0465.jpg,3340f5e20958c27da6433301f97f6095,
val,no_flood,data/val/no_flood/normal_image0469.jpg,aider_raw/AIDER/normal/normal_image0469.jpg,fbb0fd93cfe0512dc40a9a1046f612cb,
val,no_flood,data/val/no_flood/normal_image0497.jpg,aider_raw/AIDER/normal/normal_image0497.jpg,0e304bf322b0ac7ab677b318ad349777,
val,no_flood,data/val/no_flood/normal_image0528.jpg,aider_raw/AIDER/normal/normal_image0528.jpg,fbc7f35c1fb9b3e4b18bbfeeb0fb9fe2,
val,no_flood,data/val/no_flood/normal_image0540.jpg,aider_raw/AIDER/normal/normal_image0540.jpg,e1e383e0966721fbffe627857d8a6c23,
val,no_flood,data/val/no_flood/normal_image0552.jpg,aider_raw/AIDER/normal/normal_image0552.jpg,f8614273c5d38ee0239cae8ab5f19a39,
val,no_flood,data/val/no_flood/normal_image0563.jpg,aider_raw/AIDER/normal/normal_image0563.jpg,4417cc8b41c3b84567c4f6e8da275368,
val,no_flood,data/val/no_flood/normal_image0573.jpg,aider_raw/AIDER/normal/normal_image0573.jpg,e8b66501af2714df563fde04b394fa60,
val,no_flood,data/val/no_flood/normal_image0577.jpg,aider_raw/AIDER/normal/normal_image0577.jpg,1f5daa9a776dd1c314e14e5350effe17,
val,no_flood,data/val/no_flood/normal_image0616.jpg,aider_raw/AIDER/normal/normal_image0616.jpg,5d86ae6e00069a8edc3978061da215d6,
val,no_flood,data/val/no_flood/normal_image0618.jpg,aider_raw/AIDER/normal/normal_image0618.jpg,0104a0c0edb407723e76a15edd2886f1,
val,no_flood,data/val/no_flood/normal_image0659.jpg,aider_raw/AIDER/normal/normal_image0659.jpg,42711784050effca8937961eee7c1ffa,
val,no_flood,data/val/no_flood/normal_image0686.jpg,aider_raw/AIDER/normal/normal_image0686.jpg,cceb889e9fad444d2423143f8eb0222a,
val,no_flood,data/val/no_flood/normal_image0701.jpg,aider_raw/AIDER/normal/normal_image0701.jpg,f3e4c397638c77438e4dd08db2da3138,
val,no_flood,data/val/no_flood/normal_image0719.jpg,aider_raw/AIDER/normal/normal_image0719.jpg,7575c22173725c11ec542d4dd2b4c365,
val,no_flood,data/val/no_flood/normal_image0772.jpg,aider_raw/AIDER/normal/normal_image0772.jpg,5980435b3c1b7ed3f31c05f6ce71b795,
val,no_flood,data/val/no_flood/normal_image0793.jpg,aider_raw/AIDER/normal/normal_image0793.jpg,1be1d878a1e29edc7539f3799f7a8a02,
val,no_flood,data/val/no_flood/normal_image0818.jpg,aider_raw/AIDER/normal/normal_image0818.jpg,f9be02ed9f32b16abac14345e48cdecf,
val,no_flood,data/val/no_flood/normal_image0954.jpg,aider_raw/AIDER/normal/normal_image0954.jpg,dca6d052018be1795e2f5818f7d9b212,
val,no_flood,data/val/no_flood/normal_image0985.jpg,aider_raw/AIDER/normal/normal_image0985.jpg,9584c09430fb76ce3d58338d16adc775,
val,no_flood,data/val/no_flood/normal_image1073.jpg,aider_raw/AIDER/normal/normal_image1073.jpg,1226fe7c3b0f5d62922f98a9dcfd8ddc,
val,no_flood,data/val/no_flood/normal_image1080.jpg,aider_raw/AIDER/normal/normal_image1080.jpg,3e766f7ca9752df1a27e9d6dc9378830,
val,no_flood,data/val/no_flood/normal_image1105.jpg,aider_raw/AIDER/normal/normal_image1105.jpg,a03f3eafc9b09429cde3e9081187fefe,
val,no_flood,data/val/no_flood/normal_image1157.jpg,aider_raw/AIDER/normal/normal_image1157.jpg,9fd3f32b68117d4bf158a519d6a9878e,
val,no_flood,data/val/no_flood/normal_image1187.jpg,aider_raw/AIDER/normal/normal_image1187.jpg,41106e272c44a2d8eca79d921a11427d,
val,no_flood,data/val/no_flood/normal_image1214.jpg,aider_raw/AIDER/normal/normal_image1214.jpg,24d347c70da20a60ffdd0c7d02bc1523,
val,no_flood,data/val/no_flood/normal_image1221.jpg,aider_raw/AIDER/normal/normal_image1221.jpg,3aa3ee9269cd7b5e0b4834805d384e56,
val,no_flood,data/val/no_flood/normal_image1228.jpg,aider_raw/AIDER/normal/normal_image1228.jpg,2933dbd606465ec92f2a95fe796bfe92,
val,no_flood,data/val/no_flood/normal_image1370.jpg,aider_raw/AIDER/normal/normal_image1370.jpg,02ed1799de1484e13d673195ea2f62f1,
val,no_flood,data/val/no_flood/normal_image1394.jpg,aider_raw/AIDER/normal/normal_image1394.jpg,328ba0edeee46269965bed8637e42b33,
val,no_flood,data/val/no_flood/normal_image1398.jpg,aider_raw/AIDER/normal/normal_image1398.jpg,bfc632a9d521e8e844ded892b143393c,
val,no_flood,data/val/no_flood/normal_image1439.jpg,aider_raw/AIDER/normal/normal_image1439.jpg,e735c7b8ffce4e130bcce9be917925d0,
val,no_flood,data/val/no_flood/normal_image1538.jpg,aider_raw/AIDER/normal/normal_image1538.jpg,8c6701c1bddcacf886adec71e70accc5,
val,no_flood,data/val/no_flood/normal_image1551.jpg,aider_raw/AIDER/normal/normal_image1551.jpg,d0eff822461ea305dd4b7c14ae5234f0,
val,no_flood,data/val/no_flood/normal_image1554.jpg,aider_raw/AIDER/normal/normal_image1554.jpg,9a3a54fb38d3cc84e0e1b356b142968b,
val,no_flood,data/val/no_flood/normal_image1561.jpg,aider_raw/AIDER/normal/normal_image1561.jpg,19b9ce93a382d1bb342f0d99b8b3d937,
val,no_flood,data/val/no_flood/normal_image1563.jpg,aider_raw/AIDER/normal/normal_image1563.jpg,e1f0bcad70df0744d2821278447c0cfe,
val,no_flood,data/val/no_flood/normal_image1571.jpg,aider_raw/AIDER/normal/normal_image1571.jpg,1aa0a67155ec506026fb86a752bec080,
val,no_flood,data/val/no_flood/normal_image1573.jpg,aider_raw/AIDER/normal/normal_image1573.jpg,771eeb01446b02059e9d8d623edbe2c5,
val,no_flood,data/val/no_flood/normal_image1615.jpg,aider_raw/AIDER/normal/normal_image1615.jpg,aaa051729228854b1120a54af39e6856,
val,no_flood,data/val/no_flood/normal_image1638.jpg,aider_raw/AIDER/normal/normal_image1638.jpg,ab6bc381654e5b676260ad7aa64645e3,
val,no_flood,data/val/no_flood/normal_image1653.jpg,aider_raw/AIDER/normal/normal_image1653.jpg,059b40b754631c62cbfcdd6f65e29a15,
val,no_flood,data/val/no_flood/normal_image1699.jpg,aider_raw/AIDER/normal/normal_image1699.jpg,d089dcd7bf02d69497a41423326e4a40,
val,no_flood,data/val/no_flood/normal_image1794.jpg,aider_raw/AIDER/normal/normal_image1794.jpg,56a843cc19214dc16ae08ce79fba174e,
val,no_flood,data/val/no_flood/normal_image1795.jpg,aider_raw/AIDER/normal/normal_image1795.jpg,2861574a08499ccd2784c0a1b410bec9,
val,no_flood,data/val/no_flood/normal_image1798.jpg,aider_raw/AIDER/normal/normal_image1798.jpg,59a3f0eeac13ffe4d15af3d4d5182157,
val,no_flood,data/val/no_flood/normal_image1818.jpg,aider_raw/AIDER/normal/normal_image1818.jpg,663313fa7fa70f58d2f18cdcbb3a6b85,
val,no_flood,data/val/no_flood/normal_image1836.jpg,aider_raw/AIDER/normal/normal_image1836.jpg,a9e84bc29d8c22c4b8b877bb120d6790,
val,no_flood,data/val/no_flood/normal_image1850.jpg,aider_raw/AIDER/normal/normal_image1850.jpg,be4b491c75bbd1fd1092b2ddd02c84de,
val,no_flood,data/val/no_flood/normal_image1882.jpg,aider_raw/AIDER/normal/normal_image1882.jpg,82053adf8446630fe348a05fb24d9c49,
val,no_flood,data/val/no_flood/normal_image1930.jpg,aider_raw/AIDER/normal/normal_image1930.jpg,46e6f4c342a5f7515094f7c9f858daea,
val,no_flood,data/val/no_flood/normal_image1988.jpg,aider_raw/AIDER/normal/normal_image1988.jpg,10b69f3444d6575f5903695d1d892b9e,
val,no_flood,data/val/no_flood/normal_image1998.jpg,aider_raw/AIDER/normal/normal_image1998.jpg,125f0e342d1fa6a4ec6f4c972b50a961,
val,no_flood,data/val/no_flood/normal_image2008.jpg,aider_raw/AIDER/normal/normal_image2008.jpg,8eefaeb467f47f3563103252abde6ed6,
val,no_flood,data/val/no_flood/normal_image2034.jpg,aider_raw/AIDER/normal/normal_image2034.jpg,4bfd526daef720c19dc14c4dac59f270,
val,no_flood,data/val/no_flood/normal_image2038.jpg,aider_raw/AIDER/normal/normal_image2038.jpg,b74f6869c7ab669aea5633f555179387,
val,no_flood,data/val/no_flood/normal_image2061.jpg,aider_raw/AIDER/normal/normal_image2061.jpg,c2d9c1aa675724ba60943a5ff34e7172,
val,no_flood,data/val/no_flood/normal_image2114.jpg,aider_raw/AIDER/normal/normal_image2114.jpg,c926d9fd2bed1357b3683518271c80ae,
val,no_flood,data/val/no_flood/normal_image2144.jpg,aider_raw/AIDER/normal/normal_image2144.jpg,5870df6b1520f6e3fc7331966ecdffce,
val,no_flood,data/val/no_flood/normal_image2228.jpg,aider_raw/AIDER/normal/normal_image2228.jpg,9f722edd9a682f028fc472d07c691dca,
val,no_flood,data/val/no_flood/normal_image2258.jpg,aider_raw/AIDER/normal/normal_image2258.jpg,5642cb9265e7628d3eee018a9d760e4c,
val,no_flood,data/val/no_flood/normal_image2279.jpg,aider_raw/AIDER/normal/normal_image2279.jpg,656578e98e874afe53101d528b53a7f3,
val,no_flood,data/val/no_flood/normal_image2303.jpg,aider_raw/AIDER/normal/normal_image2303.jpg,a27e4861c58b4adc5791ea3f801f7292,
val,no_flood,data/val/no_flood/normal_image2306.jpg,aider_raw/AIDER/normal/normal_image2306.jpg,d755ccc432d74da9dab708c80cdbf0f3,
val,no_flood,data/val/no_flood/normal_image2375.jpg,aider_raw/AIDER/normal/normal_image2375.jpg,409e8f7620e66d55d22b836640d5f3ef,
val,no_flood,data/val/no_flood/normal_image2410.jpg,aider_raw/AIDER/normal/normal_image2410.jpg,3236aa029488f88f9b90672d3065bb2a,
val,no_flood,data/val/no_flood/normal_image2442.jpg,aider_raw/AIDER/normal/normal_image2442.jpg,7f50d3a94a7db35fc17427b083a63228,
val,no_flood,data/val/no_flood/normal_image2449.jpg,aider_raw/AIDER/normal/normal_image2449.jpg,397a8807d7862628c93b0ed211b2060d,
val,no_flood,data/val/no_flood/normal_image2483.jpg,aider_raw/AIDER/normal/normal_image2483.jpg,3d2e37dc683b38de7f3bcec359336ff2,
val,no_flood,data/val/no_flood/normal_image2526.jpg,aider_raw/AIDER/normal/normal_image2526.jpg,1f1e39c6ffb08360f60d04ea8d54fa92,
val,no_flood,data/val/no_flood/normal_image2548.jpg,aider_raw/AIDER/normal/normal_image2548.jpg,be05544197fcebfe4cbef4ca208b2962,
val,no_flood,data/val/no_flood/normal_image2549.jpg,aider_raw/AIDER/normal/normal_image2549.jpg,00eab07f8e30d2f9bab9b559e3e757be,
val,no_flood,data/val/no_flood/normal_image2561.jpg,aider_raw/AIDER/normal/normal_image2561.jpg,de10f101769dcd59987223e926e1a7e8,
val,no_flood,data/val/no_flood/normal_image2564.jpg,aider_raw/AIDER/normal/normal_image2564.jpg,65d1d65960bd47d7067d2f742737b07c,
val,no_flood,data/val/no_flood/normal_image2585.jpg,aider_raw/AIDER/normal/normal_image2585.jpg,6b7f8dbe2fdf63b359e6b01ba8c7d8e0,
val,no_flood,data/val/no_flood/normal_image2615.jpg,aider_raw/AIDER/normal/normal_image2615.jpg,66b3a7b523fdc876d8b69ddab39498ed,
val,no_flood,data/val/no_flood/normal_image2617.jpg,aider_raw/AIDER/normal/normal_image2617.jpg,e05ae76d281e889a472451350035a03f,
val,no_flood,data/val/no_flood/normal_image2679.jpg,aider_raw/AIDER/normal/normal_image2679.jpg,e43618061cf1692e455f73d83b4888ae,
val,no_flood,data/val/no_flood/normal_image2704.jpg,aider_raw/AIDER/normal/normal_image2704.jpg,4b989a1649c01eb16a16815a656d2075,
val,no_flood,data/val/no_flood/normal_image2711.jpg,aider_raw/AIDER/normal/normal_image2711.jpg,7a9bc86b23cc114e66df43fd7af8e97d,
val,no_flood,data/val/no_flood/normal_image2724.jpg,aider_raw/AIDER/normal/normal_image2724.jpg,881d2064408f1a39db025207ec635286,
val,no_flood,data/val/no_flood/normal_image2742.jpg,aider_raw/AIDER/normal/normal_image2742.jpg,41a9b32d6dbc76bdecccc2255fb07203,
val,no_flood,data/val/no_flood/normal_image2758.jpg,aider_raw/AIDER/normal/normal_image2758.jpg,15a6432f378255c1064d707cc949b8bd,
val,no_flood,data/val/no_flood/normal_image2762.jpg,aider_raw/AIDER/normal/normal_image2762.jpg,323aa08caf387ab23ea09432084f2053,
val,no_flood,data/val/no_flood/normal_image2822.jpg,aider_raw/AIDER/normal/normal_image2822.jpg,36e67bcbe61df49a329f3bb62ade72b5,
val,no_flood,data/val/no_flood/normal_image2864.jpg,aider_raw/AIDER/normal/normal_image2864.jpg,8bda41c158ea7fc3840f9c9986d1a7e5,
val,no_flood,data/val/no_flood/normal_image2891.jpg,aider_raw/AIDER/normal/normal_image2891.jpg,e0698cf11f7c8879b042455655c25838,
val,no_flood,data/val/no_flood/normal_image2922.jpg,aider_raw/AIDER/normal/normal_image2922.jpg,7db1a5e273e00d6f2338b7078572a4c3,
val,no_flood,data/val/no_flood/normal_image2947.jpg,aider_raw/AIDER/normal/normal_image2947.jpg,9df6500d93d680955dbb020f720ce714,
val,no_flood,data/val/no_flood/normal_image2982.jpg,aider_raw/AIDER/normal/normal_image2982.jpg,9f4ff39b13595a13da503f94e9739488,
val,no_flood,data/val/no_flood/normal_image3030.jpg,aider_raw/AIDER/normal/normal_image3030.jpg,a9356e029319af3487c4aa30db8a5395,
val,no_flood,data/val/no_flood/normal_image3073.jpg,aider_raw/AIDER/normal/normal_image3073.jpg,2df2287523ae863d6bd560b5d6aac535,
val,no_flood,data/val/no_flood/normal_image3077.jpg,aider_raw/AIDER/normal/normal_image3077.jpg,962847e83a402ae71c2500a223c86bed,
val,no_flood,data/val/no_flood/normal_image3086.jpg,aider_raw/AIDER/normal/normal_image3086.jpg,66567467c47193664de0ed428ad400d1,
val,no_flood,data/val/no_flood/normal_image3158.jpg,aider_raw/AIDER/normal/normal_image3158.jpg,16ea80cba66e696debc65ebe002fd1ae,
val,no_flood,data/val/no_flood/normal_image3226.jpg,aider_raw/AIDER/normal/normal_image3226.jpg,cc39c044b57a59d7edf0bfa751096bcd,
val,no_flood,data/val/no_flood/normal_image3231.jpg,aider_raw/AIDER/normal/normal_image3231.jpg,e992a333c050865256d6487eb2efd887,
val,no_flood,data/val/no_flood/normal_image3274.jpg,aider_raw/AIDER/normal/normal_image3274.jpg,6c9add46e553d9e0a04580e436b437d1,
val,no_flood,data/val/no_flood/normal_image3290.jpg,aider_raw/AIDER/normal/normal_image3290.jpg,69181cbfb25ac12f1032f38dc0441fb5,
val,no_flood,data/val/no_flood/normal_image3314.jpg,aider_raw/AIDER/normal/normal_image3314.jpg,4a058b72f24ddb330ab06d93ea027b33,
val,no_flood,data/val/no_flood/normal_image3344.jpg,aider_raw/AIDER/normal/normal_image3344.jpg,695d2ba09ccd81d22c114abca259f1c2,
val,no_flood,data/val/no_flood/normal_image3365.jpg,aider_raw/AIDER/normal/normal_image3365.jpg,0f446d8dfa9297a1c1f6524b6a2adc24,
val,no_flood,data/val/no_flood/normal_image3384.jpg,aider_raw/AIDER/normal/normal_image3384.jpg,a6b520b3ed2f871fc92a5041c6a565d5,
val,no_flood,data/val/no_flood/normal_image3414.jpg,aider_raw/AIDER/normal/normal_image3414.jpg,9c98d9bebcc2bb98a5cfe96c91beac6f,
val,no_flood,data/val/no_flood/normal_image3433.jpg,aider_raw/AIDER/normal/normal_image3433.jpg,5cf8c674b9aa910a135f0cae7d1e1b7c,
val,no_flood,data/val/no_flood/normal_image3437.jpg,aider_raw/AIDER/normal/normal_image3437.jpg,c7dac0e537da5464e1ddfe54b4f5cd63,
val,no_flood,data/val/no_flood/normal_image3528.jpg,aider_raw/AIDER/normal/normal_image3528.jpg,bd55b72b15cdbd402275e36730ca85a9,
val,no_flood,data/val/no_flood/normal_image3529.jpg,aider_raw/AIDER/normal/normal_image3529.jpg,27ca97fa44fab4c383506856ff75b90f,
val,no_flood,data/val/no_flood/normal_image3531.jpg,aider_raw/AIDER/normal/normal_image3531.jpg,61a88593c0750a7930350075aa901f7a,
val,no_flood,data/val/no_flood/normal_image3542.jpg,aider_raw/AIDER/normal/normal_image3542.jpg,3bd274254d338ed284bcda5b99e45279,
val,no_flood,data/val/no_flood/normal_image3554.jpg,aider_raw/AIDER/normal/normal_image3554.jpg,bac9aca40d799a2929146dd1b2bdf9f5,
val,no_flood,data/val/no_flood/normal_image3654.jpg,aider_raw/AIDER/normal/normal_image3654.jpg,23ee29e6852438794d87c46644edbc2d,
val,no_flood,data/val/no_flood/normal_image3686.jpg,aider_raw/AIDER/normal/normal_image3686.jpg,96c985c7ebc17190a296a12aeb34eff9,
val,no_flood,data/val/no_flood/normal_image3751.jpg,aider_raw/AIDER/normal/normal_image3751.jpg,e46c6b85142deadba711ede0df0597f3,
val,no_flood,data/val/no_flood/normal_image3848.jpg,aider_raw/AIDER/normal/normal_image3848.jpg,332fadeee59505d1830ea1e4732c0fd5,
val,no_flood,data/val/no_flood/normal_image3888.jpg,aider_raw/AIDER/normal/normal_image3888.jpg,b7238a1bc0b09ba8820ba191de299b6e,
val,no_flood,data/val/no_flood/normal_image3929.jpg,aider_raw/AIDER/normal/normal_image3929.jpg,cb50fc0e79d5653b6d8f1eeddd959df7,
val,no_flood,data/val/no_flood/normal_image4068.jpg,aider_raw/AIDER/normal/normal_image4068.jpg,91ab03ef4e9e296ef47e5c1cbe70bd9f,
val,no_flood,data/val/no_flood/normal_image4077.jpg,aider_raw/AIDER/normal/normal_image4077.jpg,81f753bf3f06b0b89bd1bd143b405b43,
val,no_flood,data/val/no_flood/normal_image4083.jpg,aider_raw/AIDER/normal/normal_image4083.jpg,e3da412d863964b9a41d48b428043673,
val,no_flood,data/val/no_flood/normal_image4112.jpg,aider_raw/AIDER/normal/normal_image4112.jpg,03c5d681cb1ba36ec324aa14aa698f8b,
val,no_flood,data/val/no_flood/normal_image4139.jpg,aider_raw/AIDER/normal/normal_image4139.jpg,86e86f7079ab72cd1486afeea67ebb6d,
val,no_flood,data/val/no_flood/normal_image4159.jpg,aider_raw/AIDER/normal/normal_image4159.jpg,25fc67ad7cdbb0356d3a2b611ff39756,
val,no_flood,data/val/no_flood/normal_image4221.jpg,aider_raw/AIDER/normal/normal_image4221.jpg,9fb4d2fd16719d7823a3ede057b8e5e8,
val,no_flood,data/val/no_flood/normal_image4225.jpg,aider_raw/AIDER/normal/normal_image4225.jpg,6912a544161fcabfabe8653668fbd69d,
val,no_flood,data/val/no_flood/normal_image4235.jpg,aider_raw/AIDER/normal/normal_image4235.jpg,086f439df4b5bad2a4a8aa40f86f4c03,
val,no_flood,data/val/no_flood/normal_image4267.jpg,aider_raw/AIDER/normal/normal_image4267.jpg,4119ed28469195e576e45592257a2f03,
val,no_flood,data/val/no_flood/normal_image4272.jpg,aider_raw/AIDER/normal/normal_image4272.jpg,542217c1456e15381b273e0e1d75e19e,
val,no_flood,data/val/no_flood/normal_image4283.jpg,aider_raw/AIDER/normal/normal_image4283.jpg,7d7c948b5c4e3e41fe624a7a6e8dfff8,
val,no_flood,data/val/no_flood/normal_image4289.jpg,aider_raw/AIDER/normal/normal_image4289.jpg,2f702a36a335eb3089ff473e0f796b8d,
val,no_flood,data/val/no_flood/normal_image4335.jpg,aider_raw/AIDER/normal/normal_image4335.jpg,363e0f33e97f4a6e29e14c789d75b448,
val,no_flood,data/val/no_flood/normal_image4341.jpg,aider_raw/AIDER/normal/normal_image4341.jpg,4aaaa141d0aab998c5bf6924f57e5f31,
val,flood,data/val/flood/flood_image0013.jpg,aider_raw/AIDER/flooded_areas/flood_image0013.jpg,af0c8b9dce1587f1c5bd6af3db28ff5e,
val,flood,data/val/flood/flood_image0032.jpg,aider_raw/AIDER/flooded_areas/flood_image0032.jpg,0183c621700ca88a5196f5d998a92c8e,
val,flood,data/val/flood/flood_image0043.jpg,aider_raw/AIDER/flooded_areas/flood_image0043.jpg,90d1725d1cd99a43fcb41413be7ad904,
val,flood,data/val/flood/flood_image0045.jpg,aider_raw/AIDER/flooded_areas/flood_image0045.jpg,c782cf06a5dad2408ef13b388065360b,
val,flood,data/val/flood/flood_image0056.jpg,aider_raw/AIDER/flooded_areas/flood_image0056.jpg,9f96088fdbcdd175882a2e2dc1dc960b,
val,flood,data/val/flood/flood_image0090.jpg,aider_raw/AIDER/flooded_areas/flood_image0090.jpg,16c28eb836fbba122702018badc0a89f,
val,flood,data/val/flood/flood_image0128.jpg,aider_raw/AIDER/flooded_areas/flood_image0128.jpg,f4ebe5d98166f1d5a315058949ebf292,
val,flood,data/val/flood/flood_image0131.jpg,aider_raw/AIDER/flooded_areas/flood_image0131.jpg,4e3d299fddb95b53818e7872ef1ab442,
val,flood,data/val/flood/flood_image0133.jpg,aider_raw/AIDER/flooded_areas/flood_image0133.jpg,2ab3d2f897da334268e54accc97ad1a4,
val,flood,data/val/flood/flood_image0136.jpg,aider_raw/AIDER/flooded_areas/flood_image0136.jpg,74fedcd1ba99c7bcfbfa62cf860ed461,
val,flood,data/val/flood/flood_image0142.jpg,aider_raw/AIDER/flooded_areas/flood_image0142.jpg,330f8bd218d74327ec103c4513b7b9c5,
val,flood,data/val/flood/flood_image0156.jpg,aider_raw/AIDER/flooded_areas/flood_image0156.jpg,bf29fe7842a0cabc1b46af2ac1783681,
val,flood,data/val/flood/flood_image0180.jpg,aider_raw/AIDER/flooded_areas/flood_image0180.jpg,6ace9f370c3f7d2421b801322369870a,
val,flood,data/val/flood/flood_image0197.jpg,aider_raw/AIDER/flooded_areas/flood_image0197.jpg,7937286f3508232e95526512f0b2d431,
val,flood,data/val/flood/flood_image0201.jpg,aider_raw/AIDER/flooded_areas/flood_image0201.jpg,48318c7a2eedbea830a8d529232fc031,
val,flood,data/val/flood/flood_image0202.jpg,aider_raw/AIDER/flooded_areas/flood_image0202.jpg,04cde970e7789580b7b4594bc057ad73,
val,flood,data/val/flood/flood_image0219.jpg,aider_raw/AIDER/flooded_areas/flood_image0219.jpg,719f67e23d2a08a7acbf98d0e4e3d0a9,
val,flood,data/val/flood/flood_image0223.jpg,aider_raw/AIDER/flooded_areas/flood_image0223.jpg,0233f5fc5750a6a9815366f363f9af26,
val,flood,data/val/flood/flood_image0227.jpg,aider_raw/AIDER/flooded_areas/flood_image0227.jpg,a47e59cb974770df4e26499deba1ae04,
val,flood,data/val/flood/flood_image0230.jpg,aider_raw/AIDER/flooded_areas/flood_image0230.jpg,497276260d0779dc9326689a1b6f2c33,
val,flood,data/val/flood/flood_image0248.jpg,aider_raw/AIDER/flooded_areas/flood_image0248.jpg,38b25972d1330ad20dde9278d00e3cef,
val,flood,data/val/flood/flood_image0251.jpg,aider_raw/AIDER/flooded_areas/flood_image0251.jpg,77c72b0b3c0b4c9eafaceb2c777db84a,
val,flood,data/val/flood/flood_image0265.jpg,aider_raw/AIDER/flooded_areas/flood_image0265.jpg,1e08cbf2b48d0b74e11593dbdfe601fb,
val,flood,data/val/flood/flood_image0267.jpg,aider_raw/AIDER/flooded_areas/flood_image0267.jpg,a6972c079776716ec61df1127e4743cc,
val,flood,data/val/flood/flood_image0269.jpg,aider_raw/AIDER/flooded_areas/flood_image0269.jpg,e0d4a832884b57f9883b8c21998c9a2b,
val,flood,data/val/flood/flood_image0271.jpg,aider_raw/AIDER/flooded_areas/flood_image0271.jpg,e08fd411e14dbc78af098f990c55c50f,
val,flood,data/val/flood/flood_image0276.jpg,aider_raw/AIDER/flooded_areas/flood_image0276.jpg,c6678d0505637c7c18305033ee4e9cad,
val,flood,data/val/flood/flood_image0281.jpg,aider_raw/AIDER/flooded_areas/flood_image0281.jpg,163281a8b4de304f34b2560404126f4e,
val,flood,data/val/flood/flood_image0284.jpg,aider_raw/AIDER/flooded_areas/flood_image0284.jpg,9ebe68607a7758647f9e01118ab0eb9b,
val,flood,data/val/flood/flood_image0288.jpg,aider_raw/AIDER/flooded_areas/flood_image0288.jpg,b643e831a59fbf79470334e8ecb44695,
val,flood,data/val/flood/flood_image0290.jpg,aider_raw/AIDER/flooded_areas/flood_image0290.jpg,4d9d41c3469bcba64d451eaa56339af5,
val,flood,data/val/flood/flood_image0296.jpg,aider_raw/AIDER/flooded_areas/flood_image0296.jpg,c5b97defb3b28cba71987cef02f8e799,
val,flood,data/val/flood/flood_image0308.jpg,aider_raw/AIDER/flooded_areas/flood_image0308.jpg,7f7dcc884a3947c361ce8548f673e28a,
val,flood,data/val/flood/flood_image0317.jpg,aider_raw/AIDER/flooded_areas/flood_image0317.jpg,820071edee423ccfff9089cecc15bd8a,
val,flood,data/val/flood/flood_image0328.jpg,aider_raw/AIDER/flooded_areas/flood_image0328.jpg,be51c9f83ab7ada1899770aff83f1041,
val,flood,data/val/flood/flood_image0331.jpg,aider_raw/AIDER/flooded_areas/flood_image0331.jpg,4a7594d536a9b1feed4e568e56e3df6c,
val,flood,data/val/flood/flood_image0333.jpg,aider_raw/AIDER/flooded_areas/flood_image0333.jpg,c2ffcce9b371d886ed99bb74124c1be1,
val,flood,data/val/flood/flood_image0336.jpg,aider_raw/AIDER/flooded_areas/flood_image0336.jpg,13a97fac05c83693eea92c7483fc2825,
val,flood,data/val/flood/flood_image0340.jpg,aider_raw/AIDER/flooded_areas/flood_image0340.jpg,71b15746a98d0f54a6a83c19c5935cd4,
val,flood,data/val/flood/flood_image0342.jpg,aider_raw/AIDER/flooded_areas/flood_image0342.jpg,d99d12e7e18c86b15f9103cf72ab7e21,
val,flood,data/val/flood/flood_image0345.jpg,aider_raw/AIDER/flooded_areas/flood_image0345.jpg,458bfc79a3946a58739d43834e0cdda2,
val,flood,data/val/flood/flood_image0351.jpg,aider_raw/AIDER/flooded_areas/flood_image0351.jpg,f6f9ce8ffb121abf184244a850f963f8,
val,flood,data/val/flood/flood_image0352.jpg,aider_raw/AIDER/flooded_areas/flood_image0352.jpg,d8180c9c53fc2e727dbd999864e3411a,
val,flood,data/val/flood/flood_image0369.jpg,aider_raw/AIDER/flooded_areas/flood_image0369.jpg,28f32adaac6398b82414253fa683fe51,
val,flood,data/val/flood/flood_image0372.jpg,aider_raw/AIDER/flooded_areas/flood_image0372.jpg,8eaa6ea8bcee2e79b4caf346dde98602,
val,flood,data/val/flood/flood_image0374.jpg,aider_raw/AIDER/flooded_areas/flood_image0374.jpg,0eddb511179cf0462a9a5d3823b50c01,
val,flood,data/val/flood/flood_image0376.jpg,aider_raw/AIDER/flooded_areas/flood_image0376.jpg,95e2cf1f955ec8ee07fb9d4fcd4f0820,
val,flood,data/val/flood/flood_image0378.jpg,aider_raw/AIDER/flooded_areas/flood_image0378.jpg,3f56a6191512884251bd60224552dad1,
val,flood,data/val/flood/flood_image0379.jpg,aider_raw/AIDER/flooded_areas/flood_image0379.jpg,88bed282f1799c8a842e47b18ca49d17,
val,flood,data/val/flood/flood_image0387.jpg,aider_raw/AIDER/flooded_areas/flood_image0387.jpg,6dccaf1755236909fd88fc43cf403e3d,
val,flood,data/val/flood/flood_image0388.jpg,aider_raw/AIDER/flooded_areas/flood_image0388.jpg,5da00c4b0a4440ea9197c9c12ef4cecc,
val,flood,data/val/flood/flood_image0391.jpg,aider_raw/AIDER/flooded_areas/flood_image0391.jpg,de091e0ed324318593be48d43be9a2de,
val,flood,data/val/flood/flood_image0392.jpg,aider_raw/AIDER/flooded_areas/flood_image0392.jpg,26fb1b88578ed45141d6bd8ff11d4249,
val,flood,data/val/flood/flood_image0409.jpg,aider_raw/AIDER/flooded_areas/flood_image0409.jpg,2aeebb75759ee3818991899aa23e790c,
val,flood,data/val/flood/flood_image0410.jpg,aider_raw/AIDER/flooded_areas/flood_image0410.jpg,90272edeffc066d8a4d3a74db3b3e7da,
val,flood,data/val/flood/flood_image0412.jpg,aider_raw/AIDER/flooded_areas/flood_image0412.jpg,9463398efa47acb80f1e12fda2f0236f,
val,flood,data/val/flood/flood_image0414.jpg,aider_raw/AIDER/flooded_areas/flood_image0414.jpg,5bce97bb6010a80c4ec2a0d6630f40b4,
val,flood,data/val/flood/flood_image0416.jpg,aider_raw/AIDER/flooded_areas/flood_image0416.jpg,1a75a0311c97c4bebd4f8e3580e4b459,
val,flood,data/val/flood/flood_image0424.jpg,aider_raw/AIDER/flooded_areas/flood_image0424.jpg,aa9e05c981a7fa174d89e75e9d9f9e29,
val,flood,data/val/flood/flood_image0438.jpg,aider_raw/AIDER/flooded_areas/flood_image0438.jpg,60fd8cd0b4527ca66101d893eec8a7fb,
val,flood,data/val/flood/flood_image0444.jpg,aider_raw/AIDER/flooded_areas/flood_image0444.jpg,3c633adbea0ec390a66c213a2a092f17,
val,flood,data/val/flood/flood_image0447.jpg,aider_raw/AIDER/flooded_areas/flood_image0447.jpg,67fac2acc77590a7f30fcecbeca023eb,
val,flood,data/val/flood/flood_image0453.jpg,aider_raw/AIDER/flooded_areas/flood_image0453.jpg,e262f9b281614873935ce9105e67ccd3,
val,flood,data/val/flood/flood_image0462.jpg,aider_raw/AIDER/flooded_areas/flood_image0462.jpg,6f7c5e324e239766fd665d5b14cee32b,
val,flood,data/val/flood/flood_image0470.jpg,aider_raw/AIDER/flooded_areas/flood_image0470.jpg,abbaa77703fdb5c7865c31e762627cfc,
val,flood,data/val/flood/flood_image0477.jpg,aider_raw/AIDER/flooded_areas/flood_image0477.jpg,23296245b9c78724e9c7fbc3670e79f6,
val,flood,data/val/flood/flood_image0486.jpg,aider_raw/AIDER/flooded_areas/flood_image0486.jpg,e63f73f70a2bc122bee7f4c93435edda,
val,flood,data/val/flood/flood_image0488.jpg,aider_raw/AIDER/flooded_areas/flood_image0488.jpg,a443d5461d167ef99c2638ae8b430645,
val,flood,data/val/flood/flood_image0491.jpg,aider_raw/AIDER/flooded_areas/flood_image0491.jpg,35b12ed522718929d2374aeb821185c6,
val,flood,data/val/flood/flood_image0498.jpg,aider_raw/AIDER/flooded_areas/flood_image0498.jpg,61abe45a34a8819e762c21307f7349b4,
val,flood,data/val/flood/flood_image0500.jpg,aider_raw/AIDER/flooded_areas/flood_image0500.jpg,77185050c068dac52a76468450cf9ce5,
val,flood,data/val/flood/flood_image0501.jpg,aider_raw/AIDER/flooded_areas/flood_image0501.jpg,a8273f7b8e9fa472c672cad809497747,
val,flood,data/val/flood/flood_image0510.jpg,aider_raw/AIDER/flooded_areas/flood_image0510.jpg,6b515b827c517315647231ff2a1c556b,
val,flood,data/val/flood/flood_image0511.jpg,aider_raw/AIDER/flooded_areas/flood_image0511.jpg,b3f043d53c72f6182180bd6e6654b074,
val,flood,data/val/flood/flood_image0516.jpg,aider_raw/AIDER/flooded_areas/flood_image0516.jpg,8314afcca13cc466932448022235e5de,
val,flood,data/val/flood/flood_image0522.jpg,aider_raw/AIDER/flooded_areas/flood_image0522.jpg,4590c29110fab28c07d641f90ee7d936,
val,flood,data/val/flood/flood_image0523.jpg,aider_raw/AIDER/flooded_areas/flood_image0523.jpg,25d817ced36b208993ffbc973f5f9af2,
val,flood,data/val/flood/flood_image0525.jpg,aider_raw/AIDER/flooded_areas/flood_image0525.jpg,9f490054cdc90fc257caa01db5095470,
val,flood,data/val/flood/flood_image0526.jpg,aider_raw/AIDER/flooded_areas/flood_image0526.jpg,ca58c8f87bb906f2fe119a41fc3df62a,
test,no_flood,data/test/no_flood/normal_image0029.jpg,aider_raw/AIDER/normal/normal_image0029.jpg,d9e0a178e4492cdfe99a87c9a48ea12f,
test,no_flood,data/test/no_flood/normal_image0054.jpg,aider_raw/AIDER/normal/normal_image0054.jpg,b0d6facd630dee874447f6851e89075d,
test,no_flood,data/test/no_flood/normal_image0062.jpg,aider_raw/AIDER/normal/normal_image0062.jpg,812ebd5c7c40810d6f51e42221a2cc99,
test,no_flood,data/test/no_flood/normal_image0080.jpg,aider_raw/AIDER/normal/normal_image0080.jpg,c8d42655b03621d56b6028cf4110b0bf,
test,no_flood,data/test/no_flood/normal_image0106.jpg,aider_raw/AIDER/normal/normal_image0106.jpg,079084c504b6b182d2b3aebc7da41e5e,
test,no_flood,data/test/no_flood/normal_image0134.jpg,aider_raw/AIDER/normal/normal_image0134.jpg,5ce46a35d6b9758187638c4b4fdfe143,
test,no_flood,data/test/no_flood/normal_image0246.jpg,aider_raw/AIDER/normal/normal_image0246.jpg,cc0e396f9a101812c766c3146cf7ede9,
test,no_flood,data/test/no_flood/normal_image0262.jpg,aider_raw/AIDER/normal/normal_image0262.jpg,88f5a1929ff34dcd2f617c5136bd5505,
test,no_flood,data/test/no_flood/normal_image0324.jpg,aider_raw/AIDER/normal/normal_image0324.jpg,14326489e91187daa45552687f600a60,
test,no_flood,data/test/no_flood/normal_image0365.jpg,aider_raw/AIDER/normal/normal_image0365.jpg,d58ddb6344b03b649b0e559fda8bb30e,
test,no_flood,data/test/no_flood/normal_image0376.jpg,aider_raw/AIDER/normal/normal_image0376.jpg,744a2d821ca4cb971d065c1f0a928846,
test,no_flood,data/test/no_flood/normal_image0394.jpg,aider_raw/AIDER/normal/normal_image0394.jpg,28b87ad461361955e5934ff4dd16926c,
test,no_flood,data/test/no_flood/normal_image0405.jpg,aider_raw/AIDER/normal/normal_image0405.jpg,235d490dce50e651a812b21b83b1504c,
test,no_flood,data/test/no_flood/normal_image0489.jpg,aider_raw/AIDER/normal/normal_image0489.jpg,2d954da5b06a8026ae5c5e448b02d161,
test,no_flood,data/test/no_flood/normal_image0507.jpg,aider_raw/AIDER/normal/normal_image0507.jpg,060265aa607f501d0d50c95771d54d6f,
test,no_flood,data/test/no_flood/normal_image0525.jpg,aider_raw/AIDER/normal/normal_image0525.jpg,8724c59d9a64deed6877c212313f8f25,
test,no_flood,data/test/no_flood/normal_image0535.jpg,aider_raw/AIDER/normal/normal_image0535.jpg,f1b3ac7fb41f8fb80fa20ba8a93f94eb,
test,no_flood,data/test/no_flood/normal_image0569.jpg,aider_raw/AIDER/normal/normal_image0569.jpg,4a754ed04de62daaccb1c00d35bc4b3a,
test,no_flood,data/test/no_flood/normal_image0601.jpg,aider_raw/AIDER/normal/normal_image0601.jpg,28e6f1cd8a955c69912fd837aa91ff0f,
test,no_flood,data/test/no_flood/normal_image0634.jpg,aider_raw/AIDER/normal/normal_image0634.jpg,cacb0341f9e74853a7827fcc6fea9311,
test,no_flood,data/test/no_flood/normal_image0734.jpg,aider_raw/AIDER/normal/normal_image0734.jpg,af4c1241eb9e43e7241ac89c9b2d19a8,
test,no_flood,data/test/no_flood/normal_image0754.jpg,aider_raw/AIDER/normal/normal_image0754.jpg,5285a112a672ba98c1c00ffd31ef734c,
test,no_flood,data/test/no_flood/normal_image0762.jpg,aider_raw/AIDER/normal/normal_image0762.jpg,b2e9b2bc5309e1718190c48159bae1da,
test,no_flood,data/test/no_flood/normal_image0767.jpg,aider_raw/AIDER/normal/normal_image0767.jpg,abfa9f264208971951c1f26f2c85479b,
test,no_flood,data/test/no_flood/normal_image0847.jpg,aider_raw/AIDER/normal/normal_image0847.jpg,122109bd4b6f6a4d25101c04138017c0,
test,no_flood,data/test/no_flood/normal_image0858.jpg,aider_raw/AIDER/normal/normal_image0858.jpg,e72af07e4d67e3d4b97cd8a9de0a95d7,
test,no_flood,data/test/no_flood/normal_image0872.jpg,aider_raw/AIDER/normal/normal_image0872.jpg,99d468ecb05f92d5f6109e72d7f29da1,
test,no_flood,data/test/no_flood/normal_image0897.jpg,aider_raw/AIDER/normal/normal_image0897.jpg,44b9fd9fba94a9bc02a6ed8befa5529e,
test,no_flood,data/test/no_flood/normal_image0949.jpg,aider_raw/AIDER/normal/normal_image0949.jpg,59b1df7f737334690237855d9af74ff3,
test,no_flood,data/test/no_flood/normal_image0951.jpg,aider_raw/AIDER/normal/normal_image0951.jpg,fd84a670e4a55d75803841aa99a43647,
test,no_flood,data/test/no_flood/normal_image0963.jpg,aider_raw/AIDER/normal/normal_image0963.jpg,8db1bcb80fb8028de33aa0f08ae49b7f,
test,no_flood,data/test/no_flood/normal_image1006.jpg,aider_raw/AIDER/normal/normal_image1006.jpg,34d33c6f5d5234ec788c4fd68d3c8c74,
test,no_flood,data/test/no_flood/normal_image1033.jpg,aider_raw/AIDER/normal/normal_image1033.jpg,535d659c828cfbd23115890f8b9c785b,
test,no_flood,data/test/no_flood/normal_image1124.jpg,aider_raw/AIDER/normal/normal_image1124.jpg,c4ba23e6b16e34a0fd866a05896268ca,
test,no_flood,data/test/no_flood/normal_image1138.jpg,aider_raw/AIDER/normal/normal_image1138.jpg,e1fd695215b8f17a1659c4dda3e0eea7,
test,no_flood,data/test/no_flood/normal_image1178.jpg,aider_raw/AIDER/normal/normal_image1178.jpg,126982ce5f23587baf4ba35a258f978b,
test,no_flood,data/test/no_flood/normal_image1183.jpg,aider_raw/AIDER/normal/normal_image1183.jpg,10f20809a4d7e8883d27341ec7463866,
test,no_flood,data/test/no_flood/normal_image1287.jpg,aider_raw/AIDER/normal/normal_image1287.jpg,c9bc25c61c79ab3f25dc5f3bc785412a,
test,no_flood,data/test/no_flood/normal_image1291.jpg,aider_raw/AIDER/normal/normal_image1291.jpg,13676a52e2a2a8cca3ca0aa771bf4dbd,
test,no_flood,data/test/no_flood/normal_image1360.jpg,aider_raw/AIDER/normal/normal_image1360.jpg,9919ffb0ffe08da23812e9a7a06a336f,
test,no_flood,data/test/no_flood/normal_image1465.jpg,aider_raw/AIDER/normal/normal_image1465.jpg,6c2877f083e8bfc4bc274c1410350da3,
test,no_flood,data/test/no_flood/normal_image1516.jpg,aider_raw/AIDER/normal/normal_image1516.jpg,363cd1d1240f0cf581afb3f22b362f89,
test,no_flood,data/test/no_flood/normal_image1539.jpg,aider_raw/AIDER/normal/normal_image1539.jpg,6fbb0f1b0107bd91bfbd85892def566e,
test,no_flood,data/test/no_flood/normal_image1541.jpg,aider_raw/AIDER/normal/normal_image1541.jpg,bd04992722343c5fc12d4c3016f2a320,
test,no_flood,data/test/no_flood/normal_image1552.jpg,aider_raw/AIDER/normal/normal_image1552.jpg,5c895f83b4bda958751f8d0c8c4f0d92,
test,no_flood,data/test/no_flood/normal_image1564.jpg,aider_raw/AIDER/normal/normal_image1564.jpg,74d8627243a6233dd3bef48f92520ef3,
test,no_flood,data/test/no_flood/normal_image1625.jpg,aider_raw/AIDER/normal/normal_image1625.jpg,d28086c4dd1ba399aba4d5dfdf36ea65,
test,no_flood,data/test/no_flood/normal_image1639.jpg,aider_raw/AIDER/normal/normal_image1639.jpg,6ff065e1aee4f0e64c8a8beb0455c847,
test,no_flood,data/test/no_flood/normal_image1661.jpg,aider_raw/AIDER/normal/normal_image1661.jpg,ddf6d5e8d5d19cf840eb1b7c71908daa,
test,no_flood,data/test/no_flood/normal_image1662.jpg,aider_raw/AIDER/normal/normal_image1662.jpg,1603f11a6e5eb5d61762e2c18597575f,
test,no_flood,data/test/no_flood/normal_image1670.jpg,aider_raw/AIDER/normal/normal_image1670.jpg,20cf0ed490e3269457300f2e3143e128,
test,no_flood,data/test/no_flood/normal_image1680.jpg,aider_raw/AIDER/normal/normal_image1680.jpg,63ddcd4087fe800465ffdf80b5450997,
test,no_flood,data/test/no_flood/normal_image1685.jpg,aider_raw/AIDER/normal/normal_image1685.jpg,e2271d6d6c6d4f8648d486032ed32798,
test,no_flood,data/test/no_flood/normal_image1730.jpg,aider_raw/AIDER/normal/normal_image1730.jpg,24c94485a71bcfaeb029422453ac2067,
test,no_flood,data/test/no_flood/normal_image1756.jpg,aider_raw/AIDER/normal/normal_image1756.jpg,efaace16c38b8bf5db51f619bb52e2a7,
test,no_flood,data/test/no_flood/normal_image1771.jpg,aider_raw/AIDER/normal/normal_image1771.jpg,08b8d519b7d3c8804af670ded874d6fe,
test,no_flood,data/test/no_flood/normal_image1779.jpg,aider_raw/AIDER/normal/normal_image1779.jpg,fdde80a7a58721d5e3aec9a28ef726e7,
test,no_flood,data/test/no_flood/normal_image1790.jpg,aider_raw/AIDER/normal/normal_image1790.jpg,c79faced8a8cd87bc90c6ae240fdfdae,
test,no_flood,data/test/no_flood/normal_image1800.jpg,aider_raw/AIDER/normal/normal_image1800.jpg,8c9bd0a12e599bcc381972b78178a382,
test,no_flood,data/test/no_flood/normal_image1821.jpg,aider_raw/AIDER/normal/normal_image1821.jpg,f90f6add92f1291a9451e4cf336a3bab,
test,no_flood,data/test/no_flood/normal_image1864.jpg,aider_raw/AIDER/normal/normal_image1864.jpg,d4b95bb1d80ee58ef80b838aaadd552b,
test,no_flood,data/test/no_flood/normal_image1875.jpg,aider_raw/AIDER/normal/normal_image1875.jpg,d8d9877552fa6c01d14c25e322c6cb93,
test,no_flood,data/test/no_flood/normal_image1904.jpg,aider_raw/AIDER/normal/normal_image1904.jpg,cc8bcd2052794d7aed045446487a610f,
test,no_flood,data/test/no_flood/normal_image1909.jpg,aider_raw/AIDER/normal/normal_image1909.jpg,39cdd00b370ab030595eaeea89e31ee4,
test,no_flood,data/test/no_flood/normal_image1918.jpg,aider_raw/AIDER/normal/normal_image1918.jpg,b63fb429ae703e21570afda6920ef476,
test,no_flood,data/test/no_flood/normal_image1924.jpg,aider_raw/AIDER/normal/normal_image1924.jpg,7606fe1441638141f3c126978d3d02ea,
test,no_flood,data/test/no_flood/normal_image1952.jpg,aider_raw/AIDER/normal/normal_image1952.jpg,a6aa4488a1cf6ec8af67643ca9d69c73,
test,no_flood,data/test/no_flood/normal_image1967.jpg,aider_raw/AIDER/normal/normal_image1967.jpg,bcba12e1d465e1c2e0b2f9c3799eeee1,
test,no_flood,data/test/no_flood/normal_image2135.jpg,aider_raw/AIDER/normal/normal_image2135.jpg,a724dd00c3400f4eb7911ab17c1a5c44,
test,no_flood,data/test/no_flood/normal_image2137.jpg,aider_raw/AIDER/normal/normal_image2137.jpg,f4385a1c75209ac077ede987dba36733,
test,no_flood,data/test/no_flood/normal_image2167.jpg,aider_raw/AIDER/normal/normal_image2167.jpg,de57c398407530aa0d15d42ba3593c87,
test,no_flood,data/test/no_flood/normal_image2180.jpg,aider_raw/AIDER/normal/normal_image2180.jpg,c274aaa6b5aafeedbd96402beccfbd09,
test,no_flood,data/test/no_flood/normal_image2200.jpg,aider_raw/AIDER/normal/normal_image2200.jpg,34800c1e3dd7cb220f333a62e8a2f11e,
test,no_flood,data/test/no_flood/normal_image2210.jpg,aider_raw/AIDER/normal/normal_image2210.jpg,885d23445432af28ee82e114352639ff,
test,no_flood,data/test/no_flood/normal_image2236.jpg,aider_raw/AIDER/normal/normal_image2236.jpg,da06f2a58c3ee478942a7a94f0ba50a2,
test,no_flood,data/test/no_flood/normal_image2270.jpg,aider_raw/AIDER/normal/normal_image2270.jpg,c608e9329683c6722236175176566cdd,
test,no_flood,data/test/no_flood/normal_image2277.jpg,aider_raw/AIDER/normal/normal_image2277.jpg,57fa06f6c15267c072686658e5fcc903,
test,no_flood,data/test/no_flood/normal_image2305.jpg,aider_raw/AIDER/normal/normal_image2305.jpg,cb2040d169ba66faaf6c20401be549ef,
test,no_flood,data/test/no_flood/normal_image2312.jpg,aider_raw/AIDER/normal/normal_image2312.jpg,2d48272e5fc26e55a638c1c2b90405e6,
test,no_flood,data/test/no_flood/normal_image2314.jpg,aider_raw/AIDER/normal/normal_image2314.jpg,3613d9d44bbbb3738c32c99ec837bea4,
test,no_flood,data/test/no_flood/normal_image2326.jpg,aider_raw/AIDER/normal/normal_image2326.jpg,eb274ce23e4e5fceaa11fcba2d029330,
test,no_flood,data/test/no_flood/normal_image2332.jpg,aider_raw/AIDER/normal/normal_image2332.jpg,11e79155192af6a7f12b7d047c2d4ef2,
test,no_flood,data/test/no_flood/normal_image2337.jpg,aider_raw/AIDER/normal/normal_image2337.jpg,a4285d4e2e086b561373702481a6c12a,
test,no_flood,data/test/no_flood/normal_image2342.jpg,aider_raw/AIDER/normal/normal_image2342.jpg,2b5f4e460da05aae733f2e171a9954be,
test,no_flood,data/test/no_flood/normal_image2352.jpg,aider_raw/AIDER/normal/normal_image2352.jpg,b75d0cdb35d6a7106ddabae839743636,
test,no_flood,data/test/no_flood/normal_image2356.jpg,aider_raw/AIDER/normal/normal_image2356.jpg,e9da0ae87a9d9f2fc2f152167cdf3ac0,
test,no_flood,data/test/no_flood/normal_image2386.jpg,aider_raw/AIDER/normal/normal_image2386.jpg,c113f3cd29e45b1e1c64ecd0ddd72f11,
test,no_flood,data/test/no_flood/normal_image2393.jpg,aider_raw/AIDER/normal/normal_image2393.jpg,2eb6beab9d93b65558720f062853188d,
test,no_flood,data/test/no_flood/normal_image2413.jpg,aider_raw/AIDER/normal/normal_image2413.jpg,ffcdac9e2553c1a6cc73d22fe5aac9c6,
test,no_flood,data/test/no_flood/normal_image2422.jpg,aider_raw/AIDER/normal/normal_image2422.jpg,1e63c2e283701cdcf73b97756a433f0c,
test,no_flood,data/test/no_flood/normal_image2447.jpg,aider_raw/AIDER/normal/normal_image2447.jpg,e9d0e9c1314a6eafed0159b65c26ab84,
test,no_flood,data/test/no_flood/normal_image2467.jpg,aider_raw/AIDER/normal/normal_image2467.jpg,3d3e46b5dcbcff06039f41e5c796070a,
test,no_flood,data/test/no_flood/normal_image2497.jpg,aider_raw/AIDER/normal/normal_image2497.jpg,032496ba200e49aa0212534b3f2a35a7,
test,no_flood,data/test/no_flood/normal_image2521.jpg,aider_raw/AIDER/normal/normal_image2521.jpg,69e44ede5268e091e317b087de94aa88,
test,no_flood,data/test/no_flood/normal_image2525.jpg,aider_raw/AIDER/normal/normal_image2525.jpg,b24ec935b4691762c5def7fa8af36e26,
test,no_flood,data/test/no_flood/normal_image2665.jpg,aider_raw/AIDER/normal/normal_image2665.jpg,80b56862fb4442b11bf78d104cb25408,
test,no_flood,data/test/no_flood/normal_image2709.jpg,aider_raw/AIDER/normal/normal_image2709.jpg,90eadc732fa9190492b2d84e10238ae6,
test,no_flood,data/test/no_flood/normal_image2740.jpg,aider_raw/AIDER/normal/normal_image2740.jpg,316f67c6e6096b424d8073c9ec128ca5,
test,no_flood,data/test/no_flood/normal_image2750.jpg,aider_raw/AIDER/normal/normal_image2750.jpg,4698227c4d25f5898641a5e73d8bf2af,
test,no_flood,data/test/no_flood/normal_image2760.jpg,aider_raw/AIDER/normal/normal_image2760.jpg,415a1fe1868f7035010c4b7ec4ece859,
test,no_flood,data/test/no_flood/normal_image2761.jpg,aider_raw/AIDER/normal/normal_image2761.jpg,00abfcf5c721f5a5f18f7f8d4b7204d8,
test,no_flood,data/test/no_flood/normal_image2786.jpg,aider_raw/AIDER/normal/normal_image2786.jpg,d458a0503a55834f2b7af063f31ac85c,
test,no_flood,data/test/no_flood/normal_image2789.jpg,aider_raw/AIDER/normal/normal_image2789.jpg,d08412a3532fc9ce2ae80bd57b17d323,
test,no_flood,data/test/no_flood/normal_image2813.jpg,aider_raw/AIDER/normal/normal_image2813.jpg,1aaf7b44e02aa1b5dd1e3440d68e6ac8,
test,no_flood,data/test/no_flood/normal_image2842.jpg,aider_raw/AIDER/normal/normal_image2842.jpg,2720b4056d7e3be27a22a38ee077ef31,
test,no_flood,data/test/no_flood/normal_image2850.jpg,aider_raw/AIDER/normal/normal_image2850.jpg,7c35be6ed32c24730bcd419d31f973d3,
test,no_flood,data/test/no_flood/normal_image2878.jpg,aider_raw/AIDER/normal/normal_image2878.jpg,cdf1e5ea1ac09b29fd743bf9f3872351,
test,no_flood,data/test/no_flood/normal_image2886.jpg,aider_raw/AIDER/normal/normal_image2886.jpg,877eed9c8d5aa854846930ecf67af075,
test,no_flood,data/test/no_flood/normal_image2920.jpg,aider_raw/AIDER/normal/normal_image2920.jpg,08c2dc234eb59a628f09270d50e10182,
test,no_flood,data/test/no_flood/normal_image2962.jpg,aider_raw/AIDER/normal/normal_image2962.jpg,650014f818ef8c34042dd77b47fae42f,
test,no_flood,data/test/no_flood/normal_image2963.jpg,aider_raw/AIDER/normal/normal_image2963.jpg,cd2ac5d36eda27128c3c45fb308040fd,
test,no_flood,data/test/no_flood/normal_image2977.jpg,aider_raw/AIDER/normal/normal_image2977.jpg,e366d85dc749c00999fa31df85b04c1e,
test,no_flood,data/test/no_flood/normal_image3075.jpg,aider_raw/AIDER/normal/normal_image3075.jpg,c9a8478123a7ba0aa0163a252d954791,
test,no_flood,data/test/no_flood/normal_image3096.jpg,aider_raw/AIDER/normal/normal_image3096.jpg,e23e87dafd4a565c105240356d79da15,
test,no_flood,data/test/no_flood/normal_image3101.jpg,aider_raw/AIDER/normal/normal_image3101.jpg,f12b3baef8411c81feb0fd605d659a4b,
test,no_flood,data/test/no_flood/normal_image3117.jpg,aider_raw/AIDER/normal/normal_image3117.jpg,7d480d9d6a8ec2a1f8902c2424fe5f2c,
test,no_flood,data/test/no_flood/normal_image3122.jpg,aider_raw/AIDER/normal/normal_image3122.jpg,48c9d7044ce8448d5847de5516b62b99,
test,no_flood,data/test/no_flood/normal_image3154.jpg,aider_raw/AIDER/normal/normal_image3154.jpg,f70273cb3b3569c3fa9de2279bbdbfe6,
test,no_flood,data/test/no_flood/normal_image3157.jpg,aider_raw/AIDER/normal/normal_image3157.jpg,528f2dff04e4a3a643db921687eb2e9c,
test,no_flood,data/test/no_flood/normal_image3162.jpg,aider_raw/AIDER/normal/normal_image3162.jpg,a4abea9006706881a0d2747053bc6fd4,
test,no_flood,data/test/no_flood/normal_image3186.jpg,aider_raw/AIDER/normal/normal_image3186.jpg,90d5a67ef5c30d7b49db7d04b69839a5,
test,no_flood,data/test/no_flood/normal_image3207.jpg,aider_raw/AIDER/normal/normal_image3207.jpg,481e2ff6f1f9610ec35a19f8fd0727ab,
test,no_flood,data/test/no_flood/normal_image3318.jpg,aider_raw/AIDER/normal/normal_image3318.jpg,2f01ce5e712646ad1d5969b4965e4ab8,
test,no_flood,data/test/no_flood/normal_image3480.jpg,aider_raw/AIDER/normal/normal_image3480.jpg,7b37c98ab72fe60b0038c3cba24d1d2f,
test,no_flood,data/test/no_flood/normal_image3484.jpg,aider_raw/AIDER/normal/normal_image3484.jpg,1f44edfb91b6296f6274217f092493be,
test,no_flood,data/test/no_flood/normal_image3493.jpg,aider_raw/AIDER/normal/normal_image3493.jpg,3fa038b9bdda3ad134c7c7a89fc577d3,
test,no_flood,data/test/no_flood/normal_image3513.jpg,aider_raw/AIDER/normal/normal_image3513.jpg,8418d5ddeddabc623386f8d6687ee583,
test,no_flood,data/test/no_flood/normal_image3514.jpg,aider_raw/AIDER/normal/normal_image3514.jpg,f1af48adceb78e82a1928f9171f58a7d,
test,no_flood,data/test/no_flood/normal_image3525.jpg,aider_raw/AIDER/normal/normal_image3525.jpg,86f69b7e1a51ca5b297a15633bf37088,
test,no_flood,data/test/no_flood/normal_image3622.jpg,aider_raw/AIDER/normal/normal_image3622.jpg,8c9246f131d1a6c5fc66c57d6f054614,
test,no_flood,data/test/no_flood/normal_image3649.jpg,aider_raw/AIDER/normal/normal_image3649.jpg,83f4511d16ab10126329d1e56c3ebd0f,
test,no_flood,data/test/no_flood/normal_image3673.jpg,aider_raw/AIDER/normal/normal_image3673.jpg,c3d589a6f9727deb48db6c5e771dcd06,
test,no_flood,data/test/no_flood/normal_image3674.jpg,aider_raw/AIDER/normal/normal_image3674.jpg,398446fb895d90194504c46aa4342d2b,
test,no_flood,data/test/no_flood/normal_image3809.jpg,aider_raw/AIDER/normal/normal_image3809.jpg,1ee499da1d5ba75ab0d2e3995c68e497,
test,no_flood,data/test/no_flood/normal_image3854.jpg,aider_raw/AIDER/normal/normal_image3854.jpg,926f6002e79fe1a576b9f1660330486f,
test,no_flood,data/test/no_flood/normal_image3867.jpg,aider_raw/AIDER/normal/normal_image3867.jpg,68b664247b33cb45411edf236e5e04ba,
test,no_flood,data/test/no_flood/normal_image3870.jpg,aider_raw/AIDER/normal/normal_image3870.jpg,9e3605ad6a5125fdcb0739d0ab3b3887,
test,no_flood,data/test/no_flood/normal_image3881.jpg,aider_raw/AIDER/normal/normal_image3881.jpg,470d59d7348968cce423356c691f823d,
test,no_flood,data/test/no_flood/normal_image3890.jpg,aider_raw/AIDER/normal/normal_image3890.jpg,a9426a8b58eef6d020c812a8f81c9e2e,
test,no_flood,data/test/no_flood/normal_image3974.jpg,aider_raw/AIDER/normal/normal_image3974.jpg,f0c2e52a90d78ae9153317de5a3ad62e,
test,no_flood,data/test/no_flood/normal_image3991.jpg,aider_raw/AIDER/normal/normal_image3991.jpg,9df07f80e180660380ad956e4aade860,
test,no_flood,data/test/no_flood/normal_image4016.jpg,aider_raw/AIDER/normal/normal_image4016.jpg,a2fd0c7a69fdb766f7e63658d437af44,
test,no_flood,data/test/no_flood/normal_image4028.jpg,aider_raw/AIDER/normal/normal_image4028.jpg,629eacdde8f97f6966b72fe687482ee5,
test,no_flood,data/test/no_flood/normal_image4052.jpg,aider_raw/AIDER/normal/normal_image4052.jpg,89236af6b360e17ec5f182e85ac34a61,
test,no_flood,data/test/no_flood/normal_image4076.jpg,aider_raw/AIDER/normal/normal_image4076.jpg,fce539b504f97a9dc342db29f2e8cca6,
test,no_flood,data/test/no_flood/normal_image4127.jpg,aider_raw/AIDER/normal/normal_image4127.jpg,b02c3c73d4f305c2ec34db4e78263f4c,
test,no_flood,data/test/no_flood/normal_image4155.jpg,aider_raw/AIDER/normal/normal_image4155.jpg,1116f3eab1d30819ab293ff890070c47,
test,no_flood,data/test/no_flood/normal_image4263.jpg,aider_raw/AIDER/normal/normal_image4263.jpg,a01f5bfae8390188a0caf27ea5ffc486,
test,no_flood,data/test/no_flood/normal_image4279.jpg,aider_raw/AIDER/normal/normal_image4279.jpg,d5e63c92db2f53dcbfe6c1e85fd833ad,
test,no_flood,data/test/no_flood/normal_image4365.jpg,aider_raw/AIDER/normal/normal_image4365.jpg,da04b7ee81fccc6196a2576574194b2e,
test,flood,data/test/flood/flood_image0005.jpg,aider_raw/AIDER/flooded_areas/flood_image0005.jpg,8df3b9557651e7cf7814f05a0b87c22e,
test,flood,data/test/flood/flood_image0008.jpg,aider_raw/AIDER/flooded_areas/flood_image0008.jpg,358b84d2afdafae001770accbea6a3a7,
test,flood,data/test/flood/flood_image0015.jpg,aider_raw/AIDER/flooded_areas/flood_image0015.jpg,20b0a274591163b05d48d4756585a055,
test,flood,data/test/flood/flood_image0017.jpg,aider_raw/AIDER/flooded_areas/flood_image0017.jpg,375a85663817fda46969936a11d91dd6,
test,flood,data/test/flood/flood_image0021.jpg,aider_raw/AIDER/flooded_areas/flood_image0021.jpg,271d95d980089f79bbd01b312028afe3,
test,flood,data/test/flood/flood_image0022.jpg,aider_raw/AIDER/flooded_areas/flood_image0022.jpg,d29c34d4ce39d353e8be34a1c575acf1,
test,flood,data/test/flood/flood_image0026.jpg,aider_raw/AIDER/flooded_areas/flood_image0026.jpg,efb2c8d69164a1618bfe2d85445e1b99,
test,flood,data/test/flood/flood_image0033.jpg,aider_raw/AIDER/flooded_areas/flood_image0033.jpg,96eedce728fee1f34887aadc030428ee,
test,flood,data/test/flood/flood_image0034.jpg,aider_raw/AIDER/flooded_areas/flood_image0034.jpg,a70e6d15d4b5288dd46805a4191def4c,
test,flood,data/test/flood/flood_image0040.jpg,aider_raw/AIDER/flooded_areas/flood_image0040.jpg,277f026088c51212aa6e8366290a2840,
test,flood,data/test/flood/flood_image0049.jpg,aider_raw/AIDER/flooded_areas/flood_image0049.jpg,12afb86be98694cdae8c62e690321d4e,
test,flood,data/test/flood/flood_image0050.jpg,aider_raw/AIDER/flooded_areas/flood_image0050.jpg,76bc696827ff5208dbf73efeb144d2bf,
test,flood,data/test/flood/flood_image0053.jpg,aider_raw/AIDER/flooded_areas/flood_image0053.jpg,1dc5faa31bc4174535a72d9ea1a26994,
test,flood,data/test/flood/flood_image0055.jpg,aider_raw/AIDER/flooded_areas/flood_image0055.jpg,ae20d13f81bd8f05b3b8e53d826c1ccd,
test,flood,data/test/flood/flood_image0057.jpg,aider_raw/AIDER/flooded_areas/flood_image0057.jpg,6acd1b80c55a33e272e821d0b0779d10,
test,flood,data/test/flood/flood_image0059.jpg,aider_raw/AIDER/flooded_areas/flood_image0059.jpg,214b3d652382e0dc5761161447c12e0a,
test,flood,data/test/flood/flood_image0062.jpg,aider_raw/AIDER/flooded_areas/flood_image0062.jpg,4b3fc6c588069f5ec703892f080ddf1a,
test,flood,data/test/flood/flood_image0065.jpg,aider_raw/AIDER/flooded_areas/flood_image0065.jpg,7d3c565641c79712a93ebcbbc6138b46,
test,flood,data/test/flood/flood_image0074.jpg,aider_raw/AIDER/flooded_areas/flood_image0074.jpg,9347268bfa45938bfa50b3668987916d,
test,flood,data/test/flood/flood_image0076.jpg,aider_raw/AIDER/flooded_areas/flood_image0076.jpg,2b09e3f5fc443d71178939fcdd0a8e6a,
test,flood,data/test/flood/flood_image0089.jpg,aider_raw/AIDER/flooded_areas/flood_image0089.jpg,7917c8a4c285faa85946957fd97a5ea0,
test,flood,data/test/flood/flood_image0095.jpg,aider_raw/AIDER/flooded_areas/flood_image0095.jpg,83a3f22d7408ace498091eef7db4585c,
test,flood,data/test/flood/flood_image0100.jpg,aider_raw/AIDER/flooded_areas/flood_image0100.jpg,e9b97c7439e9f31cedd3665576a9d365,
test,flood,data/test/flood/flood_image0104.jpg,aider_raw/AIDER/flooded_areas/flood_image0104.jpg,98a529432c8c7b91d68b4ae30db9f1f0,
test,flood,data/test/flood/flood_image0105.jpg,aider_raw/AIDER/flooded_areas/flood_image0105.jpg,99b01eac5a00c30dd154b59046c5916c,
test,flood,data/test/flood/flood_image0118.jpg,aider_raw/AIDER/flooded_areas/flood_image0118.jpg,0fbf79b59ff38091c2f9b846339d328e,
test,flood,data/test/flood/flood_image0145.jpg,aider_raw/AIDER/flooded_areas/flood_image0145.jpg,070d897413e61cd4af4ba335de362d50,
test,flood,data/test/flood/flood_image0150.jpg,aider_raw/AIDER/flooded_areas/flood_image0150.jpg,c261a75296b3db2d80261cf8b550ff68,
test,flood,data/test/flood/flood_image0163.jpg,aider_raw/AIDER/flooded_areas/flood_image0163.jpg,cc7f26d29ef7a1c946487359c3bedc39,
test,flood,data/test/flood/flood_image0172.jpg,aider_raw/AIDER/flooded_areas/flood_image0172.jpg,8883ca2dfb98b5a44803f70ca94ba1cd,
test,flood,data/test/flood/flood_image0174.jpg,aider_raw/AIDER/flooded_areas/flood_image0174.jpg,4463abad05f3d05f637a212f875c8160,
test,flood,data/test/flood/flood_image0178.jpg,aider_raw/AIDER/flooded_areas/flood_image0178.jpg,a656133a78d4360648df78256fd99732,
test,flood,data/test/flood/flood_image0187.jpg,aider_raw/AIDER/flooded_areas/flood_image0187.jpg,5fb727f881c9413dc4d95ecff793eca0,
test,flood,data/test/flood/flood_image0189.jpg,aider_raw/AIDER/flooded_areas/flood_image0189.jpg,c1ef3286368dd77e83ba906c734afa62,
test,flood,data/test/flood/flood_image0200.jpg,aider_raw/AIDER/flooded_areas/flood_image0200.jpg,b9c0407c2671954dec65e6636d9575a2,
test,flood,data/test/flood/flood_image0211.jpg,aider_raw/AIDER/flooded_areas/flood_image0211.jpg,49cb894633c0e5f9136e822323c8415d,
test,flood,data/test/flood/flood_image0217.jpg,aider_raw/AIDER/flooded_areas/flood_image0217.jpg,0f9f29b18b1741c302ea389ed71846ea,
test,flood,data/test/flood/flood_image0221.jpg,aider_raw/AIDER/flooded_areas/flood_image0221.jpg,d436a61a06a04ee4ae94891a65d6943b,
test,flood,data/test/flood/flood_image0224.jpg,aider_raw/AIDER/flooded_areas/flood_image0224.jpg,04198d3f6532715643ad4c5cb53757e0,
test,flood,data/test/flood/flood_image0234.jpg,aider_raw/AIDER/flooded_areas/flood_image0234.jpg,82846dea3b8d3d13d9dba491cab2ba0d,
test,flood,data/test/flood/flood_image0243.jpg,aider_raw/AIDER/flooded_areas/flood_image0243.jpg,7d461ae4863dbf7c036420d745064700,
test,flood,data/test/flood/flood_image0254.jpg,aider_raw/AIDER/flooded_areas/flood_image0254.jpg,9ac6cb0b95dc349a7cabde4e4bbeb40d,
test,flood,data/test/flood/flood_image0257.jpg,aider_raw/AIDER/flooded_areas/flood_image0257.jpg,54e91e466d0f379d443b0ea536c402b7,
test,flood,data/test/flood/flood_image0260.jpg,aider_raw/AIDER/flooded_areas/flood_image0260.jpg,dda747ea7b8ec8c985d877d946e5be72,
test,flood,data/test/flood/flood_image0275.jpg,aider_raw/AIDER/flooded_areas/flood_image0275.jpg,d138b4f10bd249240cc19b18e015726d,
test,flood,data/test/flood/flood_image0286.jpg,aider_raw/AIDER/flooded_areas/flood_image0286.jpg,da460eef397e16fffa60471284827a2b,
test,flood,data/test/flood/flood_image0299.jpg,aider_raw/AIDER/flooded_areas/flood_image0299.jpg,c23fd1a840d727fa85744612ad590a0d,
test,flood,data/test/flood/flood_image0301.jpg,aider_raw/AIDER/flooded_areas/flood_image0301.jpg,58bad80b3f408f71baf5b1024369e065,
test,flood,data/test/flood/flood_image0306.jpg,aider_raw/AIDER/flooded_areas/flood_image0306.jpg,15a05ea5cae84f22705c022a903eff30,
test,flood,data/test/flood/flood_image0324.jpg,aider_raw/AIDER/flooded_areas/flood_image0324.jpg,e8c7814b5ebe84ea1491c9d1283e8d4f,
test,flood,data/test/flood/flood_image0348.jpg,aider_raw/AIDER/flooded_areas/flood_image0348.jpg,b43d0a20003e33f4a460fa342b33cebd,
test,flood,data/test/flood/flood_image0353.jpg,aider_raw/AIDER/flooded_areas/flood_image0353.jpg,4cdb48cc3b7a72b6fe5b0ede5d1af11d,
test,flood,data/test/flood/flood_image0358.jpg,aider_raw/AIDER/flooded_areas/flood_image0358.jpg,9e2de9ea5363ad57a205424867002b84,
test,flood,data/test/flood/flood_image0365.jpg,aider_raw/AIDER/flooded_areas/flood_image0365.jpg,2a4ee42b3f846e2d5c5f91bff0a62b0c,
test,flood,data/test/flood/flood_image0367.jpg,aider_raw/AIDER/flooded_areas/flood_image0367.jpg,67e2d81fa493acaac10046ce402a07a2,
test,flood,data/test/flood/flood_image0368.jpg,aider_raw/AIDER/flooded_areas/flood_image0368.jpg,ce8f27e87bc6f5c5e93688858819c7f6,
test,flood,data/test/flood/flood_image0370.jpg,aider_raw/AIDER/flooded_areas/flood_image0370.jpg,9ea5f3ff05ce1e70414887e79f8cd1dd,
test,flood,data/test/flood/flood_image0371.jpg,aider_raw/AIDER/flooded_areas/flood_image0371.jpg,bb8667265cda7b7eaa1381cd6969f9e2,
test,flood,data/test/flood/flood_image0373.jpg,aider_raw/AIDER/flooded_areas/flood_image0373.jpg,758185564dc641c1b35df9be7f2feb1a,
test,flood,data/test/flood/flood_image0377.jpg,aider_raw/AIDER/flooded_areas/flood_image0377.jpg,d05853a4a122f18bb005f160d792e3ca,
test,flood,data/test/flood/flood_image0384.jpg,aider_raw/AIDER/flooded_areas/flood_image0384.jpg,b3ee17cf76088b1e3fcf148533083597,
test,flood,data/test/flood/flood_image0389.jpg,aider_raw/AIDER/flooded_areas/flood_image0389.jpg,bda28d64a0ddbfff2a8404a4bd8318a4,
test,flood,data/test/flood/flood_image0402.jpg,aider_raw/AIDER/flooded_areas/flood_image0402.jpg,9053df4af8b23940e64c627a55ed9af7,
test,flood,data/test/flood/flood_image0404.jpg,aider_raw/AIDER/flooded_areas/flood_image0404.jpg,62951ec70c83ed65c14ca452f11ec778,
test,flood,data/test/flood/flood_image0411.jpg,aider_raw/AIDER/flooded_areas/flood_image0411.jpg,502bc4cd8f940e0fda52508d0bea6c62,
test,flood,data/test/flood/flood_image0421.jpg,aider_raw/AIDER/flooded_areas/flood_image0421.jpg,ee44f89f735447888ffa17f0820dc121,
test,flood,data/test/flood/flood_image0428.jpg,aider_raw/AIDER/flooded_areas/flood_image0428.jpg,28df0d7488ae657849c5acf969a38145,
test,flood,data/test/flood/flood_image0436.jpg,aider_raw/AIDER/flooded_areas/flood_image0436.jpg,de1219ce348ce8ab66d9fcf9401bc77a,
test,flood,data/test/flood/flood_image0439.jpg,aider_raw/AIDER/flooded_areas/flood_image0439.jpg,901207c7f686a025c94f870cc5b2effa,
test,flood,data/test/flood/flood_image0446.jpg,aider_raw/AIDER/flooded_areas/flood_image0446.jpg,141cafa7bb2bb67aa5a57c3f74e4bc75,
test,flood,data/test/flood/flood_image0461.jpg,aider_raw/AIDER/flooded_areas/flood_image0461.jpg,f24dcbcff5b521e15a96cb6228dd9634,
test,flood,data/test/flood/flood_image0479.jpg,aider_raw/AIDER/flooded_areas/flood_image0479.jpg,06e65003f3c1efb24ef0ca93ce8aea1e,
test,flood,data/test/flood/flood_image0484.jpg,aider_raw/AIDER/flooded_areas/flood_image0484.jpg,30125cec998896f39a5107b3f7fd1c86,
test,flood,data/test/flood/flood_image0502.jpg,aider_raw/AIDER/flooded_areas/flood_image0502.jpg,86c41072d3868d4aed272f10f5d9f8d7,
test,flood,data/test/flood/flood_image0503.jpg,aider_raw/AIDER/flooded_areas/flood_image0503.jpg,1ad0229389529b096efc39fb46b0461e,
test,flood,data/test/flood/flood_image0505.jpg,aider_raw/AIDER/flooded_areas/flood_image0505.jpg,d00033de9d96b2f50e281fba2c628c87,
test,flood,data/test/flood/flood_image0518.jpg,aider_raw/AIDER/flooded_areas/flood_image0518.jpg,7f581264e1f6a49dabc9aa201511f7d8,
test,flood,data/test/flood/flood_image0519.jpg,aider_raw/AIDER/flooded_areas/flood_image0519.jpg,64fede3064485b1ef7b447727afa6007,
removed,no_flood,,aider_raw/AIDER/normal/normal_image0126.jpg,7fb8013be7656ef536a6a3c0615606a5,near-duplicate of aider_raw/AIDER/normal/normal_image0004.jpg (12/256 bits differ)
removed,no_flood,,aider_raw/AIDER/normal/normal_image0248.jpg,615455e17e64afedf8e715fb3dc9d428,near-duplicate of aider_raw/AIDER/normal/normal_image0004.jpg (18/256 bits differ)
removed,no_flood,,aider_raw/AIDER/normal/normal_image4270.jpg,6016540ca90bd68aa9f65b420e9687be,near-duplicate of aider_raw/AIDER/normal/normal_image0004.jpg (11/256 bits differ)
removed,no_flood,,aider_raw/AIDER/normal/normal_image0012.jpg,e3ece6c3255e810ba4ce72f0e2bfe348,near-duplicate of aider_raw/AIDER/normal/normal_image0010.jpg (24/256 bits differ)
removed,no_flood,,aider_raw/AIDER/normal/normal_image0014.jpg,92900ebf07e718729be5154657585a90,near-duplicate of aider_raw/AIDER/normal/normal_image0010.jpg (42/256 bits differ)
removed,no_flood,,aider_raw/AIDER/normal/normal_image0042.jpg,f96081b9fc693d5d962f24b1d0c8efa1,near-duplicate of aider_raw/AIDER/normal/normal_image0030.jpg (21/256 bits differ)
removed,no_flood,,aider_raw/AIDER/normal/normal_image0128.jpg,c03f926e948cd1f8fa3d2a5fa7ea183f,near-duplicate of aider_raw/AIDER/normal/normal_image0114.jpg (20/256 bits differ)
removed,no_flood,,aider_raw/AIDER/normal/normal_image0141.jpg,47b199ccefe16ed367f0b4f469fb9bd3,near-duplicate of aider_raw/AIDER/normal/normal_image0138.jpg (8/256 bits differ)
removed,no_flood,,aider_raw/AIDER/normal/normal_image0164.jpg,e487a27d01c5ce256af46ec43d81685c,near-duplicate of aider_raw/AIDER/normal/normal_image0152.jpg (23/256 bits differ)
removed,no_flood,,aider_raw/AIDER/normal/normal_image0195.jpg,1e608eb1f3431086118a4b70f7618e45,near-duplicate of aider_raw/AIDER/normal/normal_image0194.jpg (24/256 bits differ)
removed,no_flood,,aider_raw/AIDER/normal/normal_image0219.jpg,90ce5141177e736f036163156f411147,near-duplicate of aider_raw/AIDER/normal/normal_image0218.jpg (22/256 bits differ)
removed,no_flood,,aider_raw/AIDER/normal/normal_image0225.jpg,87492063d0d4028f9117936990ead8b6,near-duplicate of aider_raw/AIDER/normal/normal_image0222.jpg (25/256 bits differ)
removed,no_flood,,aider_raw/AIDER/normal/normal_image0226.jpg,b5033bfc455e791f14cd03a28a421aec,near-duplicate of aider_raw/AIDER/normal/normal_image0222.jpg (34/256 bits differ)
removed,no_flood,,aider_raw/AIDER/normal/normal_image0227.jpg,e4a0f9f159b2c927afc572fd7d0f5cdb,near-duplicate of aider_raw/AIDER/normal/normal_image0222.jpg (35/256 bits differ)
removed,no_flood,,aider_raw/AIDER/normal/normal_image0229.jpg,fdde8ccfb1c53c859306a38c69e5b89c,near-duplicate of aider_raw/AIDER/normal/normal_image0228.jpg (21/256 bits differ)
removed,no_flood,,aider_raw/AIDER/normal/normal_image0230.jpg,5aa2f6db68eba3a1c28939c8a249b2a9,near-duplicate of aider_raw/AIDER/normal/normal_image0228.jpg (32/256 bits differ)
removed,no_flood,,aider_raw/AIDER/normal/normal_image0297.jpg,b7752f81e20c69c8a457ab625058ac2e,near-duplicate of aider_raw/AIDER/normal/normal_image0273.jpg (21/256 bits differ)
removed,no_flood,,aider_raw/AIDER/normal/normal_image0321.jpg,53283924668bd6f1ea496dfefd8a495d,near-duplicate of aider_raw/AIDER/normal/normal_image0273.jpg (23/256 bits differ)
removed,no_flood,,aider_raw/AIDER/normal/normal_image0345.jpg,eac2d31f0fe4b4e341d82d23bb153e80,near-duplicate of aider_raw/AIDER/normal/normal_image0273.jpg (22/256 bits differ)
removed,no_flood,,aider_raw/AIDER/normal/normal_image0333.jpg,9623172d330bcd47754637b099456217,near-duplicate of aider_raw/AIDER/normal/normal_image0285.jpg (12/256 bits differ)
removed,no_flood,,aider_raw/AIDER/normal/normal_image0357.jpg,d17570721d555809d27cb6fd2496c01e,near-duplicate of aider_raw/AIDER/normal/normal_image0285.jpg (7/256 bits differ)
removed,no_flood,,aider_raw/AIDER/normal/normal_image0322.jpg,71946534ae78ad49e205416df5442a1b,near-duplicate of aider_raw/AIDER/normal/normal_image0298.jpg (17/256 bits differ)
removed,no_flood,,aider_raw/AIDER/normal/normal_image0334.jpg,b1d5627a6d36c9711b39994624f7653f,near-duplicate of aider_raw/AIDER/normal/normal_image0310.jpg (13/256 bits differ)
removed,no_flood,,aider_raw/AIDER/normal/normal_image0346.jpg,82c398265c373c087542f8345457bc5d,near-duplicate of aider_raw/AIDER/normal/normal_image0310.jpg (18/256 bits differ)
removed,no_flood,,aider_raw/AIDER/normal/normal_image0358.jpg,6b4735c7886d3ea62fbd9e21b5bc54ff,near-duplicate of aider_raw/AIDER/normal/normal_image0310.jpg (37/256 bits differ)
removed,no_flood,,aider_raw/AIDER/normal/normal_image0613.jpg,b96a9e14dffc39b44a4c0e2c458af146,near-duplicate of aider_raw/AIDER/normal/normal_image0369.jpg (12/256 bits differ)
removed,no_flood,,aider_raw/AIDER/normal/normal_image3782.jpg,d0a07df517f2e18ab47d533041d02457,near-duplicate of aider_raw/AIDER/normal/normal_image0370.jpg (8/256 bits differ)
removed,no_flood,,aider_raw/AIDER/normal/normal_image0431.jpg,ec090a71cd3fb8b1985df34ab728dfaa,near-duplicate of aider_raw/AIDER/normal/normal_image0407.jpg (25/256 bits differ)
removed,no_flood,,aider_raw/AIDER/normal/normal_image0456.jpg,8761534e43eeb9729c791588ec7f9462,near-duplicate of aider_raw/AIDER/normal/normal_image0444.jpg (18/256 bits differ)
removed,no_flood,,aider_raw/AIDER/normal/normal_image0530.jpg,4a32afd0cfdec96a673b822cbae23d22,near-duplicate of aider_raw/AIDER/normal/normal_image0518.jpg (5/256 bits differ)
removed,no_flood,,aider_raw/AIDER/normal/normal_image0554.jpg,2d66bf0234a8e259bfaa709ef4d38fcd,near-duplicate of aider_raw/AIDER/normal/normal_image0542.jpg (21/256 bits differ)
removed,no_flood,,aider_raw/AIDER/normal/normal_image0655.jpg,1af2177302016eb3dad706901d0181c3,near-duplicate of aider_raw/AIDER/normal/normal_image0654.jpg (24/256 bits differ)
removed,no_flood,,aider_raw/AIDER/normal/normal_image0656.jpg,f1290e09deb932b356bf58cb649608ab,near-duplicate of aider_raw/AIDER/normal/normal_image0654.jpg (40/256 bits differ)
removed,no_flood,,aider_raw/AIDER/normal/normal_image0667.jpg,d83dc0fbe8f00a5525df54c47023f7b1,near-duplicate of aider_raw/AIDER/normal/normal_image0666.jpg (25/256 bits differ)
removed,no_flood,,aider_raw/AIDER/normal/normal_image0673.jpg,bf8eecc003267c14cd1a10b2a19289a3,near-duplicate of aider_raw/AIDER/normal/normal_image0672.jpg (15/256 bits differ)
removed,no_flood,,aider_raw/AIDER/normal/normal_image0674.jpg,b285ef49ffe652bfe6f3b70d4415b235,near-duplicate of aider_raw/AIDER/normal/normal_image0672.jpg (27/256 bits differ)
removed,no_flood,,aider_raw/AIDER/normal/normal_image0677.jpg,4d3014ada647c9557fb836ea2448c040,near-duplicate of aider_raw/AIDER/normal/normal_image0672.jpg (43/256 bits differ)
removed,no_flood,,aider_raw/AIDER/normal/normal_image0678.jpg,e4180c627fcb919e88db1deb06e42130,near-duplicate of aider_raw/AIDER/normal/normal_image0672.jpg (56/256 bits differ)
removed,no_flood,,aider_raw/AIDER/normal/normal_image0679.jpg,5c727052cb870fcdc36be73efd6138cf,near-duplicate of aider_raw/AIDER/normal/normal_image0672.jpg (62/256 bits differ)
removed,no_flood,,aider_raw/AIDER/normal/normal_image0733.jpg,2cb8c0bd6337b1b42eac99c4f30f0950,near-duplicate of aider_raw/AIDER/normal/normal_image0732.jpg (22/256 bits differ)
removed,no_flood,,aider_raw/AIDER/normal/normal_image0979.jpg,5b1356bc70940657be02ade0c61696a4,near-duplicate of aider_raw/AIDER/normal/normal_image0735.jpg (23/256 bits differ)
removed,no_flood,,aider_raw/AIDER/normal/normal_image0751.jpg,d0d5e571db03f7dfab2658a1fad97b21,near-duplicate of aider_raw/AIDER/normal/normal_image0748.jpg (20/256 bits differ)
removed,no_flood,,aider_raw/AIDER/normal/normal_image0776.jpg,6861371d2e1e2842f9b8923dd3b7d887,near-duplicate of aider_raw/AIDER/normal/normal_image0775.jpg (22/256 bits differ)
removed,no_flood,,aider_raw/AIDER/normal/normal_image0900.jpg,bade47c8ed60b666374d31c511bfd019,near-duplicate of aider_raw/AIDER/normal/normal_image0898.jpg (25/256 bits differ)
removed,no_flood,,aider_raw/AIDER/normal/normal_image0902.jpg,e5123c316177ad5ddfc5212327e94601,near-duplicate of aider_raw/AIDER/normal/normal_image0898.jpg (38/256 bits differ)
removed,no_flood,,aider_raw/AIDER/normal/normal_image0904.jpg,402dc15963e1e4bcb99869d28e7e0e6b,near-duplicate of aider_raw/AIDER/normal/normal_image0898.jpg (47/256 bits differ)
removed,no_flood,,aider_raw/AIDER/normal/normal_image0906.jpg,951a28e093fa68e4715420c2f621e28e,near-duplicate of aider_raw/AIDER/normal/normal_image0898.jpg (59/256 bits differ)
removed,no_flood,,aider_raw/AIDER/normal/normal_image0903.jpg,2ed25debe9e476eaf7f73aa7c29a0a0d,near-duplicate of aider_raw/AIDER/normal/normal_image0901.jpg (15/256 bits differ)
removed,no_flood,,aider_raw/AIDER/normal/normal_image0909.jpg,18fff6e9ddbc15d8c7dda28463af5c68,near-duplicate of aider_raw/AIDER/normal/normal_image0905.jpg (15/256 bits differ)
removed,no_flood,,aider_raw/AIDER/normal/normal_image1004.jpg,d0a7b6c7839c3648a389eb986f0b5a0c,near-duplicate of aider_raw/AIDER/normal/normal_image1002.jpg (16/256 bits differ)
removed,no_flood,,aider_raw/AIDER/normal/normal_image1007.jpg,d0845a58fe0aca2f3ca6c34a9016a7a6,near-duplicate of aider_raw/AIDER/normal/normal_image1003.jpg (19/256 bits differ)
removed,no_flood,,aider_raw/AIDER/normal/normal_image1021.jpg,5e712b1b3899baeec4d19e412b72eed7,near-duplicate of aider_raw/AIDER/normal/normal_image1020.jpg (14/256 bits differ)
removed,no_flood,,aider_raw/AIDER/normal/normal_image1023.jpg,dd25548b4bbc1b20c2d88b6c287821af,near-duplicate of aider_raw/AIDER/normal/normal_image1022.jpg (17/256 bits differ)
removed,no_flood,,aider_raw/AIDER/normal/normal_image1038.jpg,4510183bd865f5fb38afeab46fa9a5fa,near-duplicate of aider_raw/AIDER/normal/normal_image1037.jpg (24/256 bits differ)
removed,no_flood,,aider_raw/AIDER/normal/normal_image1039.jpg,ec2ed9400c100c3a4a232bf1ca2fbf76,near-duplicate of aider_raw/AIDER/normal/normal_image1037.jpg (37/256 bits differ)
removed,no_flood,,aider_raw/AIDER/normal/normal_image1040.jpg,2d28544343555f3e2dc67eb6bba8e8ad,near-duplicate of aider_raw/AIDER/normal/normal_image1037.jpg (48/256 bits differ)
removed,no_flood,,aider_raw/AIDER/normal/normal_image1050.jpg,7ed7c76d0e83257be33448eefafec923,near-duplicate of aider_raw/AIDER/normal/normal_image1049.jpg (24/256 bits differ)
removed,no_flood,,aider_raw/AIDER/normal/normal_image1051.jpg,0e91d39c1c6a8612e254be756c723938,near-duplicate of aider_raw/AIDER/normal/normal_image1049.jpg (42/256 bits differ)
removed,no_flood,,aider_raw/AIDER/normal/normal_image1066.jpg,0249ada0769c61639be33b3ef10141f0,near-duplicate of aider_raw/AIDER/normal/normal_image1054.jpg (18/256 bits differ)
removed,no_flood,,aider_raw/AIDER/normal/normal_image1061.jpg,ea1a8055f685799ca46587e31ef06aeb,near-duplicate of aider_raw/AIDER/normal/normal_image1060.jpg (19/256 bits differ)
removed,no_flood,,aider_raw/AIDER/normal/normal_image1091.jpg,e75fb13ac50889a4d64d59f88e0d9dd8,near-duplicate of aider_raw/AIDER/normal/normal_image1088.jpg (15/256 bits differ)
removed,no_flood,,aider_raw/AIDER/normal/normal_image1092.jpg,71bb882bbc6b7d2daf6d381c0a7f1a8c,near-duplicate of aider_raw/AIDER/normal/normal_image1088.jpg (24/256 bits differ)
removed,no_flood,,aider_raw/AIDER/normal/normal_image1093.jpg,ff971ff886848ce7113108f0784f50af,near-duplicate of aider_raw/AIDER/normal/normal_image1088.jpg (31/256 bits differ)
removed,no_flood,,aider_raw/AIDER/normal/normal_image1104.jpg,937018c8eecc9baf04c987baf6d86826,near-duplicate of aider_raw/AIDER/normal/normal_image1090.jpg (17/256 bits differ)
removed,no_flood,,aider_raw/AIDER/normal/normal_image1164.jpg,407d9300b0b1a07fe596958194bdf2c1,near-duplicate of aider_raw/AIDER/normal/normal_image1152.jpg (11/256 bits differ)
removed,no_flood,,aider_raw/AIDER/normal/normal_image1176.jpg,73fcb0d5249d5ae78f499881090f3c61,near-duplicate of aider_raw/AIDER/normal/normal_image1152.jpg (25/256 bits differ)
removed,no_flood,,aider_raw/AIDER/normal/normal_image1155.jpg,878052e5632b086013e1bb22a158a45c,near-duplicate of aider_raw/AIDER/normal/normal_image1154.jpg (25/256 bits differ)
removed,no_flood,,aider_raw/AIDER/normal/normal_image1170.jpg,02af38ae60a7021ca236ec8f1cb938cf,near-duplicate of aider_raw/AIDER/normal/normal_image1169.jpg (11/256 bits differ)
removed,no_flood,,aider_raw/AIDER/normal/normal_image1171.jpg,905484cdbc65c57c16ba73a2502efce5,near-duplicate of aider_raw/AIDER/normal/normal_image1169.jpg (22/256 bits differ)
removed,no_flood,,aider_raw/AIDER/normal/normal_image1172.jpg,ad0351f4dcda06169ac14cdbeb732869,near-duplicate of aider_raw/AIDER/normal/normal_image1169.jpg (36/256 bits differ)
removed,no_flood,,aider_raw/AIDER/normal/normal_image1192.jpg,76803a4dbcf0896cfaaa3d8217860c0b,near-duplicate of aider_raw/AIDER/normal/normal_image1191.jpg (22/256 bits differ)
removed,no_flood,,aider_raw/AIDER/normal/normal_image1196.jpg,1b4194ca2a5076e75e044be3b66556a0,near-duplicate of aider_raw/AIDER/normal/normal_image1195.jpg (20/256 bits differ)
removed,no_flood,,aider_raw/AIDER/normal/normal_image1197.jpg,97fd6335c170d79d0d2a20339dd485d6,near-duplicate of aider_raw/AIDER/normal/normal_image1195.jpg (33/256 bits differ)
removed,no_flood,,aider_raw/AIDER/normal/normal_image1204.jpg,b0d9e007573bd83fe8a3cbff701fb989,near-duplicate of aider_raw/AIDER/normal/normal_image1203.jpg (17/256 bits differ)
removed,no_flood,,aider_raw/AIDER/normal/normal_image1232.jpg,13d6b08747d652c1c8cc1fe839dec444,near-duplicate of aider_raw/AIDER/normal/normal_image1231.jpg (16/256 bits differ)
removed,no_flood,,aider_raw/AIDER/normal/normal_image1233.jpg,31c79496f9e399ce334f35e3e55c0d27,near-duplicate of aider_raw/AIDER/normal/normal_image1231.jpg (21/256 bits differ)
removed,no_flood,,aider_raw/AIDER/normal/normal_image1234.jpg,17b3727be658310f7644d83c3c46cd56,near-duplicate of aider_raw/AIDER/normal/normal_image1231.jpg (33/256 bits differ)
removed,no_flood,,aider_raw/AIDER/normal/normal_image1243.jpg,285da6af6e8e22839748bf4b9682c5a7,near-duplicate of aider_raw/AIDER/normal/normal_image1242.jpg (12/256 bits differ)
removed,no_flood,,aider_raw/AIDER/normal/normal_image1244.jpg,2f1950c474966635215f3e8c1005efd8,near-duplicate of aider_raw/AIDER/normal/normal_image1242.jpg (29/256 bits differ)
removed,no_flood,,aider_raw/AIDER/normal/normal_image1245.jpg,52b427d9a97cc2771b7b202a18ddcf26,near-duplicate of aider_raw/AIDER/normal/normal_image1242.jpg (41/256 bits differ)
removed,no_flood,,aider_raw/AIDER/normal/normal_image1254.jpg,4d7f8890274c846db28e620b05a28f99,near-duplicate of aider_raw/AIDER/normal/normal_image1253.jpg (13/256 bits differ)
removed,no_flood,,aider_raw/AIDER/normal/normal_image1255.jpg,24862a6dd0c96b16d30b27638092d0a0,near-duplicate of aider_raw/AIDER/normal/normal_image1253.jpg (22/256 bits differ)
removed,no_flood,,aider_raw/AIDER/normal/normal_image1256.jpg,26587592e624723ecd13d976db2c094e,near-duplicate of aider_raw/AIDER/normal/normal_image1253.jpg (28/256 bits differ)
removed,no_flood,,aider_raw/AIDER/normal/normal_image1258.jpg,95789ced87919ca0f4c6a1c77aaf678a,near-duplicate of aider_raw/AIDER/normal/normal_image1257.jpg (8/256 bits differ)
removed,no_flood,,aider_raw/AIDER/normal/normal_image1259.jpg,90b56aff1717d55048be1442231e67a2,near-duplicate of aider_raw/AIDER/normal/normal_image1257.jpg (14/256 bits differ)
removed,no_flood,,aider_raw/AIDER/normal/normal_image1260.jpg,5f5f6f4e82a514c08a3c8d8037032564,near-duplicate of aider_raw/AIDER/normal/normal_image1257.jpg (22/256 bits differ)
removed,no_flood,,aider_raw/AIDER/normal/normal_image1262.jpg,5fdd7e16d1ac6d9c688a1e2646bc0a49,near-duplicate of aider_raw/AIDER/normal/normal_image1261.jpg (12/256 bits differ)
removed,no_flood,,aider_raw/AIDER/normal/normal_image1265.jpg,9bcf0763856f9a3a959f1f7bc8b94d2a,near-duplicate of aider_raw/AIDER/normal/normal_image1261.jpg (19/256 bits differ)
removed,no_flood,,aider_raw/AIDER/normal/normal_image1266.jpg,33e6dcfc0cd28cf8b7a65df99ffcb00a,near-duplicate of aider_raw/AIDER/normal/normal_image1261.jpg (26/256 bits differ)
removed,no_flood,,aider_raw/AIDER/normal/normal_image1267.jpg,fb848f09c39ee6f8a86a3edb668eab94,near-duplicate of aider_raw/AIDER/normal/normal_image1261.jpg (31/256 bits differ)
removed,no_flood,,aider_raw/AIDER/normal/normal_image1268.jpg,5c6420032fd51a5328ecbbdc856fe3e5,near-duplicate of aider_raw/AIDER/normal/normal_image1261.jpg (42/256 bits differ)
removed,no_flood,,aider_raw/AIDER/normal/normal_image1269.jpg,e1300a56048d0f7778dede09a587846e,near-duplicate of aider_raw/AIDER/normal/normal_image1261.jpg (47/256 bits differ)
removed,no_flood,,aider_raw/AIDER/normal/normal_image1270.jpg,92e1fbff5fa3c3bf06bf50664739a8e0,near-duplicate of aider_raw/AIDER/normal/normal_image1261.jpg (57/256 bits differ)
removed,no_flood,,aider_raw/AIDER/normal/normal_image1300.jpg,21943bf22b91f963765025accf4a4e2b,near-duplicate of aider_raw/AIDER/normal/normal_image1299.jpg (19/256 bits differ)
removed,no_flood,,aider_raw/AIDER/normal/normal_image1304.jpg,d849cc854f608bf5cd93d35c7b4723da,near-duplicate of aider_raw/AIDER/normal/normal_image1303.jpg (24/256 bits differ)
removed,no_flood,,aider_raw/AIDER/normal/normal_image1305.jpg,f36719b92552df7e54aa5535f40d692c,near-duplicate of aider_raw/AIDER/normal/normal_image1303.jpg (43/256 bits differ)
removed,no_flood,,aider_raw/AIDER/normal/normal_image1321.jpg,0f48255f78efeb2e1703e8ff080c8e31,near-duplicate of aider_raw/AIDER/normal/normal_image1319.jpg (25/256 bits differ)
removed,no_flood,,aider_raw/AIDER/normal/normal_image1323.jpg,aec982e22428b7dbe2363e542748ee1a,near-duplicate of aider_raw/AIDER/normal/normal_image1322.jpg (20/256 bits differ)
removed,no_flood,,aider_raw/AIDER/normal/normal_image1330.jpg,3d6d9c7a62f33ea7f9722f1eeee3064b,near-duplicate of aider_raw/AIDER/normal/normal_image1329.jpg (22/256 bits differ)
removed,no_flood,,aider_raw/AIDER/normal/normal_image1334.jpg,494621762499c1718e8823e39b96652d,near-duplicate of aider_raw/AIDER/normal/normal_image1333.jpg (17/256 bits differ)
removed,no_flood,,aider_raw/AIDER/normal/normal_image1337.jpg,630807946e2b3f9687d34fe8eae1bfd2,near-duplicate of aider_raw/AIDER/normal/normal_image1336.jpg (24/256 bits differ)
removed,no_flood,,aider_raw/AIDER/normal/normal_image1340.jpg,5b006b66ac486913d046126b60d9a778,near-duplicate of aider_raw/AIDER/normal/normal_image1339.jpg (24/256 bits differ)
removed,no_flood,,aider_raw/AIDER/normal/normal_image1388.jpg,79a0eeb1bb84105d8ec70fca259957e2,near-duplicate of aider_raw/AIDER/normal/normal_image1377.jpg (7/256 bits differ)
removed,no_flood,,aider_raw/AIDER/normal/normal_image1389.jpg,38fb7ffff9b05623d6a9350d66d0facd,near-duplicate of aider_raw/AIDER/normal/normal_image1387.jpg (23/256 bits differ)
removed,no_flood,,aider_raw/AIDER/normal/normal_image1390.jpg,990192998a61c0ade13002273520428b,near-duplicate of aider_raw/AIDER/normal/normal_image1387.jpg (34/256 bits differ)
removed,no_flood,,aider_raw/AIDER/normal/normal_image1391.jpg,7d3f640a2a9c923613cfed9799b7577d,near-duplicate of aider_raw/AIDER/normal/normal_image1387.jpg (38/256 bits differ)
removed,no_flood,,aider_raw/AIDER/normal/normal_image1392.jpg,0f7b5cd8df96fa5efb34120814017796,near-duplicate of aider_raw/AIDER/normal/normal_image1387.jpg (47/256 bits differ)
removed,no_flood,,aider_raw/AIDER/normal/normal_image1393.jpg,f36302a495c8eccf88594b4f3d90436d,near-duplicate of aider_raw/AIDER/normal/normal_image1387.jpg (50/256 bits differ)
removed,no_flood,,aider_raw/AIDER/normal/normal_image1432.jpg,01bd821356e31010b4e1aad06dcdcba6,near-duplicate of aider_raw/AIDER/normal/normal_image1410.jpg (20/256 bits differ)
removed,no_flood,,aider_raw/AIDER/normal/normal_image1451.jpg,8710300a4cfb98646d782c60366cc882,near-duplicate of aider_raw/AIDER/normal/normal_image1450.jpg (13/256 bits differ)
removed,no_flood,,aider_raw/AIDER/normal/normal_image2126.jpg,271f447815f384da3020dc96eae2715c,near-duplicate of aider_raw/AIDER/normal/normal_image1902.jpg (17/256 bits differ)
removed,no_flood,,aider_raw/AIDER/normal/normal_image2238.jpg,36f8f2a38a2137326a0d522a8327455c,near-duplicate of aider_raw/AIDER/normal/normal_image2014.jpg (22/256 bits differ)
removed,no_flood,,aider_raw/AIDER/normal/normal_image2576.jpg,e1e7efdcb174bb985a8791052f58fdb5,near-duplicate of aider_raw/AIDER/normal/normal_image2352.jpg (18/256 bits differ)
removed,no_flood,,aider_raw/AIDER/normal/normal_image2800.jpg,c64ad5dd10f77c89eebbb7758932f9bf,near-duplicate of aider_raw/AIDER/normal/normal_image2352.jpg (41/256 bits differ)
removed,no_flood,,aider_raw/AIDER/normal/normal_image2528.jpg,03f94f1ef0c34384c7926daf14e3930a,near-duplicate of aider_raw/AIDER/normal/normal_image2484.jpg (23/256 bits differ)
removed,no_flood,,aider_raw/AIDER/normal/normal_image2535.jpg,64e6f72a36bce6bdaa2a0d18b84647b7,near-duplicate of aider_raw/AIDER/normal/normal_image2520.jpg (14/256 bits differ)
removed,no_flood,,aider_raw/AIDER/normal/normal_image2529.jpg,26dac33105e788216052fed5c9983d40,near-duplicate of aider_raw/AIDER/normal/normal_image2523.jpg (17/256 bits differ)
removed,no_flood,,aider_raw/AIDER/normal/normal_image2870.jpg,6db004216c088c4b85cfa059bee7c6d1,near-duplicate of aider_raw/AIDER/normal/normal_image2867.jpg (21/256 bits differ)
removed,no_flood,,aider_raw/AIDER/normal/normal_image2967.jpg,a34c7c1fbd7c4b3819af747cba951b6f,near-duplicate of aider_raw/AIDER/normal/normal_image2966.jpg (24/256 bits differ)
removed,no_flood,,aider_raw/AIDER/normal/normal_image2973.jpg,878b3dc0187a5646641af7d651b6fbae,near-duplicate of aider_raw/AIDER/normal/normal_image2972.jpg (12/256 bits differ)
removed,no_flood,,aider_raw/AIDER/normal/normal_image3003.jpg,47985ad7e7b76cf52b48514dcac8bcaf,near-duplicate of aider_raw/AIDER/normal/normal_image3001.jpg (25/256 bits differ)
removed,no_flood,,aider_raw/AIDER/normal/normal_image3004.jpg,c9796faaa0663b4563c165c3d5ff0173,near-duplicate of aider_raw/AIDER/normal/normal_image3001.jpg (25/256 bits differ)
removed,no_flood,,aider_raw/AIDER/normal/normal_image3062.jpg,78a68691690dffd50c6e004a6098b376,near-duplicate of aider_raw/AIDER/normal/normal_image3061.jpg (19/256 bits differ)
removed,no_flood,,aider_raw/AIDER/normal/normal_image3065.jpg,93c2cc6c8899a6b2770b362d0152b4e8,near-duplicate of aider_raw/AIDER/normal/normal_image3064.jpg (18/256 bits differ)
removed,no_flood,,aider_raw/AIDER/normal/normal_image3160.jpg,772d2ff0b688d5d65e844d847dc23d42,near-duplicate of aider_raw/AIDER/normal/normal_image3138.jpg (24/256 bits differ)
removed,no_flood,,aider_raw/AIDER/normal/normal_image3193.jpg,80c096acae09d5128050d3444ecb6bd6,near-duplicate of aider_raw/AIDER/normal/normal_image3171.jpg (22/256 bits differ)
removed,no_flood,,aider_raw/AIDER/normal/normal_image3417.jpg,dd6d8746f2f30b306d99a7704ca077b6,near-duplicate of aider_raw/AIDER/normal/normal_image3395.jpg (20/256 bits differ)
removed,no_flood,,aider_raw/AIDER/normal/normal_image3439.jpg,3823f1a4cb011684611b6e3c039eb811,near-duplicate of aider_raw/AIDER/normal/normal_image3395.jpg (24/256 bits differ)
removed,no_flood,,aider_raw/AIDER/normal/normal_image3567.jpg,caf6609c733bead0d898c132e1bcf432,near-duplicate of aider_raw/AIDER/normal/normal_image3565.jpg (19/256 bits differ)
removed,no_flood,,aider_raw/AIDER/normal/normal_image3574.jpg,8e54e9ccb6dc53aeaecfa059b8c88601,near-duplicate of aider_raw/AIDER/normal/normal_image3572.jpg (22/256 bits differ)
removed,no_flood,,aider_raw/AIDER/normal/normal_image3577.jpg,f837bd109d0f3bb1cbb8fad8038e489c,near-duplicate of aider_raw/AIDER/normal/normal_image3572.jpg (32/256 bits differ)
removed,no_flood,,aider_raw/AIDER/normal/normal_image3579.jpg,ea0ba94db2dd680bc9deb8c405e75178,near-duplicate of aider_raw/AIDER/normal/normal_image3572.jpg (39/256 bits differ)
removed,no_flood,,aider_raw/AIDER/normal/normal_image3581.jpg,ffbd26b3f9c2ecea32335cccc694d4f2,near-duplicate of aider_raw/AIDER/normal/normal_image3572.jpg (47/256 bits differ)
removed,no_flood,,aider_raw/AIDER/normal/normal_image3576.jpg,b3924c39072f041b3b3f896b1e1e8ecb,near-duplicate of aider_raw/AIDER/normal/normal_image3573.jpg (12/256 bits differ)
removed,no_flood,,aider_raw/AIDER/normal/normal_image3578.jpg,3e6be09dc88d3e300fa7249af252015b,near-duplicate of aider_raw/AIDER/normal/normal_image3573.jpg (26/256 bits differ)
removed,no_flood,,aider_raw/AIDER/normal/normal_image3580.jpg,b8dd45dc9fc104a74a235917232ea49a,near-duplicate of aider_raw/AIDER/normal/normal_image3573.jpg (32/256 bits differ)
removed,no_flood,,aider_raw/AIDER/normal/normal_image3582.jpg,548aabd8cf7b5d9afb049caeb9319c6b,near-duplicate of aider_raw/AIDER/normal/normal_image3573.jpg (30/256 bits differ)
removed,no_flood,,aider_raw/AIDER/normal/normal_image3583.jpg,2d5fd28f09dc269dcd2d1e85eaed1ba4,near-duplicate of aider_raw/AIDER/normal/normal_image3573.jpg (34/256 bits differ)
removed,no_flood,,aider_raw/AIDER/normal/normal_image3585.jpg,8dccb5d45d009cb85b21096480b03038,near-duplicate of aider_raw/AIDER/normal/normal_image3573.jpg (42/256 bits differ)
removed,no_flood,,aider_raw/AIDER/normal/normal_image3590.jpg,f4b9565e74de227afe58ffa5bd1fa8d4,near-duplicate of aider_raw/AIDER/normal/normal_image3573.jpg (46/256 bits differ)
removed,no_flood,,aider_raw/AIDER/normal/normal_image3592.jpg,4c91e70eb5935665ffc40925a6bab53f,near-duplicate of aider_raw/AIDER/normal/normal_image3573.jpg (48/256 bits differ)
removed,no_flood,,aider_raw/AIDER/normal/normal_image3589.jpg,8c1a0aeed3a4f44911899846cc2e8d9b,near-duplicate of aider_raw/AIDER/normal/normal_image3584.jpg (19/256 bits differ)
removed,no_flood,,aider_raw/AIDER/normal/normal_image3591.jpg,0ff13dba15e4ea57436210f100fe7e10,near-duplicate of aider_raw/AIDER/normal/normal_image3584.jpg (26/256 bits differ)
removed,no_flood,,aider_raw/AIDER/normal/normal_image3594.jpg,f2bb562c1ae57fc140f2ca56addf0135,near-duplicate of aider_raw/AIDER/normal/normal_image3593.jpg (25/256 bits differ)
removed,no_flood,,aider_raw/AIDER/normal/normal_image3596.jpg,519a693adf12a58da4cf2197bb57f6d9,near-duplicate of aider_raw/AIDER/normal/normal_image3593.jpg (37/256 bits differ)
removed,no_flood,,aider_raw/AIDER/normal/normal_image3598.jpg,fd81c3b01028e684f71fa9a89ff74ea5,near-duplicate of aider_raw/AIDER/normal/normal_image3593.jpg (46/256 bits differ)
removed,no_flood,,aider_raw/AIDER/normal/normal_image3600.jpg,0885209dbb532e4d46a3d1f72e06ea80,near-duplicate of aider_raw/AIDER/normal/normal_image3593.jpg (63/256 bits differ)
removed,no_flood,,aider_raw/AIDER/normal/normal_image3602.jpg,88fc56b2f8bfc4ec9dd839c6b20128fb,near-duplicate of aider_raw/AIDER/normal/normal_image3593.jpg (70/256 bits differ)
removed,no_flood,,aider_raw/AIDER/normal/normal_image3604.jpg,4b8010ad996050f3c195da5e79516278,near-duplicate of aider_raw/AIDER/normal/normal_image3593.jpg (66/256 bits differ)
removed,no_flood,,aider_raw/AIDER/normal/normal_image3606.jpg,84e49f80ae00ead2323b4522fa586ce3,near-duplicate of aider_raw/AIDER/normal/normal_image3593.jpg (68/256 bits differ)
removed,no_flood,,aider_raw/AIDER/normal/normal_image3608.jpg,562e42ef6d0f254961b5dc06acd501c2,near-duplicate of aider_raw/AIDER/normal/normal_image3593.jpg (70/256 bits differ)
removed,no_flood,,aider_raw/AIDER/normal/normal_image3597.jpg,fdbdfc9b9de85fb7558a3d963d9064ab,near-duplicate of aider_raw/AIDER/normal/normal_image3595.jpg (15/256 bits differ)
removed,no_flood,,aider_raw/AIDER/normal/normal_image3603.jpg,7844176a54a35b2a61bac718912bb68e,near-duplicate of aider_raw/AIDER/normal/normal_image3601.jpg (14/256 bits differ)
removed,no_flood,,aider_raw/AIDER/normal/normal_image3605.jpg,fd20ad5ef7796274ad0fcaadfb7792b6,near-duplicate of aider_raw/AIDER/normal/normal_image3601.jpg (33/256 bits differ)
removed,no_flood,,aider_raw/AIDER/normal/normal_image3607.jpg,3eb25b497fa8f1294c48f09ade303e5a,near-duplicate of aider_raw/AIDER/normal/normal_image3601.jpg (52/256 bits differ)
removed,no_flood,,aider_raw/AIDER/normal/normal_image3609.jpg,2d176b2ca6a4afe23fd86151422dbf3a,near-duplicate of aider_raw/AIDER/normal/normal_image3601.jpg (54/256 bits differ)
removed,no_flood,,aider_raw/AIDER/normal/normal_image3616.jpg,2db2042e2185871bb30a931d60672b79,near-duplicate of aider_raw/AIDER/normal/normal_image3614.jpg (25/256 bits differ)
removed,no_flood,,aider_raw/AIDER/normal/normal_image3624.jpg,bc786ba167866c3334b63582a1d09d07,near-duplicate of aider_raw/AIDER/normal/normal_image3623.jpg (19/256 bits differ)
removed,no_flood,,aider_raw/AIDER/normal/normal_image3626.jpg,148da8e73dfbbc2649ea346c2dc1ef43,near-duplicate of aider_raw/AIDER/normal/normal_image3623.jpg (36/256 bits differ)
removed,no_flood,,aider_raw/AIDER/normal/normal_image3629.jpg,b171e18361e0fa8994613b765faf7ea1,near-duplicate of aider_raw/AIDER/normal/normal_image3628.jpg (25/256 bits differ)
removed,no_flood,,aider_raw/AIDER/normal/normal_image3633.jpg,a2ce213ed3a58d1ee2b365d7043add9f,near-duplicate of aider_raw/AIDER/normal/normal_image3630.jpg (19/256 bits differ)
removed,no_flood,,aider_raw/AIDER/normal/normal_image3635.jpg,ef5aa9fe3c99dc0508fe56d6d897eb2f,near-duplicate of aider_raw/AIDER/normal/normal_image3630.jpg (33/256 bits differ)
removed,no_flood,,aider_raw/AIDER/normal/normal_image3655.jpg,d9be2902ca89de98668c14ed28c5b349,near-duplicate of aider_raw/AIDER/normal/normal_image3653.jpg (18/256 bits differ)
removed,no_flood,,aider_raw/AIDER/normal/normal_image3657.jpg,9a63795c88136a4020a75175e5303928,near-duplicate of aider_raw/AIDER/normal/normal_image3653.jpg (31/256 bits differ)
removed,no_flood,,aider_raw/AIDER/normal/normal_image3659.jpg,83a228392e427596416293fb57998594,near-duplicate of aider_raw/AIDER/normal/normal_image3653.jpg (33/256 bits differ)
removed,no_flood,,aider_raw/AIDER/normal/normal_image3658.jpg,8a492018624eaee0410abef25dd129b5,near-duplicate of aider_raw/AIDER/normal/normal_image3656.jpg (17/256 bits differ)
removed,no_flood,,aider_raw/AIDER/normal/normal_image3667.jpg,d79b8f564fdb0fb12af22c4538933e2e,near-duplicate of aider_raw/AIDER/normal/normal_image3664.jpg (20/256 bits differ)
removed,no_flood,,aider_raw/AIDER/normal/normal_image3671.jpg,06ec67d5178cfc40038396041a03139a,near-duplicate of aider_raw/AIDER/normal/normal_image3669.jpg (18/256 bits differ)
removed,no_flood,,aider_raw/AIDER/normal/normal_image3814.jpg,bd5816e2ed388804517f71ed9cc9cfe9,near-duplicate of aider_raw/AIDER/normal/normal_image3812.jpg (23/256 bits differ)
removed,no_flood,,aider_raw/AIDER/normal/normal_image3822.jpg,6fb47421f264e01468e8d0e937bdbb1e,near-duplicate of aider_raw/AIDER/normal/normal_image3818.jpg (23/256 bits differ)
removed,no_flood,,aider_raw/AIDER/normal/normal_image3824.jpg,3deaf368ac1b7d29531af635f982c9e8,near-duplicate of aider_raw/AIDER/normal/normal_image3818.jpg (40/256 bits differ)
removed,no_flood,,aider_raw/AIDER/normal/normal_image3826.jpg,fdfc17214589c49f33c9dff9c40da24b,near-duplicate of aider_raw/AIDER/normal/normal_image3818.jpg (47/256 bits differ)
removed,no_flood,,aider_raw/AIDER/normal/normal_image3828.jpg,e7293b0368f30254d0787d85d33124bc,near-duplicate of aider_raw/AIDER/normal/normal_image3818.jpg (53/256 bits differ)
removed,no_flood,,aider_raw/AIDER/normal/normal_image3823.jpg,74033ca557d7fe1f057cfe4092d09d24,near-duplicate of aider_raw/AIDER/normal/normal_image3821.jpg (25/256 bits differ)
removed,no_flood,,aider_raw/AIDER/normal/normal_image3885.jpg,9b4408394325d65e7c42e55761a01177,near-duplicate of aider_raw/AIDER/normal/normal_image3883.jpg (19/256 bits differ)
removed,no_flood,,aider_raw/AIDER/normal/normal_image3893.jpg,4069eed30d6e93cb98cc367f6fdd28bb,near-duplicate of aider_raw/AIDER/normal/normal_image3889.jpg (23/256 bits differ)
removed,no_flood,,aider_raw/AIDER/normal/normal_image3911.jpg,ecd6a39bf22e7adbcac39ff2c5330cf4,near-duplicate of aider_raw/AIDER/normal/normal_image3909.jpg (22/256 bits differ)
removed,no_flood,,aider_raw/AIDER/normal/normal_image3913.jpg,ff087a888ec825c6eb60ccfe4bdff21a,near-duplicate of aider_raw/AIDER/normal/normal_image3909.jpg (31/256 bits differ)
removed,no_flood,,aider_raw/AIDER/normal/normal_image3915.jpg,49a4ad76f6b652f595b70afd3be0ea1b,near-duplicate of aider_raw/AIDER/normal/normal_image3909.jpg (41/256 bits differ)
removed,no_flood,,aider_raw/AIDER/normal/normal_image3919.jpg,07a1f04265986c0ab5f9b5679460160f,near-duplicate of aider_raw/AIDER/normal/normal_image3909.jpg (40/256 bits differ)
removed,no_flood,,aider_raw/AIDER/normal/normal_image3912.jpg,ffb2c6faf8d4ebd50cb8aefd73ce2977,near-duplicate of aider_raw/AIDER/normal/normal_image3910.jpg (21/256 bits differ)
removed,no_flood,,aider_raw/AIDER/normal/normal_image3914.jpg,1a97ebe57f31fb5654180355491e9737,near-duplicate of aider_raw/AIDER/normal/normal_image3910.jpg (40/256 bits differ)
removed,no_flood,,aider_raw/AIDER/normal/normal_image3916.jpg,f71ae57fba0e297e61d7c73935fcf830,near-duplicate of aider_raw/AIDER/normal/normal_image3910.jpg (54/256 bits differ)
removed,no_flood,,aider_raw/AIDER/normal/normal_image3920.jpg,5799b5648aa760e331a510662c400e3a,near-duplicate of aider_raw/AIDER/normal/normal_image3910.jpg (67/256 bits differ)
removed,no_flood,,aider_raw/AIDER/normal/normal_image4048.jpg,14a1fcc9e8b2416732af1d2929c02397,near-duplicate of aider_raw/AIDER/normal/normal_image3922.jpg (47/256 bits differ)
removed,no_flood,,aider_raw/AIDER/normal/normal_image4049.jpg,608d9f3a22dcbe1a49bd761152d2a643,near-duplicate of aider_raw/AIDER/normal/normal_image3922.jpg (40/256 bits differ)
removed,no_flood,,aider_raw/AIDER/normal/normal_image4050.jpg,ec997582d12f9893e6bdfa64175ae338,near-duplicate of aider_raw/AIDER/normal/normal_image3922.jpg (36/256 bits differ)
removed,no_flood,,aider_raw/AIDER/normal/normal_image4053.jpg,0618bcf2ba78612880e0d83e8fba4739,near-duplicate of aider_raw/AIDER/normal/normal_image3922.jpg (31/256 bits differ)
removed,no_flood,,aider_raw/AIDER/normal/normal_image4054.jpg,8490f1ced1500a62fc32233a52e78b85,near-duplicate of aider_raw/AIDER/normal/normal_image3922.jpg (22/256 bits differ)
removed,no_flood,,aider_raw/AIDER/normal/normal_image3939.jpg,268e6e5e333d80bb8dd221255c02ebc1,near-duplicate of aider_raw/AIDER/normal/normal_image3938.jpg (24/256 bits differ)
removed,no_flood,,aider_raw/AIDER/normal/normal_image4005.jpg,4c509d68eab4213be790ec8c0b9da8b7,near-duplicate of aider_raw/AIDER/normal/normal_image4004.jpg (19/256 bits differ)
removed,no_flood,,aider_raw/AIDER/normal/normal_image4006.jpg,7e018b0d93d600048b6ed27c3469f7a5,near-duplicate of aider_raw/AIDER/normal/normal_image4004.jpg (29/256 bits differ)
removed,no_flood,,aider_raw/AIDER/normal/normal_image4007.jpg,245a67acd6cbbae0438031782d8384d4,near-duplicate of aider_raw/AIDER/normal/normal_image4004.jpg (39/256 bits differ)
removed,no_flood,,aider_raw/AIDER/normal/normal_image4037.jpg,d91b1fb4a89ead703a7c0cb5821980bd,near-duplicate of aider_raw/AIDER/normal/normal_image4036.jpg (16/256 bits differ)
removed,no_flood,,aider_raw/AIDER/normal/normal_image4038.jpg,fa5b89d24a58492b87713efbdc0151c6,near-duplicate of aider_raw/AIDER/normal/normal_image4036.jpg (41/256 bits differ)
removed,no_flood,,aider_raw/AIDER/normal/normal_image4042.jpg,3de531fb6eab24eb2f96a8f485f3b021,near-duplicate of aider_raw/AIDER/normal/normal_image4041.jpg (16/256 bits differ)
removed,no_flood,,aider_raw/AIDER/normal/normal_image4091.jpg,2f38e3fcf7695d1ef9682efa412ecdbc,near-duplicate of aider_raw/AIDER/normal/normal_image4089.jpg (23/256 bits differ)
removed,no_flood,,aider_raw/AIDER/normal/normal_image4173.jpg,9ebe2c1aba223ef4bd18d5af4dfcaf6d,near-duplicate of aider_raw/AIDER/normal/normal_image4149.jpg (15/256 bits differ)
removed,no_flood,,aider_raw/AIDER/normal/normal_image4320.jpg,6a7903431cb22f46363effed15b243ce,near-duplicate of aider_raw/AIDER/normal/normal_image4308.jpg (24/256 bits differ)
removed,flood,,aider_raw/AIDER/flooded_areas/flood_image0098.jpg,cd4a68a12851cdc2281e006ce4dd207c,near-duplicate of aider_raw/AIDER/flooded_areas/flood_image0466.jpg (6/256 bits differ)
skipped,no_flood,,aider_raw/AIDER/normal/normal_image3197.jpg,,"blank image (one flat colour, no scene)"
not_sampled,no_flood,,aider_raw/AIDER/normal/normal_image0001.jpg,546bfc307f177cecaff159688bb7adda,left out by the 1000-image subsample
not_sampled,no_flood,,aider_raw/AIDER/normal/normal_image0002.jpg,5659e6181472d92c6652118c09a18f95,left out by the 1000-image subsample
not_sampled,no_flood,,aider_raw/AIDER/normal/normal_image0003.jpg,4812d6faf653eb20542709770d4c1ba0,left out by the 1000-image subsample
not_sampled,no_flood,,aider_raw/AIDER/normal/normal_image0004.jpg,46a4f8e01f3267dfe72d31c0ece876d4,left out by the 1000-image subsample
not_sampled,no_flood,,aider_raw/AIDER/normal/normal_image0005.jpg,48bfffacee632ca66596073c6a619170,left out by the 1000-image subsample
not_sampled,no_flood,,aider_raw/AIDER/normal/normal_image0006.jpg,8f10c64ab428c3bc1735ec75c6d0e662,left out by the 1000-image subsample
not_sampled,no_flood,,aider_raw/AIDER/normal/normal_image0007.jpg,016fa9986143203271f94dc34f57d518,left out by the 1000-image subsample
not_sampled,no_flood,,aider_raw/AIDER/normal/normal_image0008.jpg,8798c9083a3a8a1087c89622459721ec,left out by the 1000-image subsample
not_sampled,no_flood,,aider_raw/AIDER/normal/normal_image0009.jpg,2deb3a9cb6e7a337acabf6b93bd2932e,left out by the 1000-image subsample
not_sampled,no_flood,,aider_raw/AIDER/normal/normal_image0010.jpg,d3ab0d5293a17717825cf873d81c1d07,left out by the 1000-image subsample
not_sampled,no_flood,,aider_raw/AIDER/normal/normal_image0011.jpg,eff4cbfe28f4e5b20b2f8932ccd5797e,left out by the 1000-image subsample
not_sampled,no_flood,,aider_raw/AIDER/normal/normal_image0013.jpg,edec1ad76fba9aaafba13842e940a11c,left out by the 1000-image subsample
not_sampled,no_flood,,aider_raw/AIDER/normal/normal_image0015.jpg,264bb999b978182afd7b73cde11a57ba,left out by the 1000-image subsample
not_sampled,no_flood,,aider_raw/AIDER/normal/normal_image0016.jpg,3ae511107fa014b62a439c8331ea3ab9,left out by the 1000-image subsample
not_sampled,no_flood,,aider_raw/AIDER/normal/normal_image0017.jpg,1409ee6525010ef881aa31e614a3fd66,left out by the 1000-image subsample
not_sampled,no_flood,,aider_raw/AIDER/normal/normal_image0018.jpg,f7f2c1a4bbeca6a81caeac486ea81ca6,left out by the 1000-image subsample
not_sampled,no_flood,,aider_raw/AIDER/normal/normal_image0019.jpg,ab758bb621ce4fe0214474b2b9971e10,left out by the 1000-image subsample
not_sampled,no_flood,,aider_raw/AIDER/normal/normal_image0023.jpg,321ba370f81481cf0df78d17ff7723a6,left out by the 1000-image subsample
not_sampled,no_flood,,aider_raw/AIDER/normal/normal_image0028.jpg,93cbd176c53ce1f3c645391eca764101,left out by the 1000-image subsample
not_sampled,no_flood,,aider_raw/AIDER/normal/normal_image0030.jpg,3545819a7a1fefffeb933a4e4f75fad2,left out by the 1000-image subsample
not_sampled,no_flood,,aider_raw/AIDER/normal/normal_image0031.jpg,46573047ad2846894208453a92dc8c14,left out by the 1000-image subsample
not_sampled,no_flood,,aider_raw/AIDER/normal/normal_image0032.jpg,6702b46c08f0e466fbfe92f467260346,left out by the 1000-image subsample
not_sampled,no_flood,,aider_raw/AIDER/normal/normal_image0034.jpg,5ac49cec1e3c052d78efa9c28e8d7c0c,left out by the 1000-image subsample
not_sampled,no_flood,,aider_raw/AIDER/normal/normal_image0035.jpg,e2598ec30b925c822009fcf50181bf54,left out by the 1000-image subsample
not_sampled,no_flood,,aider_raw/AIDER/normal/normal_image0036.jpg,0f75797d3b5623bd6a57bb58daac6128,left out by the 1000-image subsample
not_sampled,no_flood,,aider_raw/AIDER/normal/normal_image0038.jpg,aa3b0190cd4749a8d35012c3584682ad,left out by the 1000-image subsample
not_sampled,no_flood,,aider_raw/AIDER/normal/normal_image0039.jpg,b74661806eb055f294b4e788548dd433,left out by the 1000-image subsample
not_sampled,no_flood,,aider_raw/AIDER/normal/normal_image0040.jpg,e195952f1799986f163040eac58d941e,left out by the 1000-image subsample
not_sampled,no_flood,,aider_raw/AIDER/normal/normal_image0041.jpg,af0d1711d31bc64c010983a95b95ab40,left out by the 1000-image subsample
not_sampled,no_flood,,aider_raw/AIDER/normal/normal_image0043.jpg,3fb55d2e9020c861d57943a0f22101cc,left out by the 1000-image subsample
not_sampled,no_flood,,aider_raw/AIDER/normal/normal_image0044.jpg,62a8cf11798160d1e2936836bd41bbad,left out by the 1000-image subsample
not_sampled,no_flood,,aider_raw/AIDER/normal/normal_image0045.jpg,7a8abf23de51e406bdcaf83917b3bf7c,left out by the 1000-image subsample
not_sampled,no_flood,,aider_raw/AIDER/normal/normal_image0046.jpg,c39b85d0ba5723d1a640ad38b788553d,left out by the 1000-image subsample
not_sampled,no_flood,,aider_raw/AIDER/normal/normal_image0047.jpg,350bdabfc6f502b0d7c40490e117c4f7,left out by the 1000-image subsample
not_sampled,no_flood,,aider_raw/AIDER/normal/normal_image0048.jpg,763114cae1422bdd34830dac3a938977,left out by the 1000-image subsample
not_sampled,no_flood,,aider_raw/AIDER/normal/normal_image0049.jpg,2729ba8d908c132e344e63fdcc86f729,left out by the 1000-image subsample
not_sampled,no_flood,,aider_raw/AIDER/normal/normal_image0050.jpg,ad6ae98461e2797fccd1796a4f802ed4,left out by the 1000-image subsample
not_sampled,no_flood,,aider_raw/AIDER/normal/normal_image0051.jpg,8a0f650134c996303bfb122b2ae751ad,left out by the 1000-image subsample
not_sampled,no_flood,,aider_raw/AIDER/normal/normal_image0053.jpg,6f52e3d2243c2a251fa55774e706f643,left out by the 1000-image subsample
not_sampled,no_flood,,aider_raw/AIDER/normal/normal_image0055.jpg,731fcc2a3a908b70989de637f0220fb5,left out by the 1000-image subsample
not_sampled,no_flood,,aider_raw/AIDER/normal/normal_image0056.jpg,17ac951bb69eff721d475c2a7465e22d,left out by the 1000-image subsample
not_sampled,no_flood,,aider_raw/AIDER/normal/normal_image0057.jpg,8db174719fdf63ba234d7b95afa09807,left out by the 1000-image subsample
not_sampled,no_flood,,aider_raw/AIDER/normal/normal_image0058.jpg,6c2d6fc9f1363e120f0c95e87cfea031,left out by the 1000-image subsample
not_sampled,no_flood,,aider_raw/AIDER/normal/normal_image0059.jpg,8d1f1b815bce07dc409f78aac06f7a72,left out by the 1000-image subsample
not_sampled,no_flood,,aider_raw/AIDER/normal/normal_image0060.jpg,517802dc10067889a562ae499eed8bf0,left out by the 1000-image subsample
not_sampled,no_flood,,aider_raw/AIDER/normal/normal_image0061.jpg,775a6252549004e6329a75d41ecf45b3,left out by the 1000-image subsample
not_sampled,no_flood,,aider_raw/AIDER/normal/normal_image0063.jpg,4decab80e5460808e57ec40949ab7a6f,left out by the 1000-image subsample
not_sampled,no_flood,,aider_raw/AIDER/normal/normal_image0064.jpg,4488c3ed4fdea11d38b6faead1570197,left out by the 1000-image subsample
not_sampled,no_flood,,aider_raw/AIDER/normal/normal_image0065.jpg,f34a222ec1d0f640d7c287324b32fe12,left out by the 1000-image subsample
not_sampled,no_flood,,aider_raw/AIDER/normal/normal_image0066.jpg,24afda7190ae5c797951ba08c9b72467,left out by the 1000-image subsample
not_sampled,no_flood,,aider_raw/AIDER/normal/normal_image0067.jpg,93ec7a834b424b56f563785f9adfd4d8,left out by the 1000-image subsample
not_sampled,no_flood,,aider_raw/AIDER/normal/normal_image0071.jpg,13eda673490f30a303e903c114424685,left out by the 1000-image subsample
not_sampled,no_flood,,aider_raw/AIDER/normal/normal_image0072.jpg,ebfac2acdab458ad9a4dfa1d0934a1c7,left out by the 1000-image subsample
not_sampled,no_flood,,aider_raw/AIDER/normal/normal_image0073.jpg,4f5b150e484bdd1251c83f7d3afa57c0,left out by the 1000-image subsample
not_sampled,no_flood,,aider_raw/AIDER/normal/normal_image0074.jpg,ebdb60280f851a399b6b59916814a82b,left out by the 1000-image subsample
not_sampled,no_flood,,aider_raw/AIDER/normal/normal_image0075.jpg,f0055ab524f15224a5fa67790f6917b0,left out by the 1000-image subsample
not_sampled,no_flood,,aider_raw/AIDER/normal/normal_image0076.jpg,ed3165d66a1cd5c3dfa64dcaca659d12,left out by the 1000-image subsample
not_sampled,no_flood,,aider_raw/AIDER/normal/normal_image0077.jpg,d429bb8763157593792f98491530ba23,left out by the 1000-image subsample
not_sampled,no_flood,,aider_raw/AIDER/normal/normal_image0078.jpg,374df050bd558fd716020e17142172f0,left out by the 1000-image subsample
not_sampled,no_flood,,aider_raw/AIDER/normal/normal_image0081.jpg,79efed47659e78ebb813c8657147216c,left out by the 1000-image subsample
not_sampled,no_flood,,aider_raw/AIDER/normal/normal_image0083.jpg,64d51cfbb58b930f08cbae131b475088,left out by the 1000-image subsample
not_sampled,no_flood,,aider_raw/AIDER/normal/normal_image0084.jpg,51798752b0151f48cea1fd48696714e2,left out by the 1000-image subsample
not_sampled,no_flood,,aider_raw/AIDER/normal/normal_image0085.jpg,02ca83ebffe05829f07b2c31365f269b,left out by the 1000-image subsample
not_sampled,no_flood,,aider_raw/AIDER/normal/normal_image0086.jpg,611dd41148b228e7fba18cc0ae1d0cc5,left out by the 1000-image subsample
not_sampled,no_flood,,aider_raw/AIDER/normal/normal_image0087.jpg,482397e1e506e89bb3c8ea156baf4daa,left out by the 1000-image subsample
not_sampled,no_flood,,aider_raw/AIDER/normal/normal_image0088.jpg,ab7d4b8dbb4d02924cb77b9aac078d3a,left out by the 1000-image subsample
not_sampled,no_flood,,aider_raw/AIDER/normal/normal_image0089.jpg,ecb0193d187cde205fe0ca60ad436575,left out by the 1000-image subsample
not_sampled,no_flood,,aider_raw/AIDER/normal/normal_image0090.jpg,c31098f9d14cee70bedafdd2fe73f448,left out by the 1000-image subsample
not_sampled,no_flood,,aider_raw/AIDER/normal/normal_image0091.jpg,ef907137436419a49c11deb9415bface,left out by the 1000-image subsample
not_sampled,no_flood,,aider_raw/AIDER/normal/normal_image0092.jpg,ee8d60b148be6fe10e2523c0142669a2,left out by the 1000-image subsample
not_sampled,no_flood,,aider_raw/AIDER/normal/normal_image0093.jpg,b43ccc8560c1f784b7f54bc65c3b00c6,left out by the 1000-image subsample
not_sampled,no_flood,,aider_raw/AIDER/normal/normal_image0095.jpg,2a47ee6fb3cb6fd1bdd4a87d5c48c2c8,left out by the 1000-image subsample
not_sampled,no_flood,,aider_raw/AIDER/normal/normal_image0096.jpg,d58d31f054caac6b5d0d9bb24e998282,left out by the 1000-image subsample
not_sampled,no_flood,,aider_raw/AIDER/normal/normal_image0097.jpg,01c40fa078d17b8cc4a1d41e1ea627de,left out by the 1000-image subsample
not_sampled,no_flood,,aider_raw/AIDER/normal/normal_image0098.jpg,df781ba8cb471c385e7cdc6edab14de7,left out by the 1000-image subsample
not_sampled,no_flood,,aider_raw/AIDER/normal/normal_image0099.jpg,7cad26df1b146b7108b66cd14398e31e,left out by the 1000-image subsample
not_sampled,no_flood,,aider_raw/AIDER/normal/normal_image0101.jpg,296a7587f03287b1c2e6c2d4fd9a69ee,left out by the 1000-image subsample
not_sampled,no_flood,,aider_raw/AIDER/normal/normal_image0102.jpg,27b76b539b94051b71a392f9a9057b97,left out by the 1000-image subsample
not_sampled,no_flood,,aider_raw/AIDER/normal/normal_image0103.jpg,0c4d35632f6950f262a1db7a8e17e39c,left out by the 1000-image subsample
not_sampled,no_flood,,aider_raw/AIDER/normal/normal_image0104.jpg,d3844f7efde5f6313dbe7905f24ee083,left out by the 1000-image subsample
not_sampled,no_flood,,aider_raw/AIDER/normal/normal_image0105.jpg,ad7ad0aaf6ae366a9706efb84d38a297,left out by the 1000-image subsample
not_sampled,no_flood,,aider_raw/AIDER/normal/normal_image0107.jpg,a7f774b7f53518b758a6abd219286a85,left out by the 1000-image subsample
not_sampled,no_flood,,aider_raw/AIDER/normal/normal_image0108.jpg,2b7f18f3f8725ea4493079bdd96a34f4,left out by the 1000-image subsample
not_sampled,no_flood,,aider_raw/AIDER/normal/normal_image0109.jpg,01ad3fcc2eec80243600728f1ec8f1a0,left out by the 1000-image subsample
not_sampled,no_flood,,aider_raw/AIDER/normal/normal_image0110.jpg,d1dec7a10f25e2c8be39354008b3c4dd,left out by the 1000-image subsample
not_sampled,no_flood,,aider_raw/AIDER/normal/normal_image0111.jpg,36270ca5a38687ec574463bc29197909,left out by the 1000-image subsample
not_sampled,no_flood,,aider_raw/AIDER/normal/normal_image0112.jpg,48f7a8243132ef8cc123f81dc561ade6,left out by the 1000-image subsample
not_sampled,no_flood,,aider_raw/AIDER/normal/normal_image0113.jpg,404b0a6d16048d653df600ff3d8df0db,left out by the 1000-image subsample
not_sampled,no_flood,,aider_raw/AIDER/normal/normal_image0114.jpg,0ff17a11237abd1b59b636935d6ec2a8,left out by the 1000-image subsample
not_sampled,no_flood,,aider_raw/AIDER/normal/normal_image0115.jpg,62a4599a1439d5b379bdaa3a6cdd8b28,left out by the 1000-image subsample
not_sampled,no_flood,,aider_raw/AIDER/normal/normal_image0116.jpg,e5864b3e21a391b2ba2f9ac431fd0ae7,left out by the 1000-image subsample
not_sampled,no_flood,,aider_raw/AIDER/normal/normal_image0117.jpg,1f643b95b3ca8c1486c4a713a9aa5dce,left out by the 1000-image subsample
not_sampled,no_flood,,aider_raw/AIDER/normal/normal_image0121.jpg,d3328760a0d04718dcf4ea8cd2cbf506,left out by the 1000-image subsample
not_sampled,no_flood,,aider_raw/AIDER/normal/normal_image0122.jpg,f7a95daa400374a3b0a1c288b95bb3e8,left out by the 1000-image subsample
not_sampled,no_flood,,aider_raw/AIDER/normal/normal_image0123.jpg,055dbd4219febca77a543dc1c0a4856e,left out by the 1000-image subsample
not_sampled,no_flood,,aider_raw/AIDER/normal/normal_image0124.jpg,c2632f9d9ec6f0d116cb2b0f7a5ce05c,left out by the 1000-image subsample
not_sampled,no_flood,,aider_raw/AIDER/normal/normal_image0125.jpg,22f1d9d2c6a5e50cd661ac154ea211df,left out by the 1000-image subsample
not_sampled,no_flood,,aider_raw/AIDER/normal/normal_image0127.jpg,d3b087855fb8467e488b1d031d5dc7fa,left out by the 1000-image subsample
not_sampled,no_flood,,aider_raw/AIDER/normal/normal_image0130.jpg,326c9c82301b015cbccdd013df8d9881,left out by the 1000-image subsample
not_sampled,no_flood,,aider_raw/AIDER/normal/normal_image0131.jpg,008f2e231c15e5cd6333fdc3836a802d,left out by the 1000-image subsample
not_sampled,no_flood,,aider_raw/AIDER/normal/normal_image0132.jpg,7d77fa9f466029ac449768f2156a01ad,left out by the 1000-image subsample
not_sampled,no_flood,,aider_raw/AIDER/normal/normal_image0133.jpg,dc8b5587af17f61e776745813e52eb84,left out by the 1000-image subsample
not_sampled,no_flood,,aider_raw/AIDER/normal/normal_image0135.jpg,44c65456317f3501a7031fedbd33f7e4,left out by the 1000-image subsample
not_sampled,no_flood,,aider_raw/AIDER/normal/normal_image0136.jpg,e6a3dd6afc2ed489fecee9dd9d07fe1e,left out by the 1000-image subsample
not_sampled,no_flood,,aider_raw/AIDER/normal/normal_image0138.jpg,66ad77e341f393ae2d4f356ef6ba80ba,left out by the 1000-image subsample
not_sampled,no_flood,,aider_raw/AIDER/normal/normal_image0139.jpg,b54934008f3f6312801e0809b5b6b9f7,left out by the 1000-image subsample
not_sampled,no_flood,,aider_raw/AIDER/normal/normal_image0140.jpg,f27d38e9dd474b162d5126f554a26421,left out by the 1000-image subsample
not_sampled,no_flood,,aider_raw/AIDER/normal/normal_image0143.jpg,d5db47cc8c38293ad48dae4da510470e,left out by the 1000-image subsample
not_sampled,no_flood,,aider_raw/AIDER/normal/normal_image0144.jpg,2c72525a202f91a9cfba39bb878590dc,left out by the 1000-image subsample
not_sampled,no_flood,,aider_raw/AIDER/normal/normal_image0145.jpg,30263491b85d918fa33f19005c4f7e18,left out by the 1000-image subsample
not_sampled,no_flood,,aider_raw/AIDER/normal/normal_image0146.jpg,4304996058647fddddd36c6c0ee4176c,left out by the 1000-image subsample
not_sampled,no_flood,,aider_raw/AIDER/normal/normal_image0147.jpg,b7f2238f1c5a6f615d01e4431b8697ec,left out by the 1000-image subsample
not_sampled,no_flood,,aider_raw/AIDER/normal/normal_image0148.jpg,8a9b7996b8c37cc562782c7dbba0cf93,left out by the 1000-image subsample
not_sampled,no_flood,,aider_raw/AIDER/normal/normal_image0151.jpg,82a29a2e699066f92f925642ecbfaf6d,left out by the 1000-image subsample
not_sampled,no_flood,,aider_raw/AIDER/normal/normal_image0153.jpg,a5364fcc86da4cdb18a9f32c1b1c4ee5,left out by the 1000-image subsample
not_sampled,no_flood,,aider_raw/AIDER/normal/normal_image0154.jpg,e7abc220f46852e779ad9ae56b5a618b,left out by the 1000-image subsample
not_sampled,no_flood,,aider_raw/AIDER/normal/normal_image0155.jpg,78d639811ff8ddf459d4ffece9b33282,left out by the 1000-image subsample
not_sampled,no_flood,,aider_raw/AIDER/normal/normal_image0156.jpg,766d64fd2ea4471290c22659b4906e45,left out by the 1000-image subsample
not_sampled,no_flood,,aider_raw/AIDER/normal/normal_image0158.jpg,f2eb9d5c13e9c9f6a1d024984547301b,left out by the 1000-image subsample
not_sampled,no_flood,,aider_raw/AIDER/normal/normal_image0159.jpg,a722ea3445e69efd6a86b02e40b69be3,left out by the 1000-image subsample
not_sampled,no_flood,,aider_raw/AIDER/normal/normal_image0160.jpg,188adb7beb389a7a287fe102fe362bae,left out by the 1000-image subsample
not_sampled,no_flood,,aider_raw/AIDER/normal/normal_image0161.jpg,a4627e161dd19a8757736c814df6032f,left out by the 1000-image subsample
not_sampled,no_flood,,aider_raw/AIDER/normal/normal_image0162.jpg,161f33cf5e80901d8da804147e5f8470,left out by the 1000-image subsample
not_sampled,no_flood,,aider_raw/AIDER/normal/normal_image0163.jpg,339a8cc250c1b1f9d492d67389d11897,left out by the 1000-image subsample
not_sampled,no_flood,,aider_raw/AIDER/normal/normal_image0165.jpg,ffd683f63eb7f93177f99bc29e6b99f0,left out by the 1000-image subsample
not_sampled,no_flood,,aider_raw/AIDER/normal/normal_image0166.jpg,abac0d9a6af73d82c51302e0df1ed0bc,left out by the 1000-image subsample
not_sampled,no_flood,,aider_raw/AIDER/normal/normal_image0169.jpg,0dedd912b980843a17e24697354dc707,left out by the 1000-image subsample
not_sampled,no_flood,,aider_raw/AIDER/normal/normal_image0170.jpg,bde45364c99719f438eac18d91926d6a,left out by the 1000-image subsample
not_sampled,no_flood,,aider_raw/AIDER/normal/normal_image0172.jpg,bfe8a8cb9f85a80459728e290fe786dd,left out by the 1000-image subsample
not_sampled,no_flood,,aider_raw/AIDER/normal/normal_image0173.jpg,5285578267800ae4d8f98e836ec5d7c6,left out by the 1000-image subsample
not_sampled,no_flood,,aider_raw/AIDER/normal/normal_image0174.jpg,d7fe4b411c5b0e6e0a1b0789ef5e9794,left out by the 1000-image subsample
not_sampled,no_flood,,aider_raw/AIDER/normal/normal_image0175.jpg,2dfce08159941b4ba338d701af4cfdfe,left out by the 1000-image subsample
not_sampled,no_flood,,aider_raw/AIDER/normal/normal_image0176.jpg,15cfdfc3b5417602e5c45858dafe47bc,left out by the 1000-image subsample
not_sampled,no_flood,,aider_raw/AIDER/normal/normal_image0177.jpg,4635bcc1708a88fd74fb7863c3721973,left out by the 1000-image subsample
not_sampled,no_flood,,aider_raw/AIDER/normal/normal_image0178.jpg,7f4ad88fc0609716aa55744740ab919d,left out by the 1000-image subsample
not_sampled,no_flood,,aider_raw/AIDER/normal/normal_image0179.jpg,b8bbbc928dbcee96b2208c4dbb415a3d,left out by the 1000-image subsample
not_sampled,no_flood,,aider_raw/AIDER/normal/normal_image0180.jpg,fdf996900510ea50e451d924e37bd192,left out by the 1000-image subsample
not_sampled,no_flood,,aider_raw/AIDER/normal/normal_image0182.jpg,ac6b621e534797c29b7df36375b1af05,left out by the 1000-image subsample
not_sampled,no_flood,,aider_raw/AIDER/normal/normal_image0183.jpg,1e5c5475b0a85babb3963038f44fd8fb,left out by the 1000-image subsample
not_sampled,no_flood,,aider_raw/AIDER/normal/normal_image0185.jpg,bf0dcd439e286bda8ab29889463cff7e,left out by the 1000-image subsample
not_sampled,no_flood,,aider_raw/AIDER/normal/normal_image0186.jpg,488f900456889f597321358829bbd936,left out by the 1000-image subsample
not_sampled,no_flood,,aider_raw/AIDER/normal/normal_image0187.jpg,2d4e180cf3ec43afe93d7a42ff732748,left out by the 1000-image subsample
not_sampled,no_flood,,aider_raw/AIDER/normal/normal_image0188.jpg,0b36bda39a483f2af0f373999c6a3b17,left out by the 1000-image subsample
not_sampled,no_flood,,aider_raw/AIDER/normal/normal_image0189.jpg,bc3e5ffe080b73798258a45ae18f5ea4,left out by the 1000-image subsample
not_sampled,no_flood,,aider_raw/AIDER/normal/normal_image0190.jpg,68ebe6c68a7a0f9e52ee4a887d90ab2b,left out by the 1000-image subsample
not_sampled,no_flood,,aider_raw/AIDER/normal/normal_image0191.jpg,e0acf193f203bcc45b0f55e063641499,left out by the 1000-image subsample
not_sampled,no_flood,,aider_raw/AIDER/normal/normal_image0192.jpg,40c7aa27ea5f85bde87e4acde1755b03,left out by the 1000-image subsample
not_sampled,no_flood,,aider_raw/AIDER/normal/normal_image0194.jpg,b360ab63c8c64a10c01e6011677e4649,left out by the 1000-image subsample
not_sampled,no_flood,,aider_raw/AIDER/normal/normal_image0196.jpg,d8a9f5d74b77befd4c09e1c619bca7d9,left out by the 1000-image subsample
not_sampled,no_flood,,aider_raw/AIDER/normal/normal_image0197.jpg,2dd02408bba2874bcebac88a16fcf9f0,left out by the 1000-image subsample
not_sampled,no_flood,,aider_raw/AIDER/normal/normal_image0198.jpg,c945536f1994ead48a5d020a11f48b72,left out by the 1000-image subsample
not_sampled,no_flood,,aider_raw/AIDER/normal/normal_image0199.jpg,f68fd1086ffcb3b1f655af53e137f467,left out by the 1000-image subsample
not_sampled,no_flood,,aider_raw/AIDER/normal/normal_image0200.jpg,2f68423530d80ee54aa6a38ff3a21051,left out by the 1000-image subsample
not_sampled,no_flood,,aider_raw/AIDER/normal/normal_image0201.jpg,1dd5c3bf2112ea0cb9f88f98d69b990a,left out by the 1000-image subsample
not_sampled,no_flood,,aider_raw/AIDER/normal/normal_image0202.jpg,56f96900140cb380d973f0cf359c1352,left out by the 1000-image subsample
not_sampled,no_flood,,aider_raw/AIDER/normal/normal_image0206.jpg,aaa31a29c1007a20168a5b4584dc7d02,left out by the 1000-image subsample
not_sampled,no_flood,,aider_raw/AIDER/normal/normal_image0207.jpg,a40426b32bc55fdc6c480519281875f8,left out by the 1000-image subsample
not_sampled,no_flood,,aider_raw/AIDER/normal/normal_image0209.jpg,dae581c558b61d4ff95dfc1e08c15da1,left out by the 1000-image subsample
not_sampled,no_flood,,aider_raw/AIDER/normal/normal_image0210.jpg,7e492eedbb3e9bc191369d5773415b3b,left out by the 1000-image subsample
not_sampled,no_flood,,aider_raw/AIDER/normal/normal_image0211.jpg,968ddc1de399527e47492613ff10ac49,left out by the 1000-image subsample
not_sampled,no_flood,,aider_raw/AIDER/normal/normal_image0212.jpg,16d2daf6a7b413f7e103a37dd7372d6b,left out by the 1000-image subsample
not_sampled,no_flood,,aider_raw/AIDER/normal/normal_image0213.jpg,8de4231cb93b28217ee46bd201263166,left out by the 1000-image subsample
not_sampled,no_flood,,aider_raw/AIDER/normal/normal_image0216.jpg,85bf1fe69d6bc80f045df069b9b879c1,left out by the 1000-image subsample
not_sampled,no_flood,,aider_raw/AIDER/normal/normal_image0218.jpg,948104f47b96f3732522dbe53e11c752,left out by the 1000-image subsample
not_sampled,no_flood,,aider_raw/AIDER/normal/normal_image0220.jpg,25763381db71828f6b5ba6d7e27f0029,left out by the 1000-image subsample
not_sampled,no_flood,,aider_raw/AIDER/normal/normal_image0221.jpg,9cdc2b8f8460b1e9bdd2c479e4e7e595,left out by the 1000-image subsample
not_sampled,no_flood,,aider_raw/AIDER/normal/normal_image0222.jpg,a57611893c0d7930685fa0a57da98a72,left out by the 1000-image subsample
not_sampled,no_flood,,aider_raw/AIDER/normal/normal_image0223.jpg,5550cba4d282585cd2bca9c069a67646,left out by the 1000-image subsample
not_sampled,no_flood,,aider_raw/AIDER/normal/normal_image0224.jpg,e9947e999f683210f5fc1025c353bb8c,left out by the 1000-image subsample
not_sampled,no_flood,,aider_raw/AIDER/normal/normal_image0228.jpg,190260e5552996de57bb454d20ce14e5,left out by the 1000-image subsample
not_sampled,no_flood,,aider_raw/AIDER/normal/normal_image0232.jpg,9c6ab513f67756f514ff735a9547dd47,left out by the 1000-image subsample
not_sampled,no_flood,,aider_raw/AIDER/normal/normal_image0233.jpg,2de2eb208a5b5a2bacf8092b3880a392,left out by the 1000-image subsample
not_sampled,no_flood,,aider_raw/AIDER/normal/normal_image0235.jpg,0e7d7a6538dd7c9a1f92117075acf1fc,left out by the 1000-image subsample
not_sampled,no_flood,,aider_raw/AIDER/normal/normal_image0236.jpg,33b37cf39d4c04acf78b4e1d7c4eec4a,left out by the 1000-image subsample
not_sampled,no_flood,,aider_raw/AIDER/normal/normal_image0238.jpg,df70f551e8aef9f0ea292cdac9af6fee,left out by the 1000-image subsample
not_sampled,no_flood,,aider_raw/AIDER/normal/normal_image0239.jpg,be0a47e4ddc18e5f3e4d074f93c29984,left out by the 1000-image subsample
not_sampled,no_flood,,aider_raw/AIDER/normal/normal_image0241.jpg,e2349c8c25f0ae4b5d0f58ffcb3608e9,left out by the 1000-image subsample
not_sampled,no_flood,,aider_raw/AIDER/normal/normal_image0242.jpg,024009671744170ee6d547e4f3ce4d32,left out by the 1000-image subsample
not_sampled,no_flood,,aider_raw/AIDER/normal/normal_image0243.jpg,2104f0c253cfad3d0ee3a330b36aedfc,left out by the 1000-image subsample
not_sampled,no_flood,,aider_raw/AIDER/normal/normal_image0244.jpg,d47f03a8d31c35407f26997cd96054a9,left out by the 1000-image subsample
not_sampled,no_flood,,aider_raw/AIDER/normal/normal_image0245.jpg,2719d7fb2e395c00699f9c00c8a5e82c,left out by the 1000-image subsample
not_sampled,no_flood,,aider_raw/AIDER/normal/normal_image0249.jpg,09b9cacb8dd920fa29f840cf61ca9c41,left out by the 1000-image subsample
not_sampled,no_flood,,aider_raw/AIDER/normal/normal_image0250.jpg,23b1e323d9d9fee5718fce4405e9f01b,left out by the 1000-image subsample
not_sampled,no_flood,,aider_raw/AIDER/normal/normal_image0251.jpg,cff356e7138431b2e7e74eed790dac88,left out by the 1000-image subsample
not_sampled,no_flood,,aider_raw/AIDER/normal/normal_image0252.jpg,71ce8a05a80679fe2c9dd45a8c17cf3b,left out by the 1000-image subsample
not_sampled,no_flood,,aider_raw/AIDER/normal/normal_image0253.jpg,23962b49ed4c21160a9672097cb39399,left out by the 1000-image subsample
not_sampled,no_flood,,aider_raw/AIDER/normal/normal_image0254.jpg,1f46663ead8bf8fb68c0180d39663258,left out by the 1000-image subsample
not_sampled,no_flood,,aider_raw/AIDER/normal/normal_image0255.jpg,b3aa97cdd425b0c38a625ef4d1a343d8,left out by the 1000-image subsample
not_sampled,no_flood,,aider_raw/AIDER/normal/normal_image0256.jpg,d80a1f89ca47ac74a324d62ae7fb4e0d,left out by the 1000-image subsample
not_sampled,no_flood,,aider_raw/AIDER/normal/normal_image0258.jpg,28e639fb85d94ad6e9d698c5c18328ea,left out by the 1000-image subsample
not_sampled,no_flood,,aider_raw/AIDER/normal/normal_image0259.jpg,ac69b1c2d3adf2c942997272c4247526,left out by the 1000-image subsample
not_sampled,no_flood,,aider_raw/AIDER/normal/normal_image0260.jpg,54563118cb64a761063413d6392f3e67,left out by the 1000-image subsample
not_sampled,no_flood,,aider_raw/AIDER/normal/normal_image0261.jpg,13e6daef69aba753414f6806df52d5ef,left out by the 1000-image subsample
not_sampled,no_flood,,aider_raw/AIDER/normal/normal_image0263.jpg,8c347d47a6ef489498ae2b75b03fe9fe,left out by the 1000-image subsample
not_sampled,no_flood,,aider_raw/AIDER/normal/normal_image0265.jpg,029501188a72bac766414d98bdabd6d4,left out by the 1000-image subsample
not_sampled,no_flood,,aider_raw/AIDER/normal/normal_image0266.jpg,4a2c4b74511ced3fcaa49a05f45b5dc7,left out by the 1000-image subsample
not_sampled,no_flood,,aider_raw/AIDER/normal/normal_image0267.jpg,0ba3f60597147cc1e3f0a9b7fcc7864f,left out by the 1000-image subsample
not_sampled,no_flood,,aider_raw/AIDER/normal/normal_image0268.jpg,dffd2e1fdde56f8e9992beae2851ee4a,left out by the 1000-image subsample
not_sampled,no_flood,,aider_raw/AIDER/normal/normal_image0269.jpg,2498b7330228d8b8a9262bb5eb6d3809,left out by the 1000-image subsample
not_sampled,no_flood,,aider_raw/AIDER/normal/normal_image0270.jpg,1f93c21419029f32c23cd748fcd13d47,left out by the 1000-image subsample
not_sampled,no_flood,,aider_raw/AIDER/normal/normal_image0271.jpg,c943e125ddd013750269cfeaa2b03cce,left out by the 1000-image subsample
not_sampled,no_flood,,aider_raw/AIDER/normal/normal_image0272.jpg,264b4408b30aecd75a2027128458c021,left out by the 1000-image subsample
not_sampled,no_flood,,aider_raw/AIDER/normal/normal_image0273.jpg,abe11133a4ea57a40267a846fde56469,left out by the 1000-image subsample
not_sampled,no_flood,,aider_raw/AIDER/normal/normal_image0274.jpg,ab4f2629b8f00d387ac37806882b3c0a,left out by the 1000-image subsample
not_sampled,no_flood,,aider_raw/AIDER/normal/normal_image0275.jpg,5acb9325848cdcabea171ffdb5d42b55,left out by the 1000-image subsample
not_sampled,no_flood,,aider_raw/AIDER/normal/normal_image0276.jpg,ef8210f17c0ff6b16b2fa2d48773994c,left out by the 1000-image subsample
not_sampled,no_flood,,aider_raw/AIDER/normal/normal_image0277.jpg,d3e9da57f371dc4f3bd2bbf88be135c7,left out by the 1000-image subsample
not_sampled,no_flood,,aider_raw/AIDER/normal/normal_image0279.jpg,344d84a26bd475ae99b9a0198853d69f,left out by the 1000-image subsample
not_sampled,no_flood,,aider_raw/AIDER/normal/normal_image0280.jpg,60ba269328c7ab3faecf7fad605a51ef,left out by the 1000-image subsample
not_sampled,no_flood,,aider_raw/AIDER/normal/normal_image0281.jpg,31ba211e8746a971d4b63a20394eda2e,left out by the 1000-image subsample
not_sampled,no_flood,,aider_raw/AIDER/normal/normal_image0282.jpg,53f1f4c358d2828f7b25a5e00e64a553,left out by the 1000-image subsample
not_sampled,no_flood,,aider_raw/AIDER/normal/normal_image0283.jpg,5d36e1c920776e3099e76576a9804978,left out by the 1000-image subsample
not_sampled,no_flood,,aider_raw/AIDER/normal/normal_image0284.jpg,0435bab6486f6ccb4c9835fe9ab27efa,left out by the 1000-image subsample
not_sampled,no_flood,,aider_raw/AIDER/normal/normal_image0285.jpg,141596596ee71e6b8b9814bcbe5a9ebd,left out by the 1000-image subsample
not_sampled,no_flood,,aider_raw/AIDER/normal/normal_image0287.jpg,19187c4e8051c0f77e793df562ffa7a4,left out by the 1000-image subsample
not_sampled,no_flood,,aider_raw/AIDER/normal/normal_image0288.jpg,b37ddd8ca1571d5e6f61012c81259f9e,left out by the 1000-image subsample
not_sampled,no_flood,,aider_raw/AIDER/normal/normal_image0289.jpg,16d63189f236cb22b96a31cc50ce1ed0,left out by the 1000-image subsample
not_sampled,no_flood,,aider_raw/AIDER/normal/normal_image0291.jpg,2697be661b8ce8f0ece3c715fa8c6943,left out by the 1000-image subsample
not_sampled,no_flood,,aider_raw/AIDER/normal/normal_image0292.jpg,df8e3d779fad03175eeef225125444c7,left out by the 1000-image subsample
not_sampled,no_flood,,aider_raw/AIDER/normal/normal_image0293.jpg,6f0aa5375c05c01cc0ebc9e4f868f897,left out by the 1000-image subsample
not_sampled,no_flood,,aider_raw/AIDER/normal/normal_image0295.jpg,c909f2c5f039936a987c58c923591362,left out by the 1000-image subsample
not_sampled,no_flood,,aider_raw/AIDER/normal/normal_image0296.jpg,182b30885a1ab3356127d3f87a51ceba,left out by the 1000-image subsample
not_sampled,no_flood,,aider_raw/AIDER/normal/normal_image0298.jpg,8aefe08be79c2de149bdd21893684130,left out by the 1000-image subsample
not_sampled,no_flood,,aider_raw/AIDER/normal/normal_image0299.jpg,b39c3e8d6da71a3d58bfd8588b482376,left out by the 1000-image subsample
not_sampled,no_flood,,aider_raw/AIDER/normal/normal_image0300.jpg,d7154631fbc6f0a57358c9af9ff6aad5,left out by the 1000-image subsample
not_sampled,no_flood,,aider_raw/AIDER/normal/normal_image0302.jpg,57380a26b23adc13ffc9b0ed8ad724cc,left out by the 1000-image subsample
not_sampled,no_flood,,aider_raw/AIDER/normal/normal_image0303.jpg,490d2aa845e335d6e4c8a3b614c9b2b8,left out by the 1000-image subsample
not_sampled,no_flood,,aider_raw/AIDER/normal/normal_image0305.jpg,f1ce18be24b1e13aff8be41182775fa1,left out by the 1000-image subsample
not_sampled,no_flood,,aider_raw/AIDER/normal/normal_image0306.jpg,2cde8fe6acfecb6e1540be4ab14ea76a,left out by the 1000-image subsample
not_sampled,no_flood,,aider_raw/AIDER/normal/normal_image0308.jpg,51e29af4ee5c916de541507dfaff254a,left out by the 1000-image subsample
not_sampled,no_flood,,aider_raw/AIDER/normal/normal_image0309.jpg,1908775545ac686b9c2f33d82e052abb,left out by the 1000-image subsample
not_sampled,no_flood,,aider_raw/AIDER/normal/normal_image0311.jpg,d2199a4bc45699736b9369aa6c939d9b,left out by the 1000-image subsample
not_sampled,no_flood,,aider_raw/AIDER/normal/normal_image0312.jpg,a935ea97c20ba2f85d83e0990b3ed6a5,left out by the 1000-image subsample
not_sampled,no_flood,,aider_raw/AIDER/normal/normal_image0314.jpg,aedaea9bf270b21f619420cdbe7b4395,left out by the 1000-image subsample
not_sampled,no_flood,,aider_raw/AIDER/normal/normal_image0315.jpg,3ef1bdeba2c8bebfe0a2934bccdbf9a9,left out by the 1000-image subsample
not_sampled,no_flood,,aider_raw/AIDER/normal/normal_image0316.jpg,d92d148e94f3edf6773b7482305a0b42,left out by the 1000-image subsample
not_sampled,no_flood,,aider_raw/AIDER/normal/normal_image0320.jpg,70d5ac2be9c3705303e1fe0b53e9ff5c,left out by the 1000-image subsample
not_sampled,no_flood,,aider_raw/AIDER/normal/normal_image0323.jpg,9f30938542def24d81a5212e3ecb31c2,left out by the 1000-image subsample
not_sampled,no_flood,,aider_raw/AIDER/normal/normal_image0325.jpg,92363e1f22ad2c68804bd25e10974cd5,left out by the 1000-image subsample
not_sampled,no_flood,,aider_raw/AIDER/normal/normal_image0326.jpg,6cd6eaac65514162c3b7a0f5ff8bc613,left out by the 1000-image subsample
not_sampled,no_flood,,aider_raw/AIDER/normal/normal_image0327.jpg,7ecae77ad2a5b87cc620fe0661957e22,left out by the 1000-image subsample
not_sampled,no_flood,,aider_raw/AIDER/normal/normal_image0328.jpg,f41a84d7978d80effe96d8fbdbe8c9f0,left out by the 1000-image subsample
not_sampled,no_flood,,aider_raw/AIDER/normal/normal_image0329.jpg,6d7bc51e0a35a43af3be57a6d6c68a6e,left out by the 1000-image subsample
not_sampled,no_flood,,aider_raw/AIDER/normal/normal_image0330.jpg,d965558a43a9163df42166a72382511e,left out by the 1000-image subsample
not_sampled,no_flood,,aider_raw/AIDER/normal/normal_image0331.jpg,fb96b5a7917b5a21a2978f3931bd82f7,left out by the 1000-image subsample
not_sampled,no_flood,,aider_raw/AIDER/normal/normal_image0332.jpg,5c7df6d8f82824dcab0e2cec4315ad3c,left out by the 1000-image subsample
not_sampled,no_flood,,aider_raw/AIDER/normal/normal_image0335.jpg,45a44c99283b2a12358dd64cbb070d08,left out by the 1000-image subsample
not_sampled,no_flood,,aider_raw/AIDER/normal/normal_image0336.jpg,f201f7f6d531a483c1d28c99e2f05fb1,left out by the 1000-image subsample
not_sampled,no_flood,,aider_raw/AIDER/normal/normal_image0337.jpg,c831de4622270892c5c0733cb0d931bf,left out by the 1000-image subsample
not_sampled,no_flood,,aider_raw/AIDER/normal/normal_image0338.jpg,7dc2837add96c470039e648c86771eb7,left out by the 1000-image subsample
not_sampled,no_flood,,aider_raw/AIDER/normal/normal_image0340.jpg,b0cfa6301e72d076feb696d9b90d2c5c,left out by the 1000-image subsample
not_sampled,no_flood,,aider_raw/AIDER/normal/normal_image0341.jpg,3b1a3fb021f5da11b0bcf135198378f1,left out by the 1000-image subsample
not_sampled,no_flood,,aider_raw/AIDER/normal/normal_image0342.jpg,a8c86c2a2988ce7e7254f43389cf42b2,left out by the 1000-image subsample
not_sampled,no_flood,,aider_raw/AIDER/normal/normal_image0344.jpg,b5099f734cba3e3182e898f3aeabfdff,left out by the 1000-image subsample
not_sampled,no_flood,,aider_raw/AIDER/normal/normal_image0347.jpg,c76e3f8fd811ba6cf6e6fe2ba904a517,left out by the 1000-image subsample
not_sampled,no_flood,,aider_raw/AIDER/normal/normal_image0350.jpg,decbbbac52c617b848d0e05a81914f80,left out by the 1000-image subsample
not_sampled,no_flood,,aider_raw/AIDER/normal/normal_image0352.jpg,f3ece363dbd76570da5948103570bcfb,left out by the 1000-image subsample
not_sampled,no_flood,,aider_raw/AIDER/normal/normal_image0353.jpg,489e53b2302336be6cdcd905c802b978,left out by the 1000-image subsample
not_sampled,no_flood,,aider_raw/AIDER/normal/normal_image0354.jpg,38cfb8decbc5e35c343c1f3ebface9bf,left out by the 1000-image subsample
not_sampled,no_flood,,aider_raw/AIDER/normal/normal_image0355.jpg,0ae1d645263a0c2b3f6812724b17b7c4,left out by the 1000-image subsample
not_sampled,no_flood,,aider_raw/AIDER/normal/normal_image0356.jpg,20831de75db4c08cc1b9c0ddfab596a7,left out by the 1000-image subsample
not_sampled,no_flood,,aider_raw/AIDER/normal/normal_image0359.jpg,916123a706c4d41809f5320fea18b3e1,left out by the 1000-image subsample
not_sampled,no_flood,,aider_raw/AIDER/normal/normal_image0360.jpg,d522d1ddaa8028bbf7d774955001481f,left out by the 1000-image subsample
not_sampled,no_flood,,aider_raw/AIDER/normal/normal_image0362.jpg,e4cf8cb541b8ab9ae6f67c644ddbe660,left out by the 1000-image subsample
not_sampled,no_flood,,aider_raw/AIDER/normal/normal_image0363.jpg,47ffc01115460494ca9a0e2c03f9eeaa,left out by the 1000-image subsample
not_sampled,no_flood,,aider_raw/AIDER/normal/normal_image0364.jpg,dbc9b3920c6fb9d2eab53f61aece90fa,left out by the 1000-image subsample
not_sampled,no_flood,,aider_raw/AIDER/normal/normal_image0366.jpg,73ab8fd61f32440f5ef8bd1b81929be3,left out by the 1000-image subsample
not_sampled,no_flood,,aider_raw/AIDER/normal/normal_image0367.jpg,02f5b89cfe1d06dad83fdf9d37192120,left out by the 1000-image subsample
not_sampled,no_flood,,aider_raw/AIDER/normal/normal_image0369.jpg,792fa4e7218b1da6ef8c974126927b9b,left out by the 1000-image subsample
not_sampled,no_flood,,aider_raw/AIDER/normal/normal_image0370.jpg,eb542644113313ea5052a39fae283198,left out by the 1000-image subsample
not_sampled,no_flood,,aider_raw/AIDER/normal/normal_image0371.jpg,aa535929ee9bf915037563b7a5128eee,left out by the 1000-image subsample
not_sampled,no_flood,,aider_raw/AIDER/normal/normal_image0372.jpg,8f737369b338a4899cb097806de09163,left out by the 1000-image subsample
not_sampled,no_flood,,aider_raw/AIDER/normal/normal_image0373.jpg,74d8f8058690794225aa52a09b04f6ef,left out by the 1000-image subsample
not_sampled,no_flood,,aider_raw/AIDER/normal/normal_image0374.jpg,5af9112150b71b1e3073422891d315e9,left out by the 1000-image subsample
not_sampled,no_flood,,aider_raw/AIDER/normal/normal_image0377.jpg,834c77cd2b74dcf6d1d611609adbe19e,left out by the 1000-image subsample
not_sampled,no_flood,,aider_raw/AIDER/normal/normal_image0378.jpg,5d29a225c93f00a46630f9e470871f91,left out by the 1000-image subsample
not_sampled,no_flood,,aider_raw/AIDER/normal/normal_image0379.jpg,3d7616737d3714573acba75c2e43f4fc,left out by the 1000-image subsample
not_sampled,no_flood,,aider_raw/AIDER/normal/normal_image0380.jpg,34189bdfe0b801f179d6c17019dbee72,left out by the 1000-image subsample
not_sampled,no_flood,,aider_raw/AIDER/normal/normal_image0382.jpg,d8abe6c31d3b7a414d67cabab1b65b52,left out by the 1000-image subsample
not_sampled,no_flood,,aider_raw/AIDER/normal/normal_image0383.jpg,f9add8566f59551c399a11c1e1a799b5,left out by the 1000-image subsample
not_sampled,no_flood,,aider_raw/AIDER/normal/normal_image0384.jpg,0bdabd4960bc1afa262c7ab8d31e6f26,left out by the 1000-image subsample
not_sampled,no_flood,,aider_raw/AIDER/normal/normal_image0385.jpg,c07f401a7e6e598f1df3b771ca9b10c2,left out by the 1000-image subsample
not_sampled,no_flood,,aider_raw/AIDER/normal/normal_image0386.jpg,aa0e73fd3147403f65671eba936a4de4,left out by the 1000-image subsample
not_sampled,no_flood,,aider_raw/AIDER/normal/normal_image0387.jpg,a17d64e26415fcb6735dc4caa9b37446,left out by the 1000-image subsample
not_sampled,no_flood,,aider_raw/AIDER/normal/normal_image0389.jpg,54efc31cfafbea95a5df456279e48f26,left out by the 1000-image subsample
not_sampled,no_flood,,aider_raw/AIDER/normal/normal_image0390.jpg,f1c578f69f7e852e12b4ba4c63937444,left out by the 1000-image subsample
not_sampled,no_flood,,aider_raw/AIDER/normal/normal_image0391.jpg,834e6b195eaabdf5f7c2ed25cbd398ab,left out by the 1000-image subsample
not_sampled,no_flood,,aider_raw/AIDER/normal/normal_image0393.jpg,be12806138c8737a30e1141e9a43e4cb,left out by the 1000-image subsample
not_sampled,no_flood,,aider_raw/AIDER/normal/normal_image0395.jpg,a5a303f47050cc2691b89c383568a138,left out by the 1000-image subsample
not_sampled,no_flood,,aider_raw/AIDER/normal/normal_image0396.jpg,ff94b18ad45d1172ca4e95d8fc7a6338,left out by the 1000-image subsample
not_sampled,no_flood,,aider_raw/AIDER/normal/normal_image0397.jpg,0a57f0511d852981e7d854e71165426b,left out by the 1000-image subsample
not_sampled,no_flood,,aider_raw/AIDER/normal/normal_image0398.jpg,de6b3db74d5d7a6afeec44b1be0e82a0,left out by the 1000-image subsample
not_sampled,no_flood,,aider_raw/AIDER/normal/normal_image0400.jpg,4d099c776a790143a2245e2b98539c84,left out by the 1000-image subsample
not_sampled,no_flood,,aider_raw/AIDER/normal/normal_image0402.jpg,150423002ce8340a7534b0345300558a,left out by the 1000-image subsample
not_sampled,no_flood,,aider_raw/AIDER/normal/normal_image0406.jpg,df815ac888884aa917e4dd527a385970,left out by the 1000-image subsample
not_sampled,no_flood,,aider_raw/AIDER/normal/normal_image0407.jpg,c4196c2dd2b30cf9fbb714cfbab8e7c2,left out by the 1000-image subsample
not_sampled,no_flood,,aider_raw/AIDER/normal/normal_image0409.jpg,0fb5fdda9d74eacbb0e37431e6651c52,left out by the 1000-image subsample
not_sampled,no_flood,,aider_raw/AIDER/normal/normal_image0410.jpg,a200c1f130904268eabf0108f44f4637,left out by the 1000-image subsample
not_sampled,no_flood,,aider_raw/AIDER/normal/normal_image0412.jpg,74be8cd86f83c9ee109e4d3735bc3af8,left out by the 1000-image subsample
not_sampled,no_flood,,aider_raw/AIDER/normal/normal_image0413.jpg,4814910c497a77acf7fd990495ef5a15,left out by the 1000-image subsample
not_sampled,no_flood,,aider_raw/AIDER/normal/normal_image0414.jpg,17b6f3214bb0094d312c4536992ba5e3,left out by the 1000-image subsample
not_sampled,no_flood,,aider_raw/AIDER/normal/normal_image0416.jpg,6b67023ba48e1b1c63853c92cbf98ddb,left out by the 1000-image subsample
not_sampled,no_flood,,aider_raw/AIDER/normal/normal_image0417.jpg,fa9f9251d32dd1f36c9a748e82e74e56,left out by the 1000-image subsample
not_sampled,no_flood,,aider_raw/AIDER/normal/normal_image0418.jpg,aef1caba89825aba28e7eab8c6fe9066,left out by the 1000-image subsample
not_sampled,no_flood,,aider_raw/AIDER/normal/normal_image0419.jpg,9bb1c448a72bb7b5e217dbc76edf6412,left out by the 1000-image subsample
not_sampled,no_flood,,aider_raw/AIDER/normal/normal_image0420.jpg,d76d40ad122ca73d8b9240a64bf27bfa,left out by the 1000-image subsample
not_sampled,no_flood,,aider_raw/AIDER/normal/normal_image0422.jpg,9e375c0dcfe942d75a56639e71aa2478,left out by the 1000-image subsample
not_sampled,no_flood,,aider_raw/AIDER/normal/normal_image0423.jpg,b2ddbd65d96c4d4fca46874219bc709c,left out by the 1000-image subsample
not_sampled,no_flood,,aider_raw/AIDER/normal/normal_image0426.jpg,30614f48616c9654e10d78f19c7e0f9b,left out by the 1000-image subsample
not_sampled,no_flood,,aider_raw/AIDER/normal/normal_image0428.jpg,10f2f242c6bee2afbaf1c4369e6dd631,left out by the 1000-image subsample
not_sampled,no_flood,,aider_raw/AIDER/normal/normal_image0429.jpg,34032b98068f9291737aebd455aedec0,left out by the 1000-image subsample
not_sampled,no_flood,,aider_raw/AIDER/normal/normal_image0430.jpg,096aa770851ee066aebe07c4563623f9,left out by the 1000-image subsample
not_sampled,no_flood,,aider_raw/AIDER/normal/normal_image0432.jpg,88a0ea00e75b70051cb230af03566ca9,left out by the 1000-image subsample
not_sampled,no_flood,,aider_raw/AIDER/normal/normal_image0433.jpg,3babc087dacc80fbd744306ed803eb74,left out by the 1000-image subsample
not_sampled,no_flood,,aider_raw/AIDER/normal/normal_image0435.jpg,45cfaa52a5688ef324cbd03a6fa2e6c0,left out by the 1000-image subsample
not_sampled,no_flood,,aider_raw/AIDER/normal/normal_image0437.jpg,2daf8b629f9e3fca98c0ae44aa1e88f9,left out by the 1000-image subsample
not_sampled,no_flood,,aider_raw/AIDER/normal/normal_image0439.jpg,b0bfdc964ed46665a0a8f68305a92aa1,left out by the 1000-image subsample
not_sampled,no_flood,,aider_raw/AIDER/normal/normal_image0440.jpg,d815d4cfeb732222acd1f0dee3a5804d,left out by the 1000-image subsample
not_sampled,no_flood,,aider_raw/AIDER/normal/normal_image0441.jpg,0a682c0f0499dac7a784cbe9c4d5f525,left out by the 1000-image subsample
not_sampled,no_flood,,aider_raw/AIDER/normal/normal_image0443.jpg,945eb38e552c028a5123ae379e90869c,left out by the 1000-image subsample
not_sampled,no_flood,,aider_raw/AIDER/normal/normal_image0444.jpg,609d4ab05b7012c0648fbf2355d66c68,left out by the 1000-image subsample
not_sampled,no_flood,,aider_raw/AIDER/normal/normal_image0446.jpg,4786f22120b444fccccb44d5de07066c,left out by the 1000-image subsample
not_sampled,no_flood,,aider_raw/AIDER/normal/normal_image0447.jpg,8738ec5f96170ff154685fbd1e6d8d5c,left out by the 1000-image subsample
not_sampled,no_flood,,aider_raw/AIDER/normal/normal_image0449.jpg,6fdd9f43c6e407443779345afb6a157c,left out by the 1000-image subsample
not_sampled,no_flood,,aider_raw/AIDER/normal/normal_image0451.jpg,7f406a841c90f939d279049e0b2b5908,left out by the 1000-image subsample
not_sampled,no_flood,,aider_raw/AIDER/normal/normal_image0453.jpg,3e3e59418ce4439e40a943a5b55bbeee,left out by the 1000-image subsample
not_sampled,no_flood,,aider_raw/AIDER/normal/normal_image0454.jpg,6394b566bf00b540a8f64f6f2da0232d,left out by the 1000-image subsample
not_sampled,no_flood,,aider_raw/AIDER/normal/normal_image0455.jpg,e1b2cf502e6a07d15547783cf334b34d,left out by the 1000-image subsample
not_sampled,no_flood,,aider_raw/AIDER/normal/normal_image0458.jpg,53329145ba90531e243ea3c30ca248b8,left out by the 1000-image subsample
not_sampled,no_flood,,aider_raw/AIDER/normal/normal_image0459.jpg,5c6648c6f25c2a9119f174652ed741c9,left out by the 1000-image subsample
not_sampled,no_flood,,aider_raw/AIDER/normal/normal_image0460.jpg,6f5a0a8e9caa54e2de23c44e4e736839,left out by the 1000-image subsample
not_sampled,no_flood,,aider_raw/AIDER/normal/normal_image0461.jpg,fbecadc7ae559b8ed7822b682fc1ff30,left out by the 1000-image subsample
not_sampled,no_flood,,aider_raw/AIDER/normal/normal_image0463.jpg,bb4480310041d82b10074e42498e41cd,left out by the 1000-image subsample
not_sampled,no_flood,,aider_raw/AIDER/normal/normal_image0464.jpg,405e96f09551322cb7e1b93acdbe590c,left out by the 1000-image subsample
not_sampled,no_flood,,aider_raw/AIDER/normal/normal_image0467.jpg,c0c059757d8dfa2628f0a315af3090d3,left out by the 1000-image subsample
not_sampled,no_flood,,aider_raw/AIDER/normal/normal_image0468.jpg,9c56f2fe0c1ee5892ffa85324ee8ac1d,left out by the 1000-image subsample
not_sampled,no_flood,,aider_raw/AIDER/normal/normal_image0470.jpg,e705f6ecc5f82645d68202a78aa90af7,left out by the 1000-image subsample
not_sampled,no_flood,,aider_raw/AIDER/normal/normal_image0471.jpg,897e8f04d27c5b1e8b0fbb8ee641849c,left out by the 1000-image subsample
not_sampled,no_flood,,aider_raw/AIDER/normal/normal_image0472.jpg,a07fb5fe87b5ac873bcfbc52e130ff12,left out by the 1000-image subsample
not_sampled,no_flood,,aider_raw/AIDER/normal/normal_image0473.jpg,246eef6ea4d6e8eaa25304cf389ca468,left out by the 1000-image subsample
not_sampled,no_flood,,aider_raw/AIDER/normal/normal_image0474.jpg,b2c28c01aca67087afc0e509d43c3f68,left out by the 1000-image subsample
not_sampled,no_flood,,aider_raw/AIDER/normal/normal_image0476.jpg,503bdbd178bcb07fbfb3530d3580f172,left out by the 1000-image subsample
not_sampled,no_flood,,aider_raw/AIDER/normal/normal_image0477.jpg,fde1326f627a07f5a7fb8113f67ae3b7,left out by the 1000-image subsample
not_sampled,no_flood,,aider_raw/AIDER/normal/normal_image0478.jpg,7ff99f92577e7c6ff7f7c04b0a1ece05,left out by the 1000-image subsample
not_sampled,no_flood,,aider_raw/AIDER/normal/normal_image0479.jpg,11986a2dc021804662b07ff3c3aad1dc,left out by the 1000-image subsample
not_sampled,no_flood,,aider_raw/AIDER/normal/normal_image0480.jpg,e350e32c7daefcb77379d47113e7e7ec,left out by the 1000-image subsample
not_sampled,no_flood,,aider_raw/AIDER/normal/normal_image0481.jpg,bfe968ac16bda0f8866c457dfd911194,left out by the 1000-image subsample
not_sampled,no_flood,,aider_raw/AIDER/normal/normal_image0482.jpg,64d779d7439ff862229b79748f5ec005,left out by the 1000-image subsample
not_sampled,no_flood,,aider_raw/AIDER/normal/normal_image0483.jpg,6e7d4fda70f4190b6211f07caf6f37e5,left out by the 1000-image subsample
not_sampled,no_flood,,aider_raw/AIDER/normal/normal_image0484.jpg,c91f6a3e5e9ad7bb759d3fbc257f6058,left out by the 1000-image subsample
not_sampled,no_flood,,aider_raw/AIDER/normal/normal_image0487.jpg,652ca261fb7de2cbfe1d222092bad8a1,left out by the 1000-image subsample
not_sampled,no_flood,,aider_raw/AIDER/normal/normal_image0488.jpg,37f505a77d47552a38c63d97b8c16f15,left out by the 1000-image subsample
not_sampled,no_flood,,aider_raw/AIDER/normal/normal_image0490.jpg,cf7727a1466ce609e62a26721d2c789d,left out by the 1000-image subsample
not_sampled,no_flood,,aider_raw/AIDER/normal/normal_image0491.jpg,0b79cef98e9ee60686800fb2a6f7ce71,left out by the 1000-image subsample
not_sampled,no_flood,,aider_raw/AIDER/normal/normal_image0492.jpg,2a9a0cc42f1011fa734751d7023879c7,left out by the 1000-image subsample
not_sampled,no_flood,,aider_raw/AIDER/normal/normal_image0493.jpg,aa5e0ec426104917a0c35bbd5ca83d9a,left out by the 1000-image subsample
not_sampled,no_flood,,aider_raw/AIDER/normal/normal_image0494.jpg,5040ce7200e42fc62e2680895a3e2598,left out by the 1000-image subsample
not_sampled,no_flood,,aider_raw/AIDER/normal/normal_image0496.jpg,f093f3ee553395bf88bc2fe18d1dc626,left out by the 1000-image subsample
not_sampled,no_flood,,aider_raw/AIDER/normal/normal_image0498.jpg,4759911633c147ea8762e3a75f68e8d2,left out by the 1000-image subsample
not_sampled,no_flood,,aider_raw/AIDER/normal/normal_image0499.jpg,094c14522c4a5620e5ab09450aae517c,left out by the 1000-image subsample
not_sampled,no_flood,,aider_raw/AIDER/normal/normal_image0500.jpg,c5fb33499c843b4c207bb800b8740fe2,left out by the 1000-image subsample
not_sampled,no_flood,,aider_raw/AIDER/normal/normal_image0503.jpg,27f006caef67318183a37dabfe9a39c1,left out by the 1000-image subsample
not_sampled,no_flood,,aider_raw/AIDER/normal/normal_image0504.jpg,9ee194ae8cb9c7a87b944eec53f7c563,left out by the 1000-image subsample
not_sampled,no_flood,,aider_raw/AIDER/normal/normal_image0505.jpg,ea95a6f1772205c01e1a03e91bbeb6a7,left out by the 1000-image subsample
not_sampled,no_flood,,aider_raw/AIDER/normal/normal_image0506.jpg,ada357e7060a6450facb8f61bb98ae3a,left out by the 1000-image subsample
not_sampled,no_flood,,aider_raw/AIDER/normal/normal_image0509.jpg,5c544363ae6b9ed6a4a1bf0865f9cf14,left out by the 1000-image subsample
not_sampled,no_flood,,aider_raw/AIDER/normal/normal_image0510.jpg,741b829a47f6b3d906e3c78041d267c7,left out by the 1000-image subsample
not_sampled,no_flood,,aider_raw/AIDER/normal/normal_image0512.jpg,abfdb3312bda28f5cb3055a2d57da0a5,left out by the 1000-image subsample
not_sampled,no_flood,,aider_raw/AIDER/normal/normal_image0513.jpg,dd410c7f9b6bf3338191822634532a5d,left out by the 1000-image subsample
not_sampled,no_flood,,aider_raw/AIDER/normal/normal_image0515.jpg,bce433f2bc0c74617a8b3ddfbb4c561e,left out by the 1000-image subsample
not_sampled,no_flood,,aider_raw/AIDER/normal/normal_image0516.jpg,b83c672cc3e0d7247f3f53e2e2505ffa,left out by the 1000-image subsample
not_sampled,no_flood,,aider_raw/AIDER/normal/normal_image0518.jpg,b16d73c0f7ef2ab901343339d7c75728,left out by the 1000-image subsample
not_sampled,no_flood,,aider_raw/AIDER/normal/normal_image0519.jpg,e0ed969786a6e6d08b14b902421ecf8f,left out by the 1000-image subsample
not_sampled,no_flood,,aider_raw/AIDER/normal/normal_image0521.jpg,c65ef0ef2b4e32ee23fe8f23ae94c888,left out by the 1000-image subsample
not_sampled,no_flood,,aider_raw/AIDER/normal/normal_image0522.jpg,e2808e5dcc517b4f38615c0834189d8e,left out by the 1000-image subsample
not_sampled,no_flood,,aider_raw/AIDER/normal/normal_image0523.jpg,0a9f8f97c037397160015b36bb1ef74a,left out by the 1000-image subsample
not_sampled,no_flood,,aider_raw/AIDER/normal/normal_image0526.jpg,56a2050fb28de39def751d4b88d28c4b,left out by the 1000-image subsample
not_sampled,no_flood,,aider_raw/AIDER/normal/normal_image0527.jpg,fc57b89bf542b1ba5cbfa70ef535d325,left out by the 1000-image subsample
not_sampled,no_flood,,aider_raw/AIDER/normal/normal_image0529.jpg,305ea4f78b489ba7f58d3fc654bd0fff,left out by the 1000-image subsample
not_sampled,no_flood,,aider_raw/AIDER/normal/normal_image0532.jpg,27dd1a20231e395d195123cf837522c9,left out by the 1000-image subsample
not_sampled,no_flood,,aider_raw/AIDER/normal/normal_image0534.jpg,3ca1984c5398a55247c55f9c0681e55a,left out by the 1000-image subsample
not_sampled,no_flood,,aider_raw/AIDER/normal/normal_image0536.jpg,9530a9c9d0e8c4a6dd27b18b9d2123bf,left out by the 1000-image subsample
not_sampled,no_flood,,aider_raw/AIDER/normal/normal_image0539.jpg,b343e09b50b9ca09d1f526d7bae5c1e4,left out by the 1000-image subsample
not_sampled,no_flood,,aider_raw/AIDER/normal/normal_image0542.jpg,2599f214d1be7011b85c94a6fabb5f1b,left out by the 1000-image subsample
not_sampled,no_flood,,aider_raw/AIDER/normal/normal_image0543.jpg,7549cb2b59ebb888c8f9e0bb47b45060,left out by the 1000-image subsample
not_sampled,no_flood,,aider_raw/AIDER/normal/normal_image0544.jpg,4811913c4a5fd871f3f975cf28becba1,left out by the 1000-image subsample
not_sampled,no_flood,,aider_raw/AIDER/normal/normal_image0546.jpg,b88cb80187f01d8a42accd2ff2a2b7d5,left out by the 1000-image subsample
not_sampled,no_flood,,aider_raw/AIDER/normal/normal_image0547.jpg,d073aa108e6359807c33f0e1f4f5cd7a,left out by the 1000-image subsample
not_sampled,no_flood,,aider_raw/AIDER/normal/normal_image0548.jpg,24290a1f16791127bb7f93425d7b3a76,left out by the 1000-image subsample
not_sampled,no_flood,,aider_raw/AIDER/normal/normal_image0549.jpg,466960039e203eb9cdd7e6a347729e17,left out by the 1000-image subsample
not_sampled,no_flood,,aider_raw/AIDER/normal/normal_image0550.jpg,e790e7200d7f72e1dc636fe4e44f81d6,left out by the 1000-image subsample
not_sampled,no_flood,,aider_raw/AIDER/normal/normal_image0551.jpg,7e5ddb7cda010db585689de437e185bc,left out by the 1000-image subsample
not_sampled,no_flood,,aider_raw/AIDER/normal/normal_image0555.jpg,08131f6976ee6cae354b4116f6bd357b,left out by the 1000-image subsample
not_sampled,no_flood,,aider_raw/AIDER/normal/normal_image0556.jpg,30daf476c1e6ba000e1ecff2ff538ca7,left out by the 1000-image subsample
not_sampled,no_flood,,aider_raw/AIDER/normal/normal_image0557.jpg,57758fff2e267ff30d2b53617fc29821,left out by the 1000-image subsample
not_sampled,no_flood,,aider_raw/AIDER/normal/normal_image0558.jpg,75a0612fe8779134e39f77acd165b825,left out by the 1000-image subsample
not_sampled,no_flood,,aider_raw/AIDER/normal/normal_image0559.jpg,7a3ff12cdab40f7d52deebd8cd089336,left out by the 1000-image subsample
not_sampled,no_flood,,aider_raw/AIDER/normal/normal_image0560.jpg,cd7ef0a6fb7376eb88ca78c4234ffe1b,left out by the 1000-image subsample
not_sampled,no_flood,,aider_raw/AIDER/normal/normal_image0564.jpg,018a8e434a29b56038b9c1db4b9d21d0,left out by the 1000-image subsample
not_sampled,no_flood,,aider_raw/AIDER/normal/normal_image0565.jpg,bc427635f6236d6f41d0bd58a4d60b08,left out by the 1000-image subsample
not_sampled,no_flood,,aider_raw/AIDER/normal/normal_image0567.jpg,b8ed1205e9192bcd073f8d5c5ce5e424,left out by the 1000-image subsample
not_sampled,no_flood,,aider_raw/AIDER/normal/normal_image0568.jpg,964b924e29af186be320bc69a58953da,left out by the 1000-image subsample
not_sampled,no_flood,,aider_raw/AIDER/normal/normal_image0570.jpg,57c4c68383ae3075a8f8c42afc5380ba,left out by the 1000-image subsample
not_sampled,no_flood,,aider_raw/AIDER/normal/normal_image0574.jpg,ad542da6aa88d9b2edd7ccbd8ec1dba0,left out by the 1000-image subsample
not_sampled,no_flood,,aider_raw/AIDER/normal/normal_image0575.jpg,6941baf4ba6f535ca3bc07706d04a504,left out by the 1000-image subsample
not_sampled,no_flood,,aider_raw/AIDER/normal/normal_image0578.jpg,c5166b33bc3bc70464d47c11cd66b3c3,left out by the 1000-image subsample
not_sampled,no_flood,,aider_raw/AIDER/normal/normal_image0579.jpg,df9382bc032e3646b44b88b12343665d,left out by the 1000-image subsample
not_sampled,no_flood,,aider_raw/AIDER/normal/normal_image0580.jpg,5176e833125a3913171184157d2b2719,left out by the 1000-image subsample
not_sampled,no_flood,,aider_raw/AIDER/normal/normal_image0581.jpg,cd01ddd0861a81f7e07b13db2ef914fe,left out by the 1000-image subsample
not_sampled,no_flood,,aider_raw/AIDER/normal/normal_image0584.jpg,5883cb0097136ebd771eda0d079766fa,left out by the 1000-image subsample
not_sampled,no_flood,,aider_raw/AIDER/normal/normal_image0585.jpg,a4dc548fc402f439b9c9d1a546074ab2,left out by the 1000-image subsample
not_sampled,no_flood,,aider_raw/AIDER/normal/normal_image0586.jpg,4b690f0f46796899c6ea4ea27f84aba9,left out by the 1000-image subsample
not_sampled,no_flood,,aider_raw/AIDER/normal/normal_image0587.jpg,0fa07d626904b831e36c466aca6f5cf9,left out by the 1000-image subsample
not_sampled,no_flood,,aider_raw/AIDER/normal/normal_image0591.jpg,fc899a022061d24dfb9ee250fa954f60,left out by the 1000-image subsample
not_sampled,no_flood,,aider_raw/AIDER/normal/normal_image0592.jpg,e475a361c62e322028a27798b23a6ccc,left out by the 1000-image subsample
not_sampled,no_flood,,aider_raw/AIDER/normal/normal_image0593.jpg,98a90785dac11fcf42b46fe027eb870c,left out by the 1000-image subsample
not_sampled,no_flood,,aider_raw/AIDER/normal/normal_image0594.jpg,c0557d13a0ea035c89436764f4da9f15,left out by the 1000-image subsample
not_sampled,no_flood,,aider_raw/AIDER/normal/normal_image0595.jpg,94c07fc475ca01363327deb7ba0a15fb,left out by the 1000-image subsample
not_sampled,no_flood,,aider_raw/AIDER/normal/normal_image0596.jpg,6ba2822600200d723628c28a2436c0c6,left out by the 1000-image subsample
not_sampled,no_flood,,aider_raw/AIDER/normal/normal_image0597.jpg,0cedde160df55aebcb2f17a00e3ba21b,left out by the 1000-image subsample
not_sampled,no_flood,,aider_raw/AIDER/normal/normal_image0598.jpg,dd23141436d07d05d7a8fd192d973302,left out by the 1000-image subsample
not_sampled,no_flood,,aider_raw/AIDER/normal/normal_image0599.jpg,82a2539941d799eb31963600ffb77011,left out by the 1000-image subsample
not_sampled,no_flood,,aider_raw/AIDER/normal/normal_image0600.jpg,29749258ab4f043d59eb4cf197920bb9,left out by the 1000-image subsample
not_sampled,no_flood,,aider_raw/AIDER/normal/normal_image0602.jpg,3a08fb9ebdea2694078a0069bdf5bd7b,left out by the 1000-image subsample
not_sampled,no_flood,,aider_raw/AIDER/normal/normal_image0603.jpg,41ff47777275990b2c7e5ed081dfd4a7,left out by the 1000-image subsample
not_sampled,no_flood,,aider_raw/AIDER/normal/normal_image0605.jpg,fc6ed06ebb68b319138cd7099dc4714b,left out by the 1000-image subsample
not_sampled,no_flood,,aider_raw/AIDER/normal/normal_image0606.jpg,7d806f7a4961073e47507baed682668f,left out by the 1000-image subsample
not_sampled,no_flood,,aider_raw/AIDER/normal/normal_image0607.jpg,9e9c6538d6d2bf13120a76ff0350b788,left out by the 1000-image subsample
not_sampled,no_flood,,aider_raw/AIDER/normal/normal_image0608.jpg,04821b64f9f5d0f25253e52b9bc2a15e,left out by the 1000-image subsample
not_sampled,no_flood,,aider_raw/AIDER/normal/normal_image0610.jpg,08491d8bf87d5c30a446a4e02262b1ce,left out by the 1000-image subsample
not_sampled,no_flood,,aider_raw/AIDER/normal/normal_image0612.jpg,00ed5691b5fa347dbd1ec2f2e51edf63,left out by the 1000-image subsample
not_sampled,no_flood,,aider_raw/AIDER/normal/normal_image0614.jpg,2f701d4ed5c4e5c634fb1494a220997f,left out by the 1000-image subsample
not_sampled,no_flood,,aider_raw/AIDER/normal/normal_image0615.jpg,85b29a669c418471cbed96556a56fa1b,left out by the 1000-image subsample
not_sampled,no_flood,,aider_raw/AIDER/normal/normal_image0617.jpg,d85061d266e336fbf5f9b16472ee24b7,left out by the 1000-image subsample
not_sampled,no_flood,,aider_raw/AIDER/normal/normal_image0619.jpg,f55e6698f8f0482ed90f628006a24c61,left out by the 1000-image subsample
not_sampled,no_flood,,aider_raw/AIDER/normal/normal_image0620.jpg,27794bf9b2565f40e5562495719e86f6,left out by the 1000-image subsample
not_sampled,no_flood,,aider_raw/AIDER/normal/normal_image0621.jpg,8990136b1df31a951b3fbde836bb4226,left out by the 1000-image subsample
not_sampled,no_flood,,aider_raw/AIDER/normal/normal_image0622.jpg,4c0d53906d358a302908fa05795ddb8c,left out by the 1000-image subsample
not_sampled,no_flood,,aider_raw/AIDER/normal/normal_image0623.jpg,f8e4a77df80b2d9797a9034c5cba05dc,left out by the 1000-image subsample
not_sampled,no_flood,,aider_raw/AIDER/normal/normal_image0624.jpg,a07879b6a82c7d6245de00d6a0d14d87,left out by the 1000-image subsample
not_sampled,no_flood,,aider_raw/AIDER/normal/normal_image0625.jpg,9a9c552bb77325b7d1dddb7a940e688f,left out by the 1000-image subsample
not_sampled,no_flood,,aider_raw/AIDER/normal/normal_image0626.jpg,cc68ff08701d53c2e3b4df152ea6dce3,left out by the 1000-image subsample
not_sampled,no_flood,,aider_raw/AIDER/normal/normal_image0628.jpg,45f215d563b352cf51edb65b700d8c1b,left out by the 1000-image subsample
not_sampled,no_flood,,aider_raw/AIDER/normal/normal_image0629.jpg,549aa613877a4173a86940bd45893c0f,left out by the 1000-image subsample
not_sampled,no_flood,,aider_raw/AIDER/normal/normal_image0630.jpg,b5221a88fc48d60a42a34c1d1f0bb25c,left out by the 1000-image subsample
not_sampled,no_flood,,aider_raw/AIDER/normal/normal_image0631.jpg,f326b9ea6cd7dc1d759714085e72a605,left out by the 1000-image subsample
not_sampled,no_flood,,aider_raw/AIDER/normal/normal_image0632.jpg,d2153297874c04fbfe7941bf3b796a55,left out by the 1000-image subsample
not_sampled,no_flood,,aider_raw/AIDER/normal/normal_image0633.jpg,8a60b78949ed9365196fd4427e7fa8d4,left out by the 1000-image subsample
not_sampled,no_flood,,aider_raw/AIDER/normal/normal_image0635.jpg,dbc9f88465ae7a664950f706f64f2c3d,left out by the 1000-image subsample
not_sampled,no_flood,,aider_raw/AIDER/normal/normal_image0637.jpg,591bf5f30dc5f465287ee5e573bda1f9,left out by the 1000-image subsample
not_sampled,no_flood,,aider_raw/AIDER/normal/normal_image0638.jpg,a61af15e5873df75956746ef1ce5f6c6,left out by the 1000-image subsample
not_sampled,no_flood,,aider_raw/AIDER/normal/normal_image0639.jpg,f501685f71eb5393cf71587acab5e6fb,left out by the 1000-image subsample
not_sampled,no_flood,,aider_raw/AIDER/normal/normal_image0640.jpg,d068237cf2f61061b3c3448e2d3e9654,left out by the 1000-image subsample
not_sampled,no_flood,,aider_raw/AIDER/normal/normal_image0641.jpg,2f97ff61e67d71db113250e578e65301,left out by the 1000-image subsample
not_sampled,no_flood,,aider_raw/AIDER/normal/normal_image0643.jpg,6ee7f8bda7df191748aef611c6d442df,left out by the 1000-image subsample
not_sampled,no_flood,,aider_raw/AIDER/normal/normal_image0644.jpg,7895269c235118b4bf9cc3825da6b363,left out by the 1000-image subsample
not_sampled,no_flood,,aider_raw/AIDER/normal/normal_image0645.jpg,5455f2498bc9aa743f220f6dcd2ee26f,left out by the 1000-image subsample
not_sampled,no_flood,,aider_raw/AIDER/normal/normal_image0649.jpg,db918ade3f03a6bdb3b0cad8abfca19c,left out by the 1000-image subsample
not_sampled,no_flood,,aider_raw/AIDER/normal/normal_image0651.jpg,0703f0e0db63cd066c828e1e59574d0f,left out by the 1000-image subsample
not_sampled,no_flood,,aider_raw/AIDER/normal/normal_image0652.jpg,c41a6c839b0d0525f3648fe32f40657b,left out by the 1000-image subsample
not_sampled,no_flood,,aider_raw/AIDER/normal/normal_image0653.jpg,d6ff265198d5501126656a33bce5d9c4,left out by the 1000-image subsample
not_sampled,no_flood,,aider_raw/AIDER/normal/normal_image0654.jpg,7d4b7202e786ea578531c4f604540397,left out by the 1000-image subsample
not_sampled,no_flood,,aider_raw/AIDER/normal/normal_image0657.jpg,285d612a630b5658f5b077ad19f3bf5e,left out by the 1000-image subsample
not_sampled,no_flood,,aider_raw/AIDER/normal/normal_image0658.jpg,1ec054653cf9085338e46478992ca5f0,left out by the 1000-image subsample
not_sampled,no_flood,,aider_raw/AIDER/normal/normal_image0660.jpg,74488d403278a29b0f775500680f4671,left out by the 1000-image subsample
not_sampled,no_flood,,aider_raw/AIDER/normal/normal_image0662.jpg,073b030f2af8d5a2eb651d77c8322bc3,left out by the 1000-image subsample
not_sampled,no_flood,,aider_raw/AIDER/normal/normal_image0665.jpg,e7c21c87f142c41128277636016ce08f,left out by the 1000-image subsample
not_sampled,no_flood,,aider_raw/AIDER/normal/normal_image0666.jpg,aad2a3928d9186dba30cfdb94e334c6f,left out by the 1000-image subsample
not_sampled,no_flood,,aider_raw/AIDER/normal/normal_image0668.jpg,f5db8ab55fa619ddcdeb7513788e5648,left out by the 1000-image subsample
not_sampled,no_flood,,aider_raw/AIDER/normal/normal_image0670.jpg,6df552be7763d85f18df5e8a3791c943,left out by the 1000-image subsample
not_sampled,no_flood,,aider_raw/AIDER/normal/normal_image0671.jpg,9d8350207170d8cfa187090d85ba3bf7,left out by the 1000-image subsample
not_sampled,no_flood,,aider_raw/AIDER/normal/normal_image0675.jpg,932fe6ba8bc43b903c5d629691753b1a,left out by the 1000-image subsample
not_sampled,no_flood,,aider_raw/AIDER/normal/normal_image0676.jpg,53771d294d7d64650beb00972cbd4942,left out by the 1000-image subsample
not_sampled,no_flood,,aider_raw/AIDER/normal/normal_image0681.jpg,3f88abdc43cdac5d497dcfcab4eda9b6,left out by the 1000-image subsample
not_sampled,no_flood,,aider_raw/AIDER/normal/normal_image0683.jpg,a910d7faa44e27bc5db7efa2edf67f5d,left out by the 1000-image subsample
not_sampled,no_flood,,aider_raw/AIDER/normal/normal_image0684.jpg,60487fd379af3b89731658ce9348dbd9,left out by the 1000-image subsample
not_sampled,no_flood,,aider_raw/AIDER/normal/normal_image0685.jpg,c96faab467b4f5cd247586d974523e8a,left out by the 1000-image subsample
not_sampled,no_flood,,aider_raw/AIDER/normal/normal_image0687.jpg,68899593855af8ef29adaa7c6cff0fe3,left out by the 1000-image subsample
not_sampled,no_flood,,aider_raw/AIDER/normal/normal_image0688.jpg,08422363a526e900fbb98c2b8db67f3e,left out by the 1000-image subsample
not_sampled,no_flood,,aider_raw/AIDER/normal/normal_image0691.jpg,64f552aebf6e684e4ee8e4efaf69599c,left out by the 1000-image subsample
not_sampled,no_flood,,aider_raw/AIDER/normal/normal_image0692.jpg,e28adcfe6ac1ccf0c46b15aea08d931c,left out by the 1000-image subsample
not_sampled,no_flood,,aider_raw/AIDER/normal/normal_image0693.jpg,c35bf05e8d73215c1c453556e00739f3,left out by the 1000-image subsample
not_sampled,no_flood,,aider_raw/AIDER/normal/normal_image0695.jpg,e364f7f040c90edd9123daafd2901e00,left out by the 1000-image subsample
not_sampled,no_flood,,aider_raw/AIDER/normal/normal_image0697.jpg,55ef18f9187321a79121c9900e718d38,left out by the 1000-image subsample
not_sampled,no_flood,,aider_raw/AIDER/normal/normal_image0698.jpg,24c944590e7c8741ab90e457444fb3e8,left out by the 1000-image subsample
not_sampled,no_flood,,aider_raw/AIDER/normal/normal_image0699.jpg,ced17d1257b43f1b729b096567d69f07,left out by the 1000-image subsample
not_sampled,no_flood,,aider_raw/AIDER/normal/normal_image0700.jpg,4169030438c08748a52e3a65d98a1db6,left out by the 1000-image subsample
not_sampled,no_flood,,aider_raw/AIDER/normal/normal_image0702.jpg,239583a58903131fcb608e1eed645f99,left out by the 1000-image subsample
not_sampled,no_flood,,aider_raw/AIDER/normal/normal_image0703.jpg,0646253f2d35b8e783a12f5a475c5c57,left out by the 1000-image subsample
not_sampled,no_flood,,aider_raw/AIDER/normal/normal_image0704.jpg,068c734968ef9902ba2a0ca1bbf9c8bd,left out by the 1000-image subsample
not_sampled,no_flood,,aider_raw/AIDER/normal/normal_image0706.jpg,23b2e938cb6ccbd288bd7a8544ef9ba0,left out by the 1000-image subsample
not_sampled,no_flood,,aider_raw/AIDER/normal/normal_image0707.jpg,378ad225601dab7c1685e63700e8810c,left out by the 1000-image subsample
not_sampled,no_flood,,aider_raw/AIDER/normal/normal_image0708.jpg,72184b01cf001629ff228c133f34367a,left out by the 1000-image subsample
not_sampled,no_flood,,aider_raw/AIDER/normal/normal_image0709.jpg,1b46c943e583b534abd7ffec7486bf2c,left out by the 1000-image subsample
not_sampled,no_flood,,aider_raw/AIDER/normal/normal_image0710.jpg,51b9d616fc7300f6e2599984227e84ff,left out by the 1000-image subsample
not_sampled,no_flood,,aider_raw/AIDER/normal/normal_image0711.jpg,4ca9071b66f51a9b3606155515fad7ec,left out by the 1000-image subsample
not_sampled,no_flood,,aider_raw/AIDER/normal/normal_image0712.jpg,53b165065d8c6476a627f1de52bc370f,left out by the 1000-image subsample
not_sampled,no_flood,,aider_raw/AIDER/normal/normal_image0713.jpg,41c4f78eb93e6d9019588f840da33613,left out by the 1000-image subsample
not_sampled,no_flood,,aider_raw/AIDER/normal/normal_image0714.jpg,fb1913b26ab6ca872d105ba8e32f153b,left out by the 1000-image subsample
not_sampled,no_flood,,aider_raw/AIDER/normal/normal_image0715.jpg,12b769d681951aa7afb02affaca67d8c,left out by the 1000-image subsample
not_sampled,no_flood,,aider_raw/AIDER/normal/normal_image0716.jpg,d46efeeea0b87ffbcd2e177d2c78b2ef,left out by the 1000-image subsample
not_sampled,no_flood,,aider_raw/AIDER/normal/normal_image0717.jpg,202ee9bebc43087b730f457554692bcd,left out by the 1000-image subsample
not_sampled,no_flood,,aider_raw/AIDER/normal/normal_image0720.jpg,92776891a29746de8a01c21075560da2,left out by the 1000-image subsample
not_sampled,no_flood,,aider_raw/AIDER/normal/normal_image0721.jpg,4c8381d1cc8aa2da7058165efa0788be,left out by the 1000-image subsample
not_sampled,no_flood,,aider_raw/AIDER/normal/normal_image0722.jpg,e9221304fa46a15a1ac590b3d0ad9c0b,left out by the 1000-image subsample
not_sampled,no_flood,,aider_raw/AIDER/normal/normal_image0723.jpg,f5664778d1d45d129ae103b22004d5b3,left out by the 1000-image subsample
not_sampled,no_flood,,aider_raw/AIDER/normal/normal_image0724.jpg,49078a0595d8caf31594703fccf72d07,left out by the 1000-image subsample
not_sampled,no_flood,,aider_raw/AIDER/normal/normal_image0725.jpg,e92525a22ed513b0994140c21d10d0c7,left out by the 1000-image subsample
not_sampled,no_flood,,aider_raw/AIDER/normal/normal_image0726.jpg,693b6802a123e78d8b248cd4b0336bc4,left out by the 1000-image subsample
not_sampled,no_flood,,aider_raw/AIDER/normal/normal_image0727.jpg,e30ab92fba717a6160df8a710f5e7aa9,left out by the 1000-image subsample
not_sampled,no_flood,,aider_raw/AIDER/normal/normal_image0729.jpg,783bcb1195180d3cbe4f172d56e93478,left out by the 1000-image subsample
not_sampled,no_flood,,aider_raw/AIDER/normal/normal_image0730.jpg,4c235879b412070325f514932504587e,left out by the 1000-image subsample
not_sampled,no_flood,,aider_raw/AIDER/normal/normal_image0731.jpg,7f1bb4d432f231facffce9a5c240f2ab,left out by the 1000-image subsample
not_sampled,no_flood,,aider_raw/AIDER/normal/normal_image0732.jpg,746a254604f9094d16650eb5a1fbba8a,left out by the 1000-image subsample
not_sampled,no_flood,,aider_raw/AIDER/normal/normal_image0735.jpg,4f4efefdabdd5dbf4daa964d3c0f0232,left out by the 1000-image subsample
not_sampled,no_flood,,aider_raw/AIDER/normal/normal_image0736.jpg,d15d5003e0a5292b0c359e786403c700,left out by the 1000-image subsample
not_sampled,no_flood,,aider_raw/AIDER/normal/normal_image0737.jpg,aa49ffc176fe3cc5020c501a690bcd0b,left out by the 1000-image subsample
not_sampled,no_flood,,aider_raw/AIDER/normal/normal_image0739.jpg,661ce48ad4e025a0e594f2ed3618deaa,left out by the 1000-image subsample
not_sampled,no_flood,,aider_raw/AIDER/normal/normal_image0740.jpg,98b6d428e312b603b2ec5bf6d79f48e0,left out by the 1000-image subsample
not_sampled,no_flood,,aider_raw/AIDER/normal/normal_image0741.jpg,87a101df6605f458f19b6138fe8c9911,left out by the 1000-image subsample
not_sampled,no_flood,,aider_raw/AIDER/normal/normal_image0742.jpg,de62e9c5eb3ae708945b2dc9a00999fd,left out by the 1000-image subsample
not_sampled,no_flood,,aider_raw/AIDER/normal/normal_image0744.jpg,8b8cbbeb4edf68cb778e6b6e787f054f,left out by the 1000-image subsample
not_sampled,no_flood,,aider_raw/AIDER/normal/normal_image0745.jpg,89eb877bc0adebfbd7b4eeb58847988f,left out by the 1000-image subsample
not_sampled,no_flood,,aider_raw/AIDER/normal/normal_image0746.jpg,483f66cf215ec2f92cc0c2e4e8684aa2,left out by the 1000-image subsample
not_sampled,no_flood,,aider_raw/AIDER/normal/normal_image0747.jpg,d54997f3a51d61e0fdc9f52439e6acb8,left out by the 1000-image subsample
not_sampled,no_flood,,aider_raw/AIDER/normal/normal_image0749.jpg,fb2eba17fe99aac53c7f320cf4485ce9,left out by the 1000-image subsample
not_sampled,no_flood,,aider_raw/AIDER/normal/normal_image0750.jpg,df2722731668e584799d8f0d8140c172,left out by the 1000-image subsample
not_sampled,no_flood,,aider_raw/AIDER/normal/normal_image0752.jpg,f19cbd5d269976de2776dfcc900c2320,left out by the 1000-image subsample
not_sampled,no_flood,,aider_raw/AIDER/normal/normal_image0753.jpg,745cc8fb1be7dca56ccb2603d65c105f,left out by the 1000-image subsample
not_sampled,no_flood,,aider_raw/AIDER/normal/normal_image0756.jpg,8f0b30b046000e99a00ce9e8f25d8f4e,left out by the 1000-image subsample
not_sampled,no_flood,,aider_raw/AIDER/normal/normal_image0757.jpg,17a9d919a8597589141efe3b112f607d,left out by the 1000-image subsample
not_sampled,no_flood,,aider_raw/AIDER/normal/normal_image0758.jpg,d89a17ded61e59f4025a69791dda8e66,left out by the 1000-image subsample
not_sampled,no_flood,,aider_raw/AIDER/normal/normal_image0759.jpg,d639581924b7540803e76ddce5b38989,left out by the 1000-image subsample
not_sampled,no_flood,,aider_raw/AIDER/normal/normal_image0760.jpg,6e47e601077a67582f0205f7e5a1ec18,left out by the 1000-image subsample
not_sampled,no_flood,,aider_raw/AIDER/normal/normal_image0761.jpg,076a0218e540804d98149018f02ef1a8,left out by the 1000-image subsample
not_sampled,no_flood,,aider_raw/AIDER/normal/normal_image0763.jpg,310a3ae0446cd4378b8460e0f202bf92,left out by the 1000-image subsample
not_sampled,no_flood,,aider_raw/AIDER/normal/normal_image0764.jpg,47690b80b08db0d07c3e30a6d976d547,left out by the 1000-image subsample
not_sampled,no_flood,,aider_raw/AIDER/normal/normal_image0765.jpg,2f0715aa2a78d35da8b5c0033b03493b,left out by the 1000-image subsample
not_sampled,no_flood,,aider_raw/AIDER/normal/normal_image0766.jpg,2989597e24dea09b4c9e7e3c884e2460,left out by the 1000-image subsample
not_sampled,no_flood,,aider_raw/AIDER/normal/normal_image0768.jpg,169a44defe1acd867ddf33f0b53f1e74,left out by the 1000-image subsample
not_sampled,no_flood,,aider_raw/AIDER/normal/normal_image0769.jpg,ad32974ee87cbf82c88a253fdc326434,left out by the 1000-image subsample
not_sampled,no_flood,,aider_raw/AIDER/normal/normal_image0770.jpg,b0af9243022297a689eb6e5886e3a9be,left out by the 1000-image subsample
not_sampled,no_flood,,aider_raw/AIDER/normal/normal_image0771.jpg,da758a58bd35ca6c17838aa7c591cbbb,left out by the 1000-image subsample
not_sampled,no_flood,,aider_raw/AIDER/normal/normal_image0773.jpg,e22812109335247c9eac72756bace158,left out by the 1000-image subsample
not_sampled,no_flood,,aider_raw/AIDER/normal/normal_image0774.jpg,42a711459a259494fde9a540794010d8,left out by the 1000-image subsample
not_sampled,no_flood,,aider_raw/AIDER/normal/normal_image0775.jpg,1efabe4647591163fa09f38435c466dd,left out by the 1000-image subsample
not_sampled,no_flood,,aider_raw/AIDER/normal/normal_image0777.jpg,0f9be7babb627bb8553d5d71fbeca75b,left out by the 1000-image subsample
not_sampled,no_flood,,aider_raw/AIDER/normal/normal_image0778.jpg,0950e9d9f200ff705290eb21fa4abb02,left out by the 1000-image subsample
not_sampled,no_flood,,aider_raw/AIDER/normal/normal_image0779.jpg,cddabf0291108427fb82da0d95996829,left out by the 1000-image subsample
not_sampled,no_flood,,aider_raw/AIDER/normal/normal_image0780.jpg,c215d850249011affc33232ec42173d2,left out by the 1000-image subsample
not_sampled,no_flood,,aider_raw/AIDER/normal/normal_image0781.jpg,4ef75318f4b7b672306eb7242c3a2a30,left out by the 1000-image subsample
not_sampled,no_flood,,aider_raw/AIDER/normal/normal_image0783.jpg,aa4854215dceef470756c65cdee9df57,left out by the 1000-image subsample
not_sampled,no_flood,,aider_raw/AIDER/normal/normal_image0784.jpg,11a5d79389d8f937ddb9db7b115a0a83,left out by the 1000-image subsample
not_sampled,no_flood,,aider_raw/AIDER/normal/normal_image0785.jpg,f80bf3510e537ac7d972e944751c7610,left out by the 1000-image subsample
not_sampled,no_flood,,aider_raw/AIDER/normal/normal_image0786.jpg,b4f0467d2ddf9ccababf532815a81f66,left out by the 1000-image subsample
not_sampled,no_flood,,aider_raw/AIDER/normal/normal_image0787.jpg,470dd7dafb6855228133fc5514ab8dae,left out by the 1000-image subsample
not_sampled,no_flood,,aider_raw/AIDER/normal/normal_image0788.jpg,ef6d50f1b625885f1edd0a6bcb71c332,left out by the 1000-image subsample
not_sampled,no_flood,,aider_raw/AIDER/normal/normal_image0789.jpg,82a0661c80a76dfb1648a92e115e47b8,left out by the 1000-image subsample
not_sampled,no_flood,,aider_raw/AIDER/normal/normal_image0790.jpg,e2d721c5a02b73f057abdff1e054879b,left out by the 1000-image subsample
not_sampled,no_flood,,aider_raw/AIDER/normal/normal_image0791.jpg,7af5e1d857fa15570c0c0617730890c3,left out by the 1000-image subsample
not_sampled,no_flood,,aider_raw/AIDER/normal/normal_image0792.jpg,9cfaf92bce83cd10c6eed3a9e34ed38e,left out by the 1000-image subsample
not_sampled,no_flood,,aider_raw/AIDER/normal/normal_image0794.jpg,6e61e98a89bd442dc29433963cd50a13,left out by the 1000-image subsample
not_sampled,no_flood,,aider_raw/AIDER/normal/normal_image0795.jpg,58671d3c1b16fbd7485861df3f3bb4ac,left out by the 1000-image subsample
not_sampled,no_flood,,aider_raw/AIDER/normal/normal_image0796.jpg,f848b69398cb01df0d1ad7a4167987e9,left out by the 1000-image subsample
not_sampled,no_flood,,aider_raw/AIDER/normal/normal_image0797.jpg,5b74c59195d119d73a77d7c0818d801e,left out by the 1000-image subsample
not_sampled,no_flood,,aider_raw/AIDER/normal/normal_image0798.jpg,66b65e1e1f1e0f9caa2c0ccf3aeec22a,left out by the 1000-image subsample
not_sampled,no_flood,,aider_raw/AIDER/normal/normal_image0799.jpg,3bebdfc0647eb66a6211534f41e39541,left out by the 1000-image subsample
not_sampled,no_flood,,aider_raw/AIDER/normal/normal_image0800.jpg,a6bd3518920b89d401514067d4d3f93e,left out by the 1000-image subsample
not_sampled,no_flood,,aider_raw/AIDER/normal/normal_image0801.jpg,70456260c69e1f72e94a7bd11533daf0,left out by the 1000-image subsample
not_sampled,no_flood,,aider_raw/AIDER/normal/normal_image0802.jpg,cc0840d9c2176bcd90ce7e8bb0d6b6e0,left out by the 1000-image subsample
not_sampled,no_flood,,aider_raw/AIDER/normal/normal_image0803.jpg,70242997ed5c2a02f433e8285eabe268,left out by the 1000-image subsample
not_sampled,no_flood,,aider_raw/AIDER/normal/normal_image0804.jpg,e3ccd44a508f9881789bd57af7909e11,left out by the 1000-image subsample
not_sampled,no_flood,,aider_raw/AIDER/normal/normal_image0805.jpg,45f6dcb72706a47e9cf2be9cf997e0d7,left out by the 1000-image subsample
not_sampled,no_flood,,aider_raw/AIDER/normal/normal_image0806.jpg,8f6eab6be681728133bf402888d6cf88,left out by the 1000-image subsample
not_sampled,no_flood,,aider_raw/AIDER/normal/normal_image0807.jpg,20752b120418928a91a3a9bec4b4fda7,left out by the 1000-image subsample
not_sampled,no_flood,,aider_raw/AIDER/normal/normal_image0808.jpg,68589d491911dd9144d4352a2db9e07e,left out by the 1000-image subsample
not_sampled,no_flood,,aider_raw/AIDER/normal/normal_image0809.jpg,735a3d1059b0213ae9984dae61fe7554,left out by the 1000-image subsample
not_sampled,no_flood,,aider_raw/AIDER/normal/normal_image0810.jpg,c61c8a2c2cb0e17233857f6674d135b7,left out by the 1000-image subsample
not_sampled,no_flood,,aider_raw/AIDER/normal/normal_image0811.jpg,ffe0f2666d1b40fc50aa25c56b750fe5,left out by the 1000-image subsample
not_sampled,no_flood,,aider_raw/AIDER/normal/normal_image0812.jpg,8c31f8895b631711b42de86e9de200a9,left out by the 1000-image subsample
not_sampled,no_flood,,aider_raw/AIDER/normal/normal_image0813.jpg,d805acab479a45739f93de2292daac54,left out by the 1000-image subsample
not_sampled,no_flood,,aider_raw/AIDER/normal/normal_image0814.jpg,0d43440cb32c76f85a76c8307ebae3af,left out by the 1000-image subsample
not_sampled,no_flood,,aider_raw/AIDER/normal/normal_image0815.jpg,44eb0f5adafa6e0ac94d5fb328046cf4,left out by the 1000-image subsample
not_sampled,no_flood,,aider_raw/AIDER/normal/normal_image0816.jpg,6efc8c73120073cd0a621afb6dbe4cfa,left out by the 1000-image subsample
not_sampled,no_flood,,aider_raw/AIDER/normal/normal_image0817.jpg,3e11505ea8677a0eb7352bd3f03e608d,left out by the 1000-image subsample
not_sampled,no_flood,,aider_raw/AIDER/normal/normal_image0819.jpg,88f785a5e9a68ee62511bc355f53266a,left out by the 1000-image subsample
not_sampled,no_flood,,aider_raw/AIDER/normal/normal_image0820.jpg,c273c5572769bfea8fe9ec61f7a7c35e,left out by the 1000-image subsample
not_sampled,no_flood,,aider_raw/AIDER/normal/normal_image0822.jpg,8cd7b9eb65bd39a7dfcfbf5e7fac0e09,left out by the 1000-image subsample
not_sampled,no_flood,,aider_raw/AIDER/normal/normal_image0823.jpg,392bce7e3a836bf0035743e270228f43,left out by the 1000-image subsample
not_sampled,no_flood,,aider_raw/AIDER/normal/normal_image0824.jpg,af7c71a82e1f516402e7bf41d55a4009,left out by the 1000-image subsample
not_sampled,no_flood,,aider_raw/AIDER/normal/normal_image0825.jpg,1e96ab9a19d2a07ac4ce1cde36c790f7,left out by the 1000-image subsample
not_sampled,no_flood,,aider_raw/AIDER/normal/normal_image0826.jpg,f3bfe8a5b72b2711df204bd223f2f0fb,left out by the 1000-image subsample
not_sampled,no_flood,,aider_raw/AIDER/normal/normal_image0827.jpg,81c32e6be5e75b3bb9dd324a06b758c6,left out by the 1000-image subsample
not_sampled,no_flood,,aider_raw/AIDER/normal/normal_image0829.jpg,3012f54bbc86512cd737a851a39aa64b,left out by the 1000-image subsample
not_sampled,no_flood,,aider_raw/AIDER/normal/normal_image0830.jpg,6555f3028be63cc1dee01ba67ccf1374,left out by the 1000-image subsample
not_sampled,no_flood,,aider_raw/AIDER/normal/normal_image0831.jpg,032c2f1201ada4c80586fb511c994133,left out by the 1000-image subsample
not_sampled,no_flood,,aider_raw/AIDER/normal/normal_image0832.jpg,cdf56b948d945af0dd09ad9d1ae3a287,left out by the 1000-image subsample
not_sampled,no_flood,,aider_raw/AIDER/normal/normal_image0833.jpg,262eaf373598e7ef615bdb8278fafdcd,left out by the 1000-image subsample
not_sampled,no_flood,,aider_raw/AIDER/normal/normal_image0835.jpg,6a763a65e679b48144264c5cfe2389ca,left out by the 1000-image subsample
not_sampled,no_flood,,aider_raw/AIDER/normal/normal_image0836.jpg,4d845f707fa975ba18da38439ab38411,left out by the 1000-image subsample
not_sampled,no_flood,,aider_raw/AIDER/normal/normal_image0837.jpg,5c07dd5150ca335337ef2e5886ceb4df,left out by the 1000-image subsample
not_sampled,no_flood,,aider_raw/AIDER/normal/normal_image0838.jpg,7a2372b5b80217ebe986b77f8643594e,left out by the 1000-image subsample
not_sampled,no_flood,,aider_raw/AIDER/normal/normal_image0840.jpg,5fe656d87103bcdf104e1413cd7357a6,left out by the 1000-image subsample
not_sampled,no_flood,,aider_raw/AIDER/normal/normal_image0841.jpg,33f99229f487b4c6515ef15529d4a386,left out by the 1000-image subsample
not_sampled,no_flood,,aider_raw/AIDER/normal/normal_image0842.jpg,c27d3792da9e84236a8a6a6224482787,left out by the 1000-image subsample
not_sampled,no_flood,,aider_raw/AIDER/normal/normal_image0843.jpg,da1899aa479f0066e71e4e2eb7fb5555,left out by the 1000-image subsample
not_sampled,no_flood,,aider_raw/AIDER/normal/normal_image0844.jpg,2c17651c5c004a2979b42bab43ab8027,left out by the 1000-image subsample
not_sampled,no_flood,,aider_raw/AIDER/normal/normal_image0845.jpg,fc2fce0a04e3bbe2214c1fe652aff7ff,left out by the 1000-image subsample
not_sampled,no_flood,,aider_raw/AIDER/normal/normal_image0846.jpg,23b70b69238c3eece07c8949ec492ca3,left out by the 1000-image subsample
not_sampled,no_flood,,aider_raw/AIDER/normal/normal_image0848.jpg,c97fe81b28472a429759a538996af329,left out by the 1000-image subsample
not_sampled,no_flood,,aider_raw/AIDER/normal/normal_image0849.jpg,50e00f84b225c3be637460dc513b2035,left out by the 1000-image subsample
not_sampled,no_flood,,aider_raw/AIDER/normal/normal_image0851.jpg,4a49dbf6ed045c023eef4c27198c4e9f,left out by the 1000-image subsample
not_sampled,no_flood,,aider_raw/AIDER/normal/normal_image0852.jpg,0d51c15336384b95180d851a4a149e2d,left out by the 1000-image subsample
not_sampled,no_flood,,aider_raw/AIDER/normal/normal_image0854.jpg,e15fdc48a41baf3e304221294bfedc88,left out by the 1000-image subsample
not_sampled,no_flood,,aider_raw/AIDER/normal/normal_image0855.jpg,a8439b506bf134e6b85786e30f3d40a6,left out by the 1000-image subsample
not_sampled,no_flood,,aider_raw/AIDER/normal/normal_image0856.jpg,f59a37322b147138e1676f8c3a10e4be,left out by the 1000-image subsample
not_sampled,no_flood,,aider_raw/AIDER/normal/normal_image0857.jpg,3411e105c8b032fc3f63b2b5b3b3d159,left out by the 1000-image subsample
not_sampled,no_flood,,aider_raw/AIDER/normal/normal_image0859.jpg,6913df2d3b6bdddb30247a13f2628a59,left out by the 1000-image subsample
not_sampled,no_flood,,aider_raw/AIDER/normal/normal_image0861.jpg,a2d5d3480430587fec8d00a6f3ec9619,left out by the 1000-image subsample
not_sampled,no_flood,,aider_raw/AIDER/normal/normal_image0862.jpg,7aee9f407f22988438b46c149734f15c,left out by the 1000-image subsample
not_sampled,no_flood,,aider_raw/AIDER/normal/normal_image0863.jpg,356240e23c23cac5aad012286f290e93,left out by the 1000-image subsample
not_sampled,no_flood,,aider_raw/AIDER/normal/normal_image0865.jpg,dd79929044621fa24c36b1cc291281c0,left out by the 1000-image subsample
not_sampled,no_flood,,aider_raw/AIDER/normal/normal_image0866.jpg,5ddc6f8243f06e142c29109dbb1a5aac,left out by the 1000-image subsample
not_sampled,no_flood,,aider_raw/AIDER/normal/normal_image0867.jpg,0e0808c62768e1dd6941c6653a3a2242,left out by the 1000-image subsample
not_sampled,no_flood,,aider_raw/AIDER/normal/normal_image0869.jpg,69769336d2218705968b1f3369d312a9,left out by the 1000-image subsample
not_sampled,no_flood,,aider_raw/AIDER/normal/normal_image0870.jpg,e74a7331a3f677a6c53c70e6119b2107,left out by the 1000-image subsample
not_sampled,no_flood,,aider_raw/AIDER/normal/normal_image0871.jpg,5bb7bdeedb058fb2015f506d60bb0282,left out by the 1000-image subsample
not_sampled,no_flood,,aider_raw/AIDER/normal/normal_image0873.jpg,397e05fd6a974184327656ec11c301c7,left out by the 1000-image subsample
not_sampled,no_flood,,aider_raw/AIDER/normal/normal_image0874.jpg,5ba2eaea89658288fd2da4982012839b,left out by the 1000-image subsample
not_sampled,no_flood,,aider_raw/AIDER/normal/normal_image0875.jpg,c13773709ba57bc1ecc26ef977fbcf36,left out by the 1000-image subsample
not_sampled,no_flood,,aider_raw/AIDER/normal/normal_image0876.jpg,e611ba994cd7157133c03d628ec140eb,left out by the 1000-image subsample
not_sampled,no_flood,,aider_raw/AIDER/normal/normal_image0877.jpg,ba04844b9c3fa40177d3ecb07b45d697,left out by the 1000-image subsample
not_sampled,no_flood,,aider_raw/AIDER/normal/normal_image0878.jpg,225500d71cdea05dbddaddd6691884d3,left out by the 1000-image subsample
not_sampled,no_flood,,aider_raw/AIDER/normal/normal_image0879.jpg,e0c4406ff748cca284c6e007364c36b1,left out by the 1000-image subsample
not_sampled,no_flood,,aider_raw/AIDER/normal/normal_image0880.jpg,9ecb4272e9025992dce991dee65fd604,left out by the 1000-image subsample
not_sampled,no_flood,,aider_raw/AIDER/normal/normal_image0881.jpg,11b311bc246d52ea445618fcab962685,left out by the 1000-image subsample
not_sampled,no_flood,,aider_raw/AIDER/normal/normal_image0882.jpg,568e13e10bb696231f08450da6126cbb,left out by the 1000-image subsample
not_sampled,no_flood,,aider_raw/AIDER/normal/normal_image0883.jpg,35d0db87fc9e43f192075f3cb95b15e3,left out by the 1000-image subsample
not_sampled,no_flood,,aider_raw/AIDER/normal/normal_image0884.jpg,c72c608c44d3f8005fc697f2b91817c2,left out by the 1000-image subsample
not_sampled,no_flood,,aider_raw/AIDER/normal/normal_image0885.jpg,c2f964ec5b222ea402ced448d5fe5407,left out by the 1000-image subsample
not_sampled,no_flood,,aider_raw/AIDER/normal/normal_image0886.jpg,0be31f3989c1958dbbf455dd380e7a9b,left out by the 1000-image subsample
not_sampled,no_flood,,aider_raw/AIDER/normal/normal_image0887.jpg,7f23deb372876774209b16302640f96e,left out by the 1000-image subsample
not_sampled,no_flood,,aider_raw/AIDER/normal/normal_image0888.jpg,d6ca751996005b68c3f213bcc52a8bd2,left out by the 1000-image subsample
not_sampled,no_flood,,aider_raw/AIDER/normal/normal_image0889.jpg,727b22671139cbf0a5d2685e3e23212f,left out by the 1000-image subsample
not_sampled,no_flood,,aider_raw/AIDER/normal/normal_image0890.jpg,5f5bc86266c51bbe5d3725460664c7b9,left out by the 1000-image subsample
not_sampled,no_flood,,aider_raw/AIDER/normal/normal_image0891.jpg,e2467b338cdfe87a074c8d8edfd73ee7,left out by the 1000-image subsample
not_sampled,no_flood,,aider_raw/AIDER/normal/normal_image0892.jpg,2978ed1f04801db852eb68704a070552,left out by the 1000-image subsample
not_sampled,no_flood,,aider_raw/AIDER/normal/normal_image0893.jpg,08754fff55421f098238ddd946994cb3,left out by the 1000-image subsample
not_sampled,no_flood,,aider_raw/AIDER/normal/normal_image0894.jpg,e2c096ba4e337f7bbf0c4750035da051,left out by the 1000-image subsample
not_sampled,no_flood,,aider_raw/AIDER/normal/normal_image0898.jpg,6c5d777fc14eea38ecf35118c2d2cf86,left out by the 1000-image subsample
not_sampled,no_flood,,aider_raw/AIDER/normal/normal_image0899.jpg,91335f60b527c1952467fda882ce1a88,left out by the 1000-image subsample
not_sampled,no_flood,,aider_raw/AIDER/normal/normal_image0901.jpg,3e0f1c3aebe71c943c8ced089cb9754f,left out by the 1000-image subsample
not_sampled,no_flood,,aider_raw/AIDER/normal/normal_image0905.jpg,24aa154ccddb74923916672718f417d1,left out by the 1000-image subsample
not_sampled,no_flood,,aider_raw/AIDER/normal/normal_image0908.jpg,808709e927354023f96772516afc5deb,left out by the 1000-image subsample
not_sampled,no_flood,,aider_raw/AIDER/normal/normal_image0910.jpg,04d50ad07e32d3b4f1171c404a571a83,left out by the 1000-image subsample
not_sampled,no_flood,,aider_raw/AIDER/normal/normal_image0911.jpg,f1e7731769c2b3053ed6d52a84dcd35a,left out by the 1000-image subsample
not_sampled,no_flood,,aider_raw/AIDER/normal/normal_image0912.jpg,fea2c5ab0fb1be81457e515dfc326ac5,left out by the 1000-image subsample
not_sampled,no_flood,,aider_raw/AIDER/normal/normal_image0913.jpg,71f23059958e9baf592aa1ae70e4a4cc,left out by the 1000-image subsample
not_sampled,no_flood,,aider_raw/AIDER/normal/normal_image0914.jpg,82dc3bcd302117be4462ad9ee424627b,left out by the 1000-image subsample
not_sampled,no_flood,,aider_raw/AIDER/normal/normal_image0915.jpg,ec8eecbf17dd41c269d33cfc09a022be,left out by the 1000-image subsample
not_sampled,no_flood,,aider_raw/AIDER/normal/normal_image0916.jpg,3ef2acc7d748ba7a72a79108f040c438,left out by the 1000-image subsample
not_sampled,no_flood,,aider_raw/AIDER/normal/normal_image0917.jpg,81e93987227b2b7bc04e6b6d3d8028a1,left out by the 1000-image subsample
not_sampled,no_flood,,aider_raw/AIDER/normal/normal_image0918.jpg,6e97f902fc0629a6f4e1f518bd963392,left out by the 1000-image subsample
not_sampled,no_flood,,aider_raw/AIDER/normal/normal_image0919.jpg,e8ec854fd3d6b559d4f52c9c49a5c6ad,left out by the 1000-image subsample
not_sampled,no_flood,,aider_raw/AIDER/normal/normal_image0920.jpg,a817a1b3920fda7e3d40f5386d73f848,left out by the 1000-image subsample
not_sampled,no_flood,,aider_raw/AIDER/normal/normal_image0921.jpg,ff16ae1775232e755789057eb4bf239d,left out by the 1000-image subsample
not_sampled,no_flood,,aider_raw/AIDER/normal/normal_image0923.jpg,fc45f324cabd5f420ed5dcd75a46765c,left out by the 1000-image subsample
not_sampled,no_flood,,aider_raw/AIDER/normal/normal_image0924.jpg,f188971538174a6e7164bd768b4e7176,left out by the 1000-image subsample
not_sampled,no_flood,,aider_raw/AIDER/normal/normal_image0925.jpg,76f6cc0a2df53e1c68cd0e33a3a6f43d,left out by the 1000-image subsample
not_sampled,no_flood,,aider_raw/AIDER/normal/normal_image0926.jpg,7d4635d4655e9a3539fbfb21181e08c9,left out by the 1000-image subsample
not_sampled,no_flood,,aider_raw/AIDER/normal/normal_image0927.jpg,67dfa5224dd01085ebd8f5d8dd8edc82,left out by the 1000-image subsample
not_sampled,no_flood,,aider_raw/AIDER/normal/normal_image0928.jpg,f8c4e3c61fe34beeea0cda5dd980e2f3,left out by the 1000-image subsample
not_sampled,no_flood,,aider_raw/AIDER/normal/normal_image0929.jpg,7eaf826fe3ce23ca4db8d546a8e12074,left out by the 1000-image subsample
not_sampled,no_flood,,aider_raw/AIDER/normal/normal_image0930.jpg,5624a643f6b3391315e57cacf2cfe8ce,left out by the 1000-image subsample
not_sampled,no_flood,,aider_raw/AIDER/normal/normal_image0931.jpg,381e231cfcc87d0b196b06012decd8cd,left out by the 1000-image subsample
not_sampled,no_flood,,aider_raw/AIDER/normal/normal_image0932.jpg,c04357bf8224067faa3982974a42c8e4,left out by the 1000-image subsample
not_sampled,no_flood,,aider_raw/AIDER/normal/normal_image0933.jpg,96b02d3cc553d9f2aa15c23bf08ad624,left out by the 1000-image subsample
not_sampled,no_flood,,aider_raw/AIDER/normal/normal_image0937.jpg,1e414d3f9908091bf26133af4a4fa192,left out by the 1000-image subsample
not_sampled,no_flood,,aider_raw/AIDER/normal/normal_image0938.jpg,158f19bf56619ece9483d2cd9b2e82e3,left out by the 1000-image subsample
not_sampled,no_flood,,aider_raw/AIDER/normal/normal_image0939.jpg,16ae9867a3080af040f555aaee43ab5d,left out by the 1000-image subsample
not_sampled,no_flood,,aider_raw/AIDER/normal/normal_image0941.jpg,26250a6b374369bb821f3f9d5a3ace44,left out by the 1000-image subsample
not_sampled,no_flood,,aider_raw/AIDER/normal/normal_image0944.jpg,f2436caec2b32cebc6b80860bda65d15,left out by the 1000-image subsample
not_sampled,no_flood,,aider_raw/AIDER/normal/normal_image0945.jpg,784c2f8ea6055a9a03d9b405e9d77df2,left out by the 1000-image subsample
not_sampled,no_flood,,aider_raw/AIDER/normal/normal_image0946.jpg,4cfffdd12a43f29e3e9051ceba2e3efe,left out by the 1000-image subsample
not_sampled,no_flood,,aider_raw/AIDER/normal/normal_image0947.jpg,75e5210d19347dd4dd389e50d2ee9c8c,left out by the 1000-image subsample
not_sampled,no_flood,,aider_raw/AIDER/normal/normal_image0950.jpg,386bc84fd2074f234e3da9154cf12652,left out by the 1000-image subsample
not_sampled,no_flood,,aider_raw/AIDER/normal/normal_image0953.jpg,e3b0e3f3b9e0dd0d26e3ae78aa716891,left out by the 1000-image subsample
not_sampled,no_flood,,aider_raw/AIDER/normal/normal_image0955.jpg,da8f499f37d99c43ad243693e12070ec,left out by the 1000-image subsample
not_sampled,no_flood,,aider_raw/AIDER/normal/normal_image0956.jpg,ecff2b49df412fc1662a6735d19b8331,left out by the 1000-image subsample
not_sampled,no_flood,,aider_raw/AIDER/normal/normal_image0957.jpg,ca69d3e2217c27988903aeed076800fc,left out by the 1000-image subsample
not_sampled,no_flood,,aider_raw/AIDER/normal/normal_image0958.jpg,8b639e0d8106620a8acf8fbaf9041ca8,left out by the 1000-image subsample
not_sampled,no_flood,,aider_raw/AIDER/normal/normal_image0959.jpg,2b0babe2593d4d67678e8253903c4faf,left out by the 1000-image subsample
not_sampled,no_flood,,aider_raw/AIDER/normal/normal_image0960.jpg,0577ef9a351080fd24846e8865fccc4e,left out by the 1000-image subsample
not_sampled,no_flood,,aider_raw/AIDER/normal/normal_image0962.jpg,332ca3304eeb21a9794235ad25c24b03,left out by the 1000-image subsample
not_sampled,no_flood,,aider_raw/AIDER/normal/normal_image0964.jpg,c9b7cc68ffb3eede098b91dd00b68f9b,left out by the 1000-image subsample
not_sampled,no_flood,,aider_raw/AIDER/normal/normal_image0965.jpg,61858546b28bd8a026aae625a84b9fa2,left out by the 1000-image subsample
not_sampled,no_flood,,aider_raw/AIDER/normal/normal_image0966.jpg,c9b98d088524fabb25496b478b836c0f,left out by the 1000-image subsample
not_sampled,no_flood,,aider_raw/AIDER/normal/normal_image0969.jpg,052b2b9d17750e173ca7bb108133e218,left out by the 1000-image subsample
not_sampled,no_flood,,aider_raw/AIDER/normal/normal_image0970.jpg,5a1b3c578344e37e3d95a2662256987f,left out by the 1000-image subsample
not_sampled,no_flood,,aider_raw/AIDER/normal/normal_image0971.jpg,198b6aa4142236244c42cd20bfa7c900,left out by the 1000-image subsample
not_sampled,no_flood,,aider_raw/AIDER/normal/normal_image0972.jpg,0146e796e188455a16038540c3dafa44,left out by the 1000-image subsample
not_sampled,no_flood,,aider_raw/AIDER/normal/normal_image0973.jpg,ecea591c96f5b51d49132fd70f1edb95,left out by the 1000-image subsample
not_sampled,no_flood,,aider_raw/AIDER/normal/normal_image0975.jpg,cd9dba8ada75caa4c60baf282cbfbff5,left out by the 1000-image subsample
not_sampled,no_flood,,aider_raw/AIDER/normal/normal_image0977.jpg,4f2770ba372dc69b4c834639f82e2aec,left out by the 1000-image subsample
not_sampled,no_flood,,aider_raw/AIDER/normal/normal_image0978.jpg,1fe29c76efed6fe55f00b6b55bb0a1c5,left out by the 1000-image subsample
not_sampled,no_flood,,aider_raw/AIDER/normal/normal_image0980.jpg,8d5deb7f0a6a46f5f639eb033005371c,left out by the 1000-image subsample
not_sampled,no_flood,,aider_raw/AIDER/normal/normal_image0981.jpg,d02bdb94e447e30c3072385a481de7ff,left out by the 1000-image subsample
not_sampled,no_flood,,aider_raw/AIDER/normal/normal_image0982.jpg,58e2e455cd7c8a99fe49d3a83f1a54ce,left out by the 1000-image subsample
not_sampled,no_flood,,aider_raw/AIDER/normal/normal_image0983.jpg,b5fa172dd6259df33b624d8f197ea652,left out by the 1000-image subsample
not_sampled,no_flood,,aider_raw/AIDER/normal/normal_image0986.jpg,141efcbf98d8b9ffceb6133ebbcf7a8b,left out by the 1000-image subsample
not_sampled,no_flood,,aider_raw/AIDER/normal/normal_image0989.jpg,639fede121b2adb05eb5ef9a4a1df329,left out by the 1000-image subsample
not_sampled,no_flood,,aider_raw/AIDER/normal/normal_image0990.jpg,18acfeaf0f8c5e81503e289c25159cd7,left out by the 1000-image subsample
not_sampled,no_flood,,aider_raw/AIDER/normal/normal_image0991.jpg,2dfc05fb59ff4b5866ca77ea6b5280b7,left out by the 1000-image subsample
not_sampled,no_flood,,aider_raw/AIDER/normal/normal_image0992.jpg,cdacb373f85053f7ee031fba2abaaafa,left out by the 1000-image subsample
not_sampled,no_flood,,aider_raw/AIDER/normal/normal_image0993.jpg,4b0a424fa28b31df667e6a39ab5dc27e,left out by the 1000-image subsample
not_sampled,no_flood,,aider_raw/AIDER/normal/normal_image0994.jpg,fe6b7270c7d07334e23c19314d6d037d,left out by the 1000-image subsample
not_sampled,no_flood,,aider_raw/AIDER/normal/normal_image0996.jpg,d9c76316917c9d381d6609217982a9bd,left out by the 1000-image subsample
not_sampled,no_flood,,aider_raw/AIDER/normal/normal_image0997.jpg,17c0e290a8652b47b27d3c6ad50f810b,left out by the 1000-image subsample
not_sampled,no_flood,,aider_raw/AIDER/normal/normal_image0999.jpg,9f4b26c386174138ad5c6d8927c5aa48,left out by the 1000-image subsample
not_sampled,no_flood,,aider_raw/AIDER/normal/normal_image1000.jpg,0bf37e4d450fb47e343ba839a9a4229d,left out by the 1000-image subsample
not_sampled,no_flood,,aider_raw/AIDER/normal/normal_image1001.jpg,1ed15121c842fcba29d152174099f147,left out by the 1000-image subsample
not_sampled,no_flood,,aider_raw/AIDER/normal/normal_image1002.jpg,0537d4f564bcfc986f768dda47ce5ec9,left out by the 1000-image subsample
not_sampled,no_flood,,aider_raw/AIDER/normal/normal_image1003.jpg,c6b0f9776f54cbfbd72b21b4801d1930,left out by the 1000-image subsample
not_sampled,no_flood,,aider_raw/AIDER/normal/normal_image1005.jpg,bd7574deae9a0497a59ad0f32fab3c19,left out by the 1000-image subsample
not_sampled,no_flood,,aider_raw/AIDER/normal/normal_image1008.jpg,fbfe6a910df7e3113e3aca771686f454,left out by the 1000-image subsample
not_sampled,no_flood,,aider_raw/AIDER/normal/normal_image1009.jpg,295998d0f1408b98a90272f55d166a09,left out by the 1000-image subsample
not_sampled,no_flood,,aider_raw/AIDER/normal/normal_image1010.jpg,30548d3cee09fcccbde51362d3b80f26,left out by the 1000-image subsample
not_sampled,no_flood,,aider_raw/AIDER/normal/normal_image1011.jpg,6e5b0be682417028409ea4960d17f1d5,left out by the 1000-image subsample
not_sampled,no_flood,,aider_raw/AIDER/normal/normal_image1012.jpg,d24547beb09e21567273daa9e345cd45,left out by the 1000-image subsample
not_sampled,no_flood,,aider_raw/AIDER/normal/normal_image1013.jpg,2f1ea04d2248d3f9d59ac26f7f7ab1ee,left out by the 1000-image subsample
not_sampled,no_flood,,aider_raw/AIDER/normal/normal_image1015.jpg,43a29618fb4d9b2de8e95127cbbd963b,left out by the 1000-image subsample
not_sampled,no_flood,,aider_raw/AIDER/normal/normal_image1016.jpg,da14651006051a7f5afae6c4979f2bbd,left out by the 1000-image subsample
not_sampled,no_flood,,aider_raw/AIDER/normal/normal_image1017.jpg,8fa32d2f78ba241ac2e5d45bd0b99248,left out by the 1000-image subsample
not_sampled,no_flood,,aider_raw/AIDER/normal/normal_image1019.jpg,9aa32d0ec7d4957c6aae2124644cb237,left out by the 1000-image subsample
not_sampled,no_flood,,aider_raw/AIDER/normal/normal_image1020.jpg,01fa83bca97d906482d89bde6bac4417,left out by the 1000-image subsample
not_sampled,no_flood,,aider_raw/AIDER/normal/normal_image1022.jpg,7ccbd304328fdd180825b6cc80102c84,left out by the 1000-image subsample
not_sampled,no_flood,,aider_raw/AIDER/normal/normal_image1024.jpg,a777ce6849343e86f48761b48128aab3,left out by the 1000-image subsample
not_sampled,no_flood,,aider_raw/AIDER/normal/normal_image1025.jpg,85a2673358b15ff00fa5149edd8b7bbc,left out by the 1000-image subsample
not_sampled,no_flood,,aider_raw/AIDER/normal/normal_image1026.jpg,d3b870e4f0f0cd7b3e67b9fe74a6ce9c,left out by the 1000-image subsample
not_sampled,no_flood,,aider_raw/AIDER/normal/normal_image1027.jpg,bc44ebf031acedc69030948b02c467fa,left out by the 1000-image subsample
not_sampled,no_flood,,aider_raw/AIDER/normal/normal_image1028.jpg,d2618cb473a9c6bbd0f1821fe9dde6be,left out by the 1000-image subsample
not_sampled,no_flood,,aider_raw/AIDER/normal/normal_image1029.jpg,3f5975b4c4264157726a5bffd4b91d97,left out by the 1000-image subsample
not_sampled,no_flood,,aider_raw/AIDER/normal/normal_image1030.jpg,a51d2f6b75525403108183f9505d6715,left out by the 1000-image subsample
not_sampled,no_flood,,aider_raw/AIDER/normal/normal_image1031.jpg,24dc11bea158be1dac09569ff479570b,left out by the 1000-image subsample
not_sampled,no_flood,,aider_raw/AIDER/normal/normal_image1032.jpg,7a6dc84a628f3ec317a165fef20cfed8,left out by the 1000-image subsample
not_sampled,no_flood,,aider_raw/AIDER/normal/normal_image1034.jpg,edd2fe3f40d937ba910ef92d93516518,left out by the 1000-image subsample
not_sampled,no_flood,,aider_raw/AIDER/normal/normal_image1035.jpg,967119e6525e0ca3220c9c99235f8062,left out by the 1000-image subsample
not_sampled,no_flood,,aider_raw/AIDER/normal/normal_image1041.jpg,173c6f189cd56a532f970de4972776d1,left out by the 1000-image subsample
not_sampled,no_flood,,aider_raw/AIDER/normal/normal_image1042.jpg,8ec3c39e3322a8d07ebec8161b10a580,left out by the 1000-image subsample
not_sampled,no_flood,,aider_raw/AIDER/normal/normal_image1044.jpg,c88f4fbe2962cb19156fd66c57b01373,left out by the 1000-image subsample
not_sampled,no_flood,,aider_raw/AIDER/normal/normal_image1045.jpg,d6e8c8047125935f13702a8d7e8407be,left out by the 1000-image subsample
not_sampled,no_flood,,aider_raw/AIDER/normal/normal_image1049.jpg,42cf89105578a5848defaabeac426296,left out by the 1000-image subsample
not_sampled,no_flood,,aider_raw/AIDER/normal/normal_image1052.jpg,be79e4c123d65d781b20762a00a07416,left out by the 1000-image subsample
not_sampled,no_flood,,aider_raw/AIDER/normal/normal_image1053.jpg,46fb15a7c6308eb49f5cde7d49a5e33e,left out by the 1000-image subsample
not_sampled,no_flood,,aider_raw/AIDER/normal/normal_image1054.jpg,f79b6482fd07950cdbdc054a55e7dc83,left out by the 1000-image subsample
not_sampled,no_flood,,aider_raw/AIDER/normal/normal_image1055.jpg,d63d5171e9323ba1f2de70a0cedf4e28,left out by the 1000-image subsample
not_sampled,no_flood,,aider_raw/AIDER/normal/normal_image1056.jpg,2a1cc33df95d8c66236e3ae854653878,left out by the 1000-image subsample
not_sampled,no_flood,,aider_raw/AIDER/normal/normal_image1057.jpg,fee58a9cdbd9290024c5f4e619d49704,left out by the 1000-image subsample
not_sampled,no_flood,,aider_raw/AIDER/normal/normal_image1058.jpg,b131fe9db8896963ce5829f4e164adfc,left out by the 1000-image subsample
not_sampled,no_flood,,aider_raw/AIDER/normal/normal_image1059.jpg,5f3ae89ca462068fb71520ce3bc4cbfe,left out by the 1000-image subsample
not_sampled,no_flood,,aider_raw/AIDER/normal/normal_image1060.jpg,3ed5ada0dd9ec55e9036916aa85ef652,left out by the 1000-image subsample
not_sampled,no_flood,,aider_raw/AIDER/normal/normal_image1062.jpg,718823ae4214d02b47fe40e9579b9c7a,left out by the 1000-image subsample
not_sampled,no_flood,,aider_raw/AIDER/normal/normal_image1063.jpg,71b5f5a7fbbd3c0756d12ba54ed05748,left out by the 1000-image subsample
not_sampled,no_flood,,aider_raw/AIDER/normal/normal_image1065.jpg,777b292b5694291084fec5cc2fee75c9,left out by the 1000-image subsample
not_sampled,no_flood,,aider_raw/AIDER/normal/normal_image1067.jpg,3177712ba3dd732506bdf13ac28978d4,left out by the 1000-image subsample
not_sampled,no_flood,,aider_raw/AIDER/normal/normal_image1068.jpg,a6b427419d41899bf257ebba0188ade9,left out by the 1000-image subsample
not_sampled,no_flood,,aider_raw/AIDER/normal/normal_image1070.jpg,05f0580555f6ea9823da823880a6dacf,left out by the 1000-image subsample
not_sampled,no_flood,,aider_raw/AIDER/normal/normal_image1072.jpg,86c1b645ec97e27cfca2bad588e0fc2b,left out by the 1000-image subsample
not_sampled,no_flood,,aider_raw/AIDER/normal/normal_image1074.jpg,10561ef4eb5699a158f7314b175afe50,left out by the 1000-image subsample
not_sampled,no_flood,,aider_raw/AIDER/normal/normal_image1075.jpg,85a2056658c7a08eed5545c3ede4b920,left out by the 1000-image subsample
not_sampled,no_flood,,aider_raw/AIDER/normal/normal_image1076.jpg,81106126b003b7dafce56ee09d44de28,left out by the 1000-image subsample
not_sampled,no_flood,,aider_raw/AIDER/normal/normal_image1077.jpg,6716fe8fae89d9e7194ee53e7579f048,left out by the 1000-image subsample
not_sampled,no_flood,,aider_raw/AIDER/normal/normal_image1081.jpg,b238389a2d44e313d9b71b43ddeac20d,left out by the 1000-image subsample
not_sampled,no_flood,,aider_raw/AIDER/normal/normal_image1083.jpg,bb79381b2f7bbe0516e7eecf7af27cd0,left out by the 1000-image subsample
not_sampled,no_flood,,aider_raw/AIDER/normal/normal_image1084.jpg,9a75b4b191cf418717dacd6352c21c1e,left out by the 1000-image subsample
not_sampled,no_flood,,aider_raw/AIDER/normal/normal_image1085.jpg,cb18aef9b67da423ac434054e75bae98,left out by the 1000-image subsample
not_sampled,no_flood,,aider_raw/AIDER/normal/normal_image1087.jpg,6f375bef7b2e7db933b75e69dc98a149,left out by the 1000-image subsample
not_sampled,no_flood,,aider_raw/AIDER/normal/normal_image1089.jpg,703a0be696184670d986c5c0357da306,left out by the 1000-image subsample
not_sampled,no_flood,,aider_raw/AIDER/normal/normal_image1090.jpg,9019f298dd3206848741bb822ba9f70e,left out by the 1000-image subsample
not_sampled,no_flood,,aider_raw/AIDER/normal/normal_image1094.jpg,52bf229814a7c965f9b1a9e219f6a1c6,left out by the 1000-image subsample
not_sampled,no_flood,,aider_raw/AIDER/normal/normal_image1095.jpg,123cdf1fbccd68e5142e69ed9f3375b4,left out by the 1000-image subsample
not_sampled,no_flood,,aider_raw/AIDER/normal/normal_image1096.jpg,1d5e78f97b652b92a454d043dca2ae5a,left out by the 1000-image subsample
not_sampled,no_flood,,aider_raw/AIDER/normal/normal_image1098.jpg,0e40b542ee9fde0738466b117aad5bd6,left out by the 1000-image subsample
not_sampled,no_flood,,aider_raw/AIDER/normal/normal_image1099.jpg,02f70680d1ff84f65af4c2fc24eedca5,left out by the 1000-image subsample
not_sampled,no_flood,,aider_raw/AIDER/normal/normal_image1100.jpg,493fd1ebd1264f9a640f2bf1dfbcb089,left out by the 1000-image subsample
not_sampled,no_flood,,aider_raw/AIDER/normal/normal_image1101.jpg,fb101ff9e8efb4361e651ab20c95808f,left out by the 1000-image subsample
not_sampled,no_flood,,aider_raw/AIDER/normal/normal_image1102.jpg,8da399ab420b8929d4115787d48b2091,left out by the 1000-image subsample
not_sampled,no_flood,,aider_raw/AIDER/normal/normal_image1103.jpg,efb01363e57a26ccf8ba81dca936f0b3,left out by the 1000-image subsample
not_sampled,no_flood,,aider_raw/AIDER/normal/normal_image1106.jpg,f08854db1a3999d6dd341b196b1e83a4,left out by the 1000-image subsample
not_sampled,no_flood,,aider_raw/AIDER/normal/normal_image1107.jpg,5a3d818401c048f58a9ec2aa8fd70fc4,left out by the 1000-image subsample
not_sampled,no_flood,,aider_raw/AIDER/normal/normal_image1109.jpg,a61c20341213790b9d0bb0962074e813,left out by the 1000-image subsample
not_sampled,no_flood,,aider_raw/AIDER/normal/normal_image1110.jpg,705b430e06aad680d54b3e8527779e01,left out by the 1000-image subsample
not_sampled,no_flood,,aider_raw/AIDER/normal/normal_image1111.jpg,d18a850109c44609f4450d6e6582f1cb,left out by the 1000-image subsample
not_sampled,no_flood,,aider_raw/AIDER/normal/normal_image1112.jpg,352c5fa5109a3abb8e1d69cc79bb8e50,left out by the 1000-image subsample
not_sampled,no_flood,,aider_raw/AIDER/normal/normal_image1113.jpg,5418c6cebe1da313036f5b62d7c40408,left out by the 1000-image subsample
not_sampled,no_flood,,aider_raw/AIDER/normal/normal_image1114.jpg,efadc8c3515c421e8f18996a115b13a1,left out by the 1000-image subsample
not_sampled,no_flood,,aider_raw/AIDER/normal/normal_image1115.jpg,cce31fe8c11a73497402479a574beb90,left out by the 1000-image subsample
not_sampled,no_flood,,aider_raw/AIDER/normal/normal_image1116.jpg,b17b58fa371e5f3baaaebb61d2a76324,left out by the 1000-image subsample
not_sampled,no_flood,,aider_raw/AIDER/normal/normal_image1117.jpg,05292dcf73cd651a3fdc8ef77a1c2455,left out by the 1000-image subsample
not_sampled,no_flood,,aider_raw/AIDER/normal/normal_image1118.jpg,ff70fa332d6cecf941ea496dc82842ed,left out by the 1000-image subsample
not_sampled,no_flood,,aider_raw/AIDER/normal/normal_image1120.jpg,bd53be9c90bfca86d25c2fe5af718085,left out by the 1000-image subsample
not_sampled,no_flood,,aider_raw/AIDER/normal/normal_image1122.jpg,cc0642acafbfabdc9de7de20fe997f5e,left out by the 1000-image subsample
not_sampled,no_flood,,aider_raw/AIDER/normal/normal_image1126.jpg,1d72b598948186e9553b93205931d7ce,left out by the 1000-image subsample
not_sampled,no_flood,,aider_raw/AIDER/normal/normal_image1128.jpg,c38036cb145327b72cffc582d94fdcda,left out by the 1000-image subsample
not_sampled,no_flood,,aider_raw/AIDER/normal/normal_image1129.jpg,c4bdaa682d5e30e088e79a924b28b134,left out by the 1000-image subsample
not_sampled,no_flood,,aider_raw/AIDER/normal/normal_image1130.jpg,551d7f8991d9ba4d5ff63e410ec60767,left out by the 1000-image subsample
not_sampled,no_flood,,aider_raw/AIDER/normal/normal_image1132.jpg,d09f7ceb49c416a986c4ec7d18160cc7,left out by the 1000-image subsample
not_sampled,no_flood,,aider_raw/AIDER/normal/normal_image1134.jpg,e79a20dd287883b3f014093aff74e87d,left out by the 1000-image subsample
not_sampled,no_flood,,aider_raw/AIDER/normal/normal_image1135.jpg,3d8fac1d5454a34e0528f8117a05cca3,left out by the 1000-image subsample
not_sampled,no_flood,,aider_raw/AIDER/normal/normal_image1136.jpg,a6d96674920d7e00bf282a03cb9a7553,left out by the 1000-image subsample
not_sampled,no_flood,,aider_raw/AIDER/normal/normal_image1137.jpg,b97369bf18c4db390461be9461012250,left out by the 1000-image subsample
not_sampled,no_flood,,aider_raw/AIDER/normal/normal_image1139.jpg,9ce6e7e3a70661ed30931fd39f30fab9,left out by the 1000-image subsample
not_sampled,no_flood,,aider_raw/AIDER/normal/normal_image1140.jpg,34cc28126f50652f434b8a4f2379920d,left out by the 1000-image subsample
not_sampled,no_flood,,aider_raw/AIDER/normal/normal_image1142.jpg,c941290509892169725e88ec85b2f589,left out by the 1000-image subsample
not_sampled,no_flood,,aider_raw/AIDER/normal/normal_image1143.jpg,13b3fe5454ffdda0a4d971fef9e8fbf3,left out by the 1000-image subsample
not_sampled,no_flood,,aider_raw/AIDER/normal/normal_image1144.jpg,6fc78df719a03e9260e876012f702708,left out by the 1000-image subsample
not_sampled,no_flood,,aider_raw/AIDER/normal/normal_image1145.jpg,a0f2a1ec3eed27c0864b82614140de15,left out by the 1000-image subsample
not_sampled,no_flood,,aider_raw/AIDER/normal/normal_image1146.jpg,b4f6a53ae1438b96e4df531b289d0275,left out by the 1000-image subsample
not_sampled,no_flood,,aider_raw/AIDER/normal/normal_image1147.jpg,608bc8a10699671d7feaee481240bddb,left out by the 1000-image subsample
not_sampled,no_flood,,aider_raw/AIDER/normal/normal_image1148.jpg,7f64ceaa71e822811c5f1a9a03d91753,left out by the 1000-image subsample
not_sampled,no_flood,,aider_raw/AIDER/normal/normal_image1149.jpg,2d7bc2c861abadce557d6b2a1cc7b938,left out by the 1000-image subsample
not_sampled,no_flood,,aider_raw/AIDER/normal/normal_image1150.jpg,8a07b1881ed772568d44143b62353f4f,left out by the 1000-image subsample
not_sampled,no_flood,,aider_raw/AIDER/normal/normal_image1151.jpg,d02f5245b741c22445685ac87b9e0a6f,left out by the 1000-image subsample
not_sampled,no_flood,,aider_raw/AIDER/normal/normal_image1152.jpg,7838d67e3db38823fe7b1461fc922de3,left out by the 1000-image subsample
not_sampled,no_flood,,aider_raw/AIDER/normal/normal_image1153.jpg,49e1dd68cc557ae2e6ef93718aa9f641,left out by the 1000-image subsample
not_sampled,no_flood,,aider_raw/AIDER/normal/normal_image1156.jpg,84e575ffead652fcf48d5639b4155e04,left out by the 1000-image subsample
not_sampled,no_flood,,aider_raw/AIDER/normal/normal_image1158.jpg,3cd353c323068af2e1bd049f8f00bf41,left out by the 1000-image subsample
not_sampled,no_flood,,aider_raw/AIDER/normal/normal_image1159.jpg,b5fdeb0615b850eb822a043cc4aedd02,left out by the 1000-image subsample
not_sampled,no_flood,,aider_raw/AIDER/normal/normal_image1160.jpg,94043f253aca469a39ca50a6d9b539b2,left out by the 1000-image subsample
not_sampled,no_flood,,aider_raw/AIDER/normal/normal_image1161.jpg,05a293d81c95c001448737a75f17dd99,left out by the 1000-image subsample
not_sampled,no_flood,,aider_raw/AIDER/normal/normal_image1162.jpg,54e757789366f17784311ecb79f0972d,left out by the 1000-image subsample
not_sampled,no_flood,,aider_raw/AIDER/normal/normal_image1163.jpg,3fdce6c1d6833256539255bedc73b03c,left out by the 1000-image subsample
not_sampled,no_flood,,aider_raw/AIDER/normal/normal_image1165.jpg,c7a7536022721493d9d02e55c733ce61,left out by the 1000-image subsample
not_sampled,no_flood,,aider_raw/AIDER/normal/normal_image1166.jpg,7bd63de593cccc34c3e3c9d3a61eb9b2,left out by the 1000-image subsample
not_sampled,no_flood,,aider_raw/AIDER/normal/normal_image1167.jpg,fce1b0916960242ce8bf659c62beb0db,left out by the 1000-image subsample
not_sampled,no_flood,,aider_raw/AIDER/normal/normal_image1168.jpg,a29c9d8e06a58b286a0f640c3d3f0b57,left out by the 1000-image subsample
not_sampled,no_flood,,aider_raw/AIDER/normal/normal_image1173.jpg,80195450ebe2d25b7e20275c64763e20,left out by the 1000-image subsample
not_sampled,no_flood,,aider_raw/AIDER/normal/normal_image1174.jpg,d86c765b7c810de8acfe74ee7a3e798b,left out by the 1000-image subsample
not_sampled,no_flood,,aider_raw/AIDER/normal/normal_image1175.jpg,5d00b423d7f91319611f0a527042ec58,left out by the 1000-image subsample
not_sampled,no_flood,,aider_raw/AIDER/normal/normal_image1177.jpg,f48c9bd75e103b22d24901b4f813e67f,left out by the 1000-image subsample
not_sampled,no_flood,,aider_raw/AIDER/normal/normal_image1179.jpg,8a78f14bc4fdd0bb1761111845616ee8,left out by the 1000-image subsample
not_sampled,no_flood,,aider_raw/AIDER/normal/normal_image1180.jpg,d7c4c75b73068dd591b8e544c2acaa9f,left out by the 1000-image subsample
not_sampled,no_flood,,aider_raw/AIDER/normal/normal_image1181.jpg,b3f967eb970766b533c03e2493e41565,left out by the 1000-image subsample
not_sampled,no_flood,,aider_raw/AIDER/normal/normal_image1182.jpg,bfaca030a0a4da58741006fd2472a630,left out by the 1000-image subsample
not_sampled,no_flood,,aider_raw/AIDER/normal/normal_image1184.jpg,b496acbe86a6d7a04e9bf55ae71bf07b,left out by the 1000-image subsample
not_sampled,no_flood,,aider_raw/AIDER/normal/normal_image1185.jpg,1da78f68d57e378fb1882baa36900049,left out by the 1000-image subsample
not_sampled,no_flood,,aider_raw/AIDER/normal/normal_image1186.jpg,73dd79ed97d33472ecafac672e72afe1,left out by the 1000-image subsample
not_sampled,no_flood,,aider_raw/AIDER/normal/normal_image1188.jpg,a004e7e7d04c7d9c6add38f02a5499a6,left out by the 1000-image subsample
not_sampled,no_flood,,aider_raw/AIDER/normal/normal_image1189.jpg,f2703f5b113e7a02a306fe69f9787481,left out by the 1000-image subsample
not_sampled,no_flood,,aider_raw/AIDER/normal/normal_image1190.jpg,df2430eaf53b9256d443956bef4e7097,left out by the 1000-image subsample
not_sampled,no_flood,,aider_raw/AIDER/normal/normal_image1193.jpg,41ab4cf898ef475662e546bd260ef55e,left out by the 1000-image subsample
not_sampled,no_flood,,aider_raw/AIDER/normal/normal_image1198.jpg,d3329c46f0c2f01b8dd9d1a94d339797,left out by the 1000-image subsample
not_sampled,no_flood,,aider_raw/AIDER/normal/normal_image1199.jpg,6e32ec726d177dc99945c557f8c911af,left out by the 1000-image subsample
not_sampled,no_flood,,aider_raw/AIDER/normal/normal_image1200.jpg,e295cd1d213874db09a4ebffc2c44f7d,left out by the 1000-image subsample
not_sampled,no_flood,,aider_raw/AIDER/normal/normal_image1201.jpg,3b47ffe2276fb92c071ac676f32a0883,left out by the 1000-image subsample
not_sampled,no_flood,,aider_raw/AIDER/normal/normal_image1202.jpg,1e6b55ec242543ef5ec4e14212116481,left out by the 1000-image subsample
not_sampled,no_flood,,aider_raw/AIDER/normal/normal_image1203.jpg,64390cb016a935144f667a991c0c2d18,left out by the 1000-image subsample
not_sampled,no_flood,,aider_raw/AIDER/normal/normal_image1205.jpg,6e1fd3fa0be83e7cd5ca4b4306d040cf,left out by the 1000-image subsample
not_sampled,no_flood,,aider_raw/AIDER/normal/normal_image1206.jpg,82d854905473dec6320db613fb5753c9,left out by the 1000-image subsample
not_sampled,no_flood,,aider_raw/AIDER/normal/normal_image1207.jpg,d0aae9e0a7f4060ec03bc7deff9680c7,left out by the 1000-image subsample
not_sampled,no_flood,,aider_raw/AIDER/normal/normal_image1208.jpg,bf31e35ef3b0797c72c5c1b2b7c1718d,left out by the 1000-image subsample
not_sampled,no_flood,,aider_raw/AIDER/normal/normal_image1210.jpg,0a0dfcf41c9c9073d99a31582087431b,left out by the 1000-image subsample
not_sampled,no_flood,,aider_raw/AIDER/normal/normal_image1211.jpg,32559e12099096cbaa2a41d34c77064c,left out by the 1000-image subsample
not_sampled,no_flood,,aider_raw/AIDER/normal/normal_image1212.jpg,10276009c56ceb5330b08d9fb2b03f82,left out by the 1000-image subsample
not_sampled,no_flood,,aider_raw/AIDER/normal/normal_image1213.jpg,d3cb1e23dd8d417e036dfb714a8a197a,left out by the 1000-image subsample
not_sampled,no_flood,,aider_raw/AIDER/normal/normal_image1215.jpg,2709ebf5788c400951fedb9e8896ddfd,left out by the 1000-image subsample
not_sampled,no_flood,,aider_raw/AIDER/normal/normal_image1216.jpg,b4306b61672b38f90b515eaa6249d9d5,left out by the 1000-image subsample
not_sampled,no_flood,,aider_raw/AIDER/normal/normal_image1217.jpg,a45b57f802d294d9c087644c191d2ad5,left out by the 1000-image subsample
not_sampled,no_flood,,aider_raw/AIDER/normal/normal_image1218.jpg,de4d2b1ebf87ddb1076597d499ef17b8,left out by the 1000-image subsample
not_sampled,no_flood,,aider_raw/AIDER/normal/normal_image1220.jpg,4134ab1950dd0e1587c805ca0af0520a,left out by the 1000-image subsample
not_sampled,no_flood,,aider_raw/AIDER/normal/normal_image1222.jpg,714c68544574dc75cf7175f321b57678,left out by the 1000-image subsample
not_sampled,no_flood,,aider_raw/AIDER/normal/normal_image1223.jpg,88eac3a54d1ead643781c3eedc674e8e,left out by the 1000-image subsample
not_sampled,no_flood,,aider_raw/AIDER/normal/normal_image1225.jpg,0b48661baf28450f8ba4738dfc408aa1,left out by the 1000-image subsample
not_sampled,no_flood,,aider_raw/AIDER/normal/normal_image1227.jpg,05890d7c6c0af0a2d58b54746bacc726,left out by the 1000-image subsample
not_sampled,no_flood,,aider_raw/AIDER/normal/normal_image1230.jpg,9437faed15350d8077f3a8a642fbce39,left out by the 1000-image subsample
not_sampled,no_flood,,aider_raw/AIDER/normal/normal_image1231.jpg,c984794dcd2ef4295f811ace4e0bae45,left out by the 1000-image subsample
not_sampled,no_flood,,aider_raw/AIDER/normal/normal_image1235.jpg,7a095362c161ad85bc758f81049d1ddf,left out by the 1000-image subsample
not_sampled,no_flood,,aider_raw/AIDER/normal/normal_image1237.jpg,26beb1531eb7e0b46882907255a488ca,left out by the 1000-image subsample
not_sampled,no_flood,,aider_raw/AIDER/normal/normal_image1238.jpg,11c9c5af96b8f3be1e2fdc411fac9b76,left out by the 1000-image subsample
not_sampled,no_flood,,aider_raw/AIDER/normal/normal_image1239.jpg,93becd7f2119db6393f5296836daea00,left out by the 1000-image subsample
not_sampled,no_flood,,aider_raw/AIDER/normal/normal_image1241.jpg,474769952662a38a4fe09ae9b651e96e,left out by the 1000-image subsample
not_sampled,no_flood,,aider_raw/AIDER/normal/normal_image1242.jpg,b74686607f641652227ee9e454e5c39f,left out by the 1000-image subsample
not_sampled,no_flood,,aider_raw/AIDER/normal/normal_image1246.jpg,243c37f30c5d6a93238a3f726c8d2e12,left out by the 1000-image subsample
not_sampled,no_flood,,aider_raw/AIDER/normal/normal_image1247.jpg,e91ca6ff8f9f1d1408b399ba4429bdf3,left out by the 1000-image subsample
not_sampled,no_flood,,aider_raw/AIDER/normal/normal_image1248.jpg,01891edc08e1de42cd4777b6b6095e8d,left out by the 1000-image subsample
not_sampled,no_flood,,aider_raw/AIDER/normal/normal_image1249.jpg,135c361b7d3bea84d4dc014e2da7d8d6,left out by the 1000-image subsample
not_sampled,no_flood,,aider_raw/AIDER/normal/normal_image1250.jpg,cf609848b3dcc3ce1d1c5625630fd112,left out by the 1000-image subsample
not_sampled,no_flood,,aider_raw/AIDER/normal/normal_image1251.jpg,484aa228b62469007c225d44d169491d,left out by the 1000-image subsample
not_sampled,no_flood,,aider_raw/AIDER/normal/normal_image1252.jpg,4b5e0169561faf8140e0a62985b036b6,left out by the 1000-image subsample
not_sampled,no_flood,,aider_raw/AIDER/normal/normal_image1253.jpg,4971597360eeb1fc3e0e2e65a3e79d1f,left out by the 1000-image subsample
not_sampled,no_flood,,aider_raw/AIDER/normal/normal_image1257.jpg,e5f60ca8b20a2b416ff157bcb7d4dab0,left out by the 1000-image subsample
not_sampled,no_flood,,aider_raw/AIDER/normal/normal_image1261.jpg,aeaa83195c36bcf7a252afecaecb782d,left out by the 1000-image subsample
not_sampled,no_flood,,aider_raw/AIDER/normal/normal_image1264.jpg,b453a0cd77ddc3777ec54d3f15c8137e,left out by the 1000-image subsample
not_sampled,no_flood,,aider_raw/AIDER/normal/normal_image1271.jpg,9e8b091952df33fc199d7840e522db59,left out by the 1000-image subsample
not_sampled,no_flood,,aider_raw/AIDER/normal/normal_image1273.jpg,db91fdd30ac3efd9edf86701c4d3e2db,left out by the 1000-image subsample
not_sampled,no_flood,,aider_raw/AIDER/normal/normal_image1274.jpg,c4854f57725621bf9a2c48ecfc336586,left out by the 1000-image subsample
not_sampled,no_flood,,aider_raw/AIDER/normal/normal_image1275.jpg,c5ee98f721c6e6b2a3a06cf0358e6188,left out by the 1000-image subsample
not_sampled,no_flood,,aider_raw/AIDER/normal/normal_image1277.jpg,4a199c926e5c3c1c18d09113b9c1c2b1,left out by the 1000-image subsample
not_sampled,no_flood,,aider_raw/AIDER/normal/normal_image1278.jpg,6588d9a14d8435d9e3b5fc71be0329f1,left out by the 1000-image subsample
not_sampled,no_flood,,aider_raw/AIDER/normal/normal_image1279.jpg,1da8b9c6287955514289b8a83f8704d0,left out by the 1000-image subsample
not_sampled,no_flood,,aider_raw/AIDER/normal/normal_image1280.jpg,1be0625c3543d516bf0b71ac0da99330,left out by the 1000-image subsample
not_sampled,no_flood,,aider_raw/AIDER/normal/normal_image1281.jpg,f103e8c40a62c3bc77e13bc8f47ead31,left out by the 1000-image subsample
not_sampled,no_flood,,aider_raw/AIDER/normal/normal_image1285.jpg,74cd9920cd6167e1bd7b445501ba4a82,left out by the 1000-image subsample
not_sampled,no_flood,,aider_raw/AIDER/normal/normal_image1286.jpg,feb8425b6c887813fd30c9fca8f6e047,left out by the 1000-image subsample
not_sampled,no_flood,,aider_raw/AIDER/normal/normal_image1288.jpg,8269bf2fbf3d50222a46d116dcde42ab,left out by the 1000-image subsample
not_sampled,no_flood,,aider_raw/AIDER/normal/normal_image1289.jpg,2dd1ab83d63b0da7173d8216996f6b36,left out by the 1000-image subsample
not_sampled,no_flood,,aider_raw/AIDER/normal/normal_image1290.jpg,fba7d63a9bb0b4ad7b8aa75d28c7220f,left out by the 1000-image subsample
not_sampled,no_flood,,aider_raw/AIDER/normal/normal_image1292.jpg,51497dcd3440ab30979c8b15c2333715,left out by the 1000-image subsample
not_sampled,no_flood,,aider_raw/AIDER/normal/normal_image1293.jpg,5e077e431634a93f2f0517f12ca01419,left out by the 1000-image subsample
not_sampled,no_flood,,aider_raw/AIDER/normal/normal_image1294.jpg,303f93144e6249e8f159bfa1a81c35db,left out by the 1000-image subsample
not_sampled,no_flood,,aider_raw/AIDER/normal/normal_image1295.jpg,83d327c68f56e65417769714f4196de0,left out by the 1000-image subsample
not_sampled,no_flood,,aider_raw/AIDER/normal/normal_image1296.jpg,054d5044a82072eae72118e0c13fe5a9,left out by the 1000-image subsample
not_sampled,no_flood,,aider_raw/AIDER/normal/normal_image1299.jpg,fdb422707e565c5f1187402b9dd4279d,left out by the 1000-image subsample
not_sampled,no_flood,,aider_raw/AIDER/normal/normal_image1301.jpg,68800a3288fb2ac95f168c197870cf72,left out by the 1000-image subsample
not_sampled,no_flood,,aider_raw/AIDER/normal/normal_image1302.jpg,e064e074c05eccb342b218b1358d9ada,left out by the 1000-image subsample
not_sampled,no_flood,,aider_raw/AIDER/normal/normal_image1303.jpg,6674693a7214a7d0cca9d57cacbcb161,left out by the 1000-image subsample
not_sampled,no_flood,,aider_raw/AIDER/normal/normal_image1306.jpg,99916e6706df3e56547478a34a8a3a47,left out by the 1000-image subsample
not_sampled,no_flood,,aider_raw/AIDER/normal/normal_image1307.jpg,dbd8f2be63bbdd0ff8e0f039c4b9d2ea,left out by the 1000-image subsample
not_sampled,no_flood,,aider_raw/AIDER/normal/normal_image1309.jpg,b1dd00a118881d7137d518468959b685,left out by the 1000-image subsample
not_sampled,no_flood,,aider_raw/AIDER/normal/normal_image1310.jpg,b0cd1cb53e84a071cbb3c4792f82596d,left out by the 1000-image subsample
not_sampled,no_flood,,aider_raw/AIDER/normal/normal_image1311.jpg,08f2b463a3b6218cd199ae2fdc500b47,left out by the 1000-image subsample
not_sampled,no_flood,,aider_raw/AIDER/normal/normal_image1312.jpg,8f5528bce6c9940010fb4c014347da36,left out by the 1000-image subsample
not_sampled,no_flood,,aider_raw/AIDER/normal/normal_image1313.jpg,c162caa7e9f834c4dece9e7acbac7164,left out by the 1000-image subsample
not_sampled,no_flood,,aider_raw/AIDER/normal/normal_image1314.jpg,52ba00fd2da4feed1480c027eb73505e,left out by the 1000-image subsample
not_sampled,no_flood,,aider_raw/AIDER/normal/normal_image1315.jpg,fda90d10a5a4b6a98e0bc9688c423ab7,left out by the 1000-image subsample
not_sampled,no_flood,,aider_raw/AIDER/normal/normal_image1316.jpg,3fd91b6f3699b1d8637aa59fac14dab8,left out by the 1000-image subsample
not_sampled,no_flood,,aider_raw/AIDER/normal/normal_image1317.jpg,ec8c41771582df6d50ef3774fd7c171a,left out by the 1000-image subsample
not_sampled,no_flood,,aider_raw/AIDER/normal/normal_image1318.jpg,f1986beb9030da57dcffb0564d264819,left out by the 1000-image subsample
not_sampled,no_flood,,aider_raw/AIDER/normal/normal_image1320.jpg,a4a9dc9e38738084317a119c02a26198,left out by the 1000-image subsample
not_sampled,no_flood,,aider_raw/AIDER/normal/normal_image1324.jpg,58f66646e81d10704736e6b6f3ae45b5,left out by the 1000-image subsample
not_sampled,no_flood,,aider_raw/AIDER/normal/normal_image1325.jpg,7132377a486ac74f06fb45832630419c,left out by the 1000-image subsample
not_sampled,no_flood,,aider_raw/AIDER/normal/normal_image1327.jpg,edae3e0f589a5d6c9a77dfce7d575054,left out by the 1000-image subsample
not_sampled,no_flood,,aider_raw/AIDER/normal/normal_image1328.jpg,e15cbf24e95bc8d8b6738ef10ca531b1,left out by the 1000-image subsample
not_sampled,no_flood,,aider_raw/AIDER/normal/normal_image1331.jpg,019ecbb71865bde8a6520929b270bb5b,left out by the 1000-image subsample
not_sampled,no_flood,,aider_raw/AIDER/normal/normal_image1332.jpg,02ae70daf247df17b8ce2c4de721b88c,left out by the 1000-image subsample
not_sampled,no_flood,,aider_raw/AIDER/normal/normal_image1333.jpg,673d6253d44855e9a64f9d4f9fa72323,left out by the 1000-image subsample
not_sampled,no_flood,,aider_raw/AIDER/normal/normal_image1335.jpg,3d92e1454b2ac354f812812ae1e45b00,left out by the 1000-image subsample
not_sampled,no_flood,,aider_raw/AIDER/normal/normal_image1336.jpg,5dab99f86c93d79d75ab57905deed130,left out by the 1000-image subsample
not_sampled,no_flood,,aider_raw/AIDER/normal/normal_image1339.jpg,9946565c5ab12348fe2cec9bf7e19250,left out by the 1000-image subsample
not_sampled,no_flood,,aider_raw/AIDER/normal/normal_image1344.jpg,7a77f3c0cc75f3386bd3b883ff7374c1,left out by the 1000-image subsample
not_sampled,no_flood,,aider_raw/AIDER/normal/normal_image1345.jpg,676ef032b228b79b23a4e52e9f6e66a3,left out by the 1000-image subsample
not_sampled,no_flood,,aider_raw/AIDER/normal/normal_image1346.jpg,ce421b2d2d083bc121cecfccfe62c34c,left out by the 1000-image subsample
not_sampled,no_flood,,aider_raw/AIDER/normal/normal_image1347.jpg,1fc77e73e1902b6db35f9fb9d32b2db3,left out by the 1000-image subsample
not_sampled,no_flood,,aider_raw/AIDER/normal/normal_image1348.jpg,a05c52102360b82591a34334bde2595e,left out by the 1000-image subsample
not_sampled,no_flood,,aider_raw/AIDER/normal/normal_image1349.jpg,c31dacf63ed2ee87a753ca85c9b83486,left out by the 1000-image subsample
not_sampled,no_flood,,aider_raw/AIDER/normal/normal_image1350.jpg,1d67e91dde238a4356eab392c39d2b17,left out by the 1000-image subsample
not_sampled,no_flood,,aider_raw/AIDER/normal/normal_image1351.jpg,816f3fcfcbe6ad87c8929edd7b836f3e,left out by the 1000-image subsample
not_sampled,no_flood,,aider_raw/AIDER/normal/normal_image1353.jpg,5ea6a290fa0d34e5f92d2baf7a1e9d97,left out by the 1000-image subsample
not_sampled,no_flood,,aider_raw/AIDER/normal/normal_image1354.jpg,2e43bc15f471c53d5f62a10d7a456a56,left out by the 1000-image subsample
not_sampled,no_flood,,aider_raw/AIDER/normal/normal_image1355.jpg,4671e25e3a7d602f9e34442aab5b8261,left out by the 1000-image subsample
not_sampled,no_flood,,aider_raw/AIDER/normal/normal_image1356.jpg,da629bbddcad0cff497e12de2d76fff2,left out by the 1000-image subsample
not_sampled,no_flood,,aider_raw/AIDER/normal/normal_image1357.jpg,8dbf92b2eb852006432e84bb720e4e3f,left out by the 1000-image subsample
not_sampled,no_flood,,aider_raw/AIDER/normal/normal_image1358.jpg,574806c42e35be906fddd356e3df66b6,left out by the 1000-image subsample
not_sampled,no_flood,,aider_raw/AIDER/normal/normal_image1361.jpg,1d4899858afacbc1e282b1252baa60e2,left out by the 1000-image subsample
not_sampled,no_flood,,aider_raw/AIDER/normal/normal_image1362.jpg,95d18632e9e8b396969f2d9cfe1f40a1,left out by the 1000-image subsample
not_sampled,no_flood,,aider_raw/AIDER/normal/normal_image1364.jpg,50d35a8040ac973b89e8dc02c5b8da3a,left out by the 1000-image subsample
not_sampled,no_flood,,aider_raw/AIDER/normal/normal_image1365.jpg,caff4a33738064a61337ccd10e27d90a,left out by the 1000-image subsample
not_sampled,no_flood,,aider_raw/AIDER/normal/normal_image1366.jpg,c27ec102409db967c4e4ad6e450d2195,left out by the 1000-image subsample
not_sampled,no_flood,,aider_raw/AIDER/normal/normal_image1367.jpg,435ba0d8c66f9e20fc41754505fa765a,left out by the 1000-image subsample
not_sampled,no_flood,,aider_raw/AIDER/normal/normal_image1368.jpg,14edd34d295283e38f7e0475a3e26f23,left out by the 1000-image subsample
not_sampled,no_flood,,aider_raw/AIDER/normal/normal_image1369.jpg,2505a74ccd578e1f457f6f6310e0de5a,left out by the 1000-image subsample
not_sampled,no_flood,,aider_raw/AIDER/normal/normal_image1371.jpg,1e560b17a7ba73fa697c231fa6883faa,left out by the 1000-image subsample
not_sampled,no_flood,,aider_raw/AIDER/normal/normal_image1372.jpg,902317efcc9a10633609445d80e39642,left out by the 1000-image subsample
not_sampled,no_flood,,aider_raw/AIDER/normal/normal_image1374.jpg,21ee6033ec2126f00ad227be454f9b99,left out by the 1000-image subsample
not_sampled,no_flood,,aider_raw/AIDER/normal/normal_image1375.jpg,0ae92a8b870634a7fb4561e0ec01f927,left out by the 1000-image subsample
not_sampled,no_flood,,aider_raw/AIDER/normal/normal_image1376.jpg,ef41a594ffe3092ec948cbcac7722f0e,left out by the 1000-image subsample
not_sampled,no_flood,,aider_raw/AIDER/normal/normal_image1377.jpg,8d226e489d2e76b5638e8a9d63d18841,left out by the 1000-image subsample
not_sampled,no_flood,,aider_raw/AIDER/normal/normal_image1378.jpg,441da59c0f045de75824eef26e3d36fe,left out by the 1000-image subsample
not_sampled,no_flood,,aider_raw/AIDER/normal/normal_image1379.jpg,9a8f7c93da6f0c16fad27c3ce5585a43,left out by the 1000-image subsample
not_sampled,no_flood,,aider_raw/AIDER/normal/normal_image1380.jpg,80cae94e541ef7555dd5af44f2630c76,left out by the 1000-image subsample
not_sampled,no_flood,,aider_raw/AIDER/normal/normal_image1381.jpg,8d67531b948adfdcd06e670016946c3a,left out by the 1000-image subsample
not_sampled,no_flood,,aider_raw/AIDER/normal/normal_image1382.jpg,4fc9cee129b7147f125908d293689bfb,left out by the 1000-image subsample
not_sampled,no_flood,,aider_raw/AIDER/normal/normal_image1383.jpg,3df7f2db0b0bff4cbc42e5587ec84de0,left out by the 1000-image subsample
not_sampled,no_flood,,aider_raw/AIDER/normal/normal_image1384.jpg,aa8d90427e10a3d024e457586503c533,left out by the 1000-image subsample
not_sampled,no_flood,,aider_raw/AIDER/normal/normal_image1385.jpg,b47f847693be9dc3d5e4be4c28c56b57,left out by the 1000-image subsample
not_sampled,no_flood,,aider_raw/AIDER/normal/normal_image1386.jpg,228f552e7f06c7024b9ba55b971c5e01,left out by the 1000-image subsample
not_sampled,no_flood,,aider_raw/AIDER/normal/normal_image1387.jpg,5c6c76ecb955eb2826784f580593b409,left out by the 1000-image subsample
not_sampled,no_flood,,aider_raw/AIDER/normal/normal_image1395.jpg,a88a3b466af5a045e5dbdc06e0824065,left out by the 1000-image subsample
not_sampled,no_flood,,aider_raw/AIDER/normal/normal_image1396.jpg,e542e9d1fa1e29557549000809e93c03,left out by the 1000-image subsample
not_sampled,no_flood,,aider_raw/AIDER/normal/normal_image1397.jpg,5f6978e8761cc23280466ce07a3cb0b2,left out by the 1000-image subsample
not_sampled,no_flood,,aider_raw/AIDER/normal/normal_image1399.jpg,71ebfffa7dce9699b59cdb22a3552394,left out by the 1000-image subsample
not_sampled,no_flood,,aider_raw/AIDER/normal/normal_image1400.jpg,ec201bb3f6941a51ae9f284387baf970,left out by the 1000-image subsample
not_sampled,no_flood,,aider_raw/AIDER/normal/normal_image1402.jpg,f432953b956d89198ff0d9aa9d4540df,left out by the 1000-image subsample
not_sampled,no_flood,,aider_raw/AIDER/normal/normal_image1403.jpg,aa7fe96bc56b9042b9dee84c8501afc7,left out by the 1000-image subsample
not_sampled,no_flood,,aider_raw/AIDER/normal/normal_image1404.jpg,f05d159bc0bbb2ac5c9854d2992cb422,left out by the 1000-image subsample
not_sampled,no_flood,,aider_raw/AIDER/normal/normal_image1405.jpg,02a45fbe2c0d5d618c9c120e685ad9d8,left out by the 1000-image subsample
not_sampled,no_flood,,aider_raw/AIDER/normal/normal_image1406.jpg,8c117e6553b5abca343213a4084a5b87,left out by the 1000-image subsample
not_sampled,no_flood,,aider_raw/AIDER/normal/normal_image1407.jpg,947dd1ddc4217ac37d9f09697f55aabd,left out by the 1000-image subsample
not_sampled,no_flood,,aider_raw/AIDER/normal/normal_image1408.jpg,65cc65bdd09711c752c68a5e7e537f5b,left out by the 1000-image subsample
not_sampled,no_flood,,aider_raw/AIDER/normal/normal_image1409.jpg,8d77e002152059e276722c1885345a47,left out by the 1000-image subsample
not_sampled,no_flood,,aider_raw/AIDER/normal/normal_image1410.jpg,00793dfb73f4da10f22e9339572af285,left out by the 1000-image subsample
not_sampled,no_flood,,aider_raw/AIDER/normal/normal_image1411.jpg,f5bd34fd5a5e49696c52311179999e6e,left out by the 1000-image subsample
not_sampled,no_flood,,aider_raw/AIDER/normal/normal_image1412.jpg,73dcca666aa2e6776bc19f66fda66ebc,left out by the 1000-image subsample
not_sampled,no_flood,,aider_raw/AIDER/normal/normal_image1414.jpg,c6e5d1793bd2a482e7fe471b34f7a105,left out by the 1000-image subsample
not_sampled,no_flood,,aider_raw/AIDER/normal/normal_image1415.jpg,5a2d2cc668f6e78e515138223b138844,left out by the 1000-image subsample
not_sampled,no_flood,,aider_raw/AIDER/normal/normal_image1416.jpg,394a113378b8ede81d873e03eeebdc57,left out by the 1000-image subsample
not_sampled,no_flood,,aider_raw/AIDER/normal/normal_image1418.jpg,5d92340dd968a8f4a681a955dc995f52,left out by the 1000-image subsample
not_sampled,no_flood,,aider_raw/AIDER/normal/normal_image1419.jpg,431d279f71071d83ac7e0054cde230a8,left out by the 1000-image subsample
not_sampled,no_flood,,aider_raw/AIDER/normal/normal_image1420.jpg,0c7a4543c5c21315f3710883d0b29d4b,left out by the 1000-image subsample
not_sampled,no_flood,,aider_raw/AIDER/normal/normal_image1421.jpg,596b362396177689a384a39de5fb3ccc,left out by the 1000-image subsample
not_sampled,no_flood,,aider_raw/AIDER/normal/normal_image1423.jpg,d4098577110ea7cf8a02e1252b796d45,left out by the 1000-image subsample
not_sampled,no_flood,,aider_raw/AIDER/normal/normal_image1424.jpg,4e16ae88290ed480e65ef168a4a25e0f,left out by the 1000-image subsample
not_sampled,no_flood,,aider_raw/AIDER/normal/normal_image1426.jpg,70e7c9e56b5dbe6d1eb87591a57b9d96,left out by the 1000-image subsample
not_sampled,no_flood,,aider_raw/AIDER/normal/normal_image1427.jpg,d1ac9415239d71ba0b5c9df5452f8969,left out by the 1000-image subsample
not_sampled,no_flood,,aider_raw/AIDER/normal/normal_image1429.jpg,4dddb2d0f6d55b7983ba14b9b8b1d837,left out by the 1000-image subsample
not_sampled,no_flood,,aider_raw/AIDER/normal/normal_image1430.jpg,8b290489e0e37ad3f5049df891a2d0f6,left out by the 1000-image subsample
not_sampled,no_flood,,aider_raw/AIDER/normal/normal_image1431.jpg,7ff5dda18e7cc59079023ba2b02ad780,left out by the 1000-image subsample
not_sampled,no_flood,,aider_raw/AIDER/normal/normal_image1433.jpg,58c92218d8a0b58c7289cdcaecbfff8e,left out by the 1000-image subsample
not_sampled,no_flood,,aider_raw/AIDER/normal/normal_image1434.jpg,510de486b4ebc55368307125190c3e50,left out by the 1000-image subsample
not_sampled,no_flood,,aider_raw/AIDER/normal/normal_image1435.jpg,440ff1b35046ac9f5e49455c042dd935,left out by the 1000-image subsample
not_sampled,no_flood,,aider_raw/AIDER/normal/normal_image1437.jpg,0d829758d7f332219ee5873f2ccc8bcd,left out by the 1000-image subsample
not_sampled,no_flood,,aider_raw/AIDER/normal/normal_image1438.jpg,03473fe42e7d4002dcd4ed641e7fb4e8,left out by the 1000-image subsample
not_sampled,no_flood,,aider_raw/AIDER/normal/normal_image1440.jpg,fc795490b40d4d801e98b074a1dc0d9e,left out by the 1000-image subsample
not_sampled,no_flood,,aider_raw/AIDER/normal/normal_image1441.jpg,0f0492a08695518b54e59d093b594f17,left out by the 1000-image subsample
not_sampled,no_flood,,aider_raw/AIDER/normal/normal_image1442.jpg,ede9975b43b2bf42166ad77cd17a930c,left out by the 1000-image subsample
not_sampled,no_flood,,aider_raw/AIDER/normal/normal_image1443.jpg,4d81e08f89d61d1aa0cd12d967ac9d8f,left out by the 1000-image subsample
not_sampled,no_flood,,aider_raw/AIDER/normal/normal_image1444.jpg,057b510be53efb353045104e6c8719d9,left out by the 1000-image subsample
not_sampled,no_flood,,aider_raw/AIDER/normal/normal_image1446.jpg,e4b7877c8a9d194e31004aceba4fe25b,left out by the 1000-image subsample
not_sampled,no_flood,,aider_raw/AIDER/normal/normal_image1447.jpg,0bfe371e18043c7700b41a1ec64d9ed4,left out by the 1000-image subsample
not_sampled,no_flood,,aider_raw/AIDER/normal/normal_image1448.jpg,e351a6c5fb09d00a41bc48f732873585,left out by the 1000-image subsample
not_sampled,no_flood,,aider_raw/AIDER/normal/normal_image1449.jpg,89713155a7ef45fb38734475444e22d5,left out by the 1000-image subsample
not_sampled,no_flood,,aider_raw/AIDER/normal/normal_image1450.jpg,b02ddb586acaa517acf3cc178db1715e,left out by the 1000-image subsample
not_sampled,no_flood,,aider_raw/AIDER/normal/normal_image1452.jpg,a6610c7c084cf72922763952c3b88073,left out by the 1000-image subsample
not_sampled,no_flood,,aider_raw/AIDER/normal/normal_image1453.jpg,bc426862bfc87982c2f3c1db9ae563da,left out by the 1000-image subsample
not_sampled,no_flood,,aider_raw/AIDER/normal/normal_image1454.jpg,b614f25f198b11da29a6560de713f71c,left out by the 1000-image subsample
not_sampled,no_flood,,aider_raw/AIDER/normal/normal_image1455.jpg,cb12b8732df9d94f125fb524f69b50d5,left out by the 1000-image subsample
not_sampled,no_flood,,aider_raw/AIDER/normal/normal_image1456.jpg,91ddb901b9ce193a91dd7a65ee8a4bcb,left out by the 1000-image subsample
not_sampled,no_flood,,aider_raw/AIDER/normal/normal_image1457.jpg,494388a207d449f99650271c894c6b45,left out by the 1000-image subsample
not_sampled,no_flood,,aider_raw/AIDER/normal/normal_image1458.jpg,b2684a10f0ec7fdbce8eef7f27247b36,left out by the 1000-image subsample
not_sampled,no_flood,,aider_raw/AIDER/normal/normal_image1459.jpg,ba849298ab6adfe050abf9f099929e11,left out by the 1000-image subsample
not_sampled,no_flood,,aider_raw/AIDER/normal/normal_image1460.jpg,633d44ab4ff82b61b23db978e36977f0,left out by the 1000-image subsample
not_sampled,no_flood,,aider_raw/AIDER/normal/normal_image1461.jpg,73a2045c8d4fbdf60d9bfa508ca05224,left out by the 1000-image subsample
not_sampled,no_flood,,aider_raw/AIDER/normal/normal_image1462.jpg,6aaea93dfdca515a642de44f908a071f,left out by the 1000-image subsample
not_sampled,no_flood,,aider_raw/AIDER/normal/normal_image1463.jpg,b8903b2f1e9e042a2f74e1f73bb73973,left out by the 1000-image subsample
not_sampled,no_flood,,aider_raw/AIDER/normal/normal_image1464.jpg,8176b029e5d7b96c9fca905ddafcab13,left out by the 1000-image subsample
not_sampled,no_flood,,aider_raw/AIDER/normal/normal_image1466.jpg,d76ff5d3f8421104058b7700411ca9d5,left out by the 1000-image subsample
not_sampled,no_flood,,aider_raw/AIDER/normal/normal_image1467.jpg,434ecc8e83c396ecfba130f7527b7bee,left out by the 1000-image subsample
not_sampled,no_flood,,aider_raw/AIDER/normal/normal_image1468.jpg,c850e8dee715c4a2338ecb3ac125b09c,left out by the 1000-image subsample
not_sampled,no_flood,,aider_raw/AIDER/normal/normal_image1469.jpg,6d35e395910f88bc268df357609236a0,left out by the 1000-image subsample
not_sampled,no_flood,,aider_raw/AIDER/normal/normal_image1470.jpg,0ac70857e768f64736cb17b3105d0424,left out by the 1000-image subsample
not_sampled,no_flood,,aider_raw/AIDER/normal/normal_image1473.jpg,6d40de69c14ba0bcc6c3fa49d5106a92,left out by the 1000-image subsample
not_sampled,no_flood,,aider_raw/AIDER/normal/normal_image1474.jpg,53d3fb6e19b15110c38bf00095eec766,left out by the 1000-image subsample
not_sampled,no_flood,,aider_raw/AIDER/normal/normal_image1475.jpg,aa53b31d984898058a5306d0d01ce85b,left out by the 1000-image subsample
not_sampled,no_flood,,aider_raw/AIDER/normal/normal_image1476.jpg,933b408f3c5e25aafbd70721a41b4fe1,left out by the 1000-image subsample
not_sampled,no_flood,,aider_raw/AIDER/normal/normal_image1477.jpg,16e1bdaaf509d20c2a8762d5037e5645,left out by the 1000-image subsample
not_sampled,no_flood,,aider_raw/AIDER/normal/normal_image1478.jpg,f393c612667db92aca7b509c96e89ca4,left out by the 1000-image subsample
not_sampled,no_flood,,aider_raw/AIDER/normal/normal_image1479.jpg,bb4e8e9da833b425dffb372efc3d2880,left out by the 1000-image subsample
not_sampled,no_flood,,aider_raw/AIDER/normal/normal_image1480.jpg,b1d76ae172039add0f842d5f90747fc5,left out by the 1000-image subsample
not_sampled,no_flood,,aider_raw/AIDER/normal/normal_image1482.jpg,8c285bf3b05956d0ca67ce2b1702e12a,left out by the 1000-image subsample
not_sampled,no_flood,,aider_raw/AIDER/normal/normal_image1483.jpg,272f8dad844eee318d94e7395f5e540b,left out by the 1000-image subsample
not_sampled,no_flood,,aider_raw/AIDER/normal/normal_image1484.jpg,30633180de0dc161c3a22304304112f9,left out by the 1000-image subsample
not_sampled,no_flood,,aider_raw/AIDER/normal/normal_image1485.jpg,64206bbdcc68159201d242a4eb9c1145,left out by the 1000-image subsample
not_sampled,no_flood,,aider_raw/AIDER/normal/normal_image1486.jpg,2d6a53884c39655926f807e9902abbff,left out by the 1000-image subsample
not_sampled,no_flood,,aider_raw/AIDER/normal/normal_image1487.jpg,c6bcca15f485be8c8d945c45e3ba1fa5,left out by the 1000-image subsample
not_sampled,no_flood,,aider_raw/AIDER/normal/normal_image1489.jpg,3319a5504e8f6b0b1fde371a73f3f21b,left out by the 1000-image subsample
not_sampled,no_flood,,aider_raw/AIDER/normal/normal_image1490.jpg,b061e71f3a0a7d90a0a040fbb6ccb635,left out by the 1000-image subsample
not_sampled,no_flood,,aider_raw/AIDER/normal/normal_image1491.jpg,20d6d1b2fdab29e90b50306fe2ebb920,left out by the 1000-image subsample
not_sampled,no_flood,,aider_raw/AIDER/normal/normal_image1493.jpg,0dd63c8ca5e9c7b154c237b0b3f545c9,left out by the 1000-image subsample
not_sampled,no_flood,,aider_raw/AIDER/normal/normal_image1494.jpg,62dcef5a4664f0aa4017085a4a918dc0,left out by the 1000-image subsample
not_sampled,no_flood,,aider_raw/AIDER/normal/normal_image1495.jpg,b13c275f5b05e6d833c86d2dbc86f485,left out by the 1000-image subsample
not_sampled,no_flood,,aider_raw/AIDER/normal/normal_image1496.jpg,165f74afe0b2159b5b2dbfbee5c13381,left out by the 1000-image subsample
not_sampled,no_flood,,aider_raw/AIDER/normal/normal_image1497.jpg,994a33dc8f2badf3128b69af01687044,left out by the 1000-image subsample
not_sampled,no_flood,,aider_raw/AIDER/normal/normal_image1498.jpg,c66c450a24be284175b1ed7f504e06cc,left out by the 1000-image subsample
not_sampled,no_flood,,aider_raw/AIDER/normal/normal_image1499.jpg,b39d8b46e9eebe4aab757b268a965312,left out by the 1000-image subsample
not_sampled,no_flood,,aider_raw/AIDER/normal/normal_image1500.jpg,5df47a0d5a842cf03ccdc7bde269fb3b,left out by the 1000-image subsample
not_sampled,no_flood,,aider_raw/AIDER/normal/normal_image1501.jpg,c3690e16bb45b3b6a8a26370566d1bec,left out by the 1000-image subsample
not_sampled,no_flood,,aider_raw/AIDER/normal/normal_image1502.jpg,f8a986cc81b8b8d27ad2917e80a2e2a9,left out by the 1000-image subsample
not_sampled,no_flood,,aider_raw/AIDER/normal/normal_image1503.jpg,b3a0807cae0696c701b7be78211f7308,left out by the 1000-image subsample
not_sampled,no_flood,,aider_raw/AIDER/normal/normal_image1504.jpg,9969c7a7c209ead4101b6115b183b6c4,left out by the 1000-image subsample
not_sampled,no_flood,,aider_raw/AIDER/normal/normal_image1505.jpg,6796674622283ca6ef18e9468a07429d,left out by the 1000-image subsample
not_sampled,no_flood,,aider_raw/AIDER/normal/normal_image1506.jpg,91e380ca65a86adec0c71c1b8f788d81,left out by the 1000-image subsample
not_sampled,no_flood,,aider_raw/AIDER/normal/normal_image1507.jpg,22600f3f50066ce42c2b4177e9b83c8e,left out by the 1000-image subsample
not_sampled,no_flood,,aider_raw/AIDER/normal/normal_image1509.jpg,e5647275ed5da8095d70a22dd98ed8e0,left out by the 1000-image subsample
not_sampled,no_flood,,aider_raw/AIDER/normal/normal_image1513.jpg,ab3fa8488df83ae32bdd4d2e616c6d25,left out by the 1000-image subsample
not_sampled,no_flood,,aider_raw/AIDER/normal/normal_image1514.jpg,6b6b23f25314181fa900970d4ae0c7f9,left out by the 1000-image subsample
not_sampled,no_flood,,aider_raw/AIDER/normal/normal_image1515.jpg,a69f17c709a59f17c069d72a72aa79f8,left out by the 1000-image subsample
not_sampled,no_flood,,aider_raw/AIDER/normal/normal_image1517.jpg,508b17c6a7f84d2f84124cdc8770c846,left out by the 1000-image subsample
not_sampled,no_flood,,aider_raw/AIDER/normal/normal_image1518.jpg,c63dc16bdcec78cfb9d3af78566ebd75,left out by the 1000-image subsample
not_sampled,no_flood,,aider_raw/AIDER/normal/normal_image1519.jpg,a11e82d965b2c59bda58e2adbe636b89,left out by the 1000-image subsample
not_sampled,no_flood,,aider_raw/AIDER/normal/normal_image1520.jpg,6950573d8655e2423321ac1dc2370d61,left out by the 1000-image subsample
not_sampled,no_flood,,aider_raw/AIDER/normal/normal_image1521.jpg,f32a0c2f8b613201b3a0e6a79ecf1e2e,left out by the 1000-image subsample
not_sampled,no_flood,,aider_raw/AIDER/normal/normal_image1522.jpg,9f76416a507d5eba3cc5c9408a5c8a90,left out by the 1000-image subsample
not_sampled,no_flood,,aider_raw/AIDER/normal/normal_image1523.jpg,9796dc50ce1e3f20aaa69c1af08769e9,left out by the 1000-image subsample
not_sampled,no_flood,,aider_raw/AIDER/normal/normal_image1524.jpg,0d2e162d99ef2864f3f368ea1adb132c,left out by the 1000-image subsample
not_sampled,no_flood,,aider_raw/AIDER/normal/normal_image1525.jpg,b80218f27f207bd01e5d3b20c4779a93,left out by the 1000-image subsample
not_sampled,no_flood,,aider_raw/AIDER/normal/normal_image1526.jpg,ff5a96b41a2c2be1da3afaffeea91cd0,left out by the 1000-image subsample
not_sampled,no_flood,,aider_raw/AIDER/normal/normal_image1527.jpg,425f044c0204008c8489224c96470fda,left out by the 1000-image subsample
not_sampled,no_flood,,aider_raw/AIDER/normal/normal_image1528.jpg,7d1f5d6bceb121cb4bc4ae36d3b6ed84,left out by the 1000-image subsample
not_sampled,no_flood,,aider_raw/AIDER/normal/normal_image1529.jpg,1f3808e618f002546f0e65ad22b2c34e,left out by the 1000-image subsample
not_sampled,no_flood,,aider_raw/AIDER/normal/normal_image1530.jpg,65e97c32e2351bee44fac54ac792645a,left out by the 1000-image subsample
not_sampled,no_flood,,aider_raw/AIDER/normal/normal_image1531.jpg,b6235b876b81040e4324e0274081d319,left out by the 1000-image subsample
not_sampled,no_flood,,aider_raw/AIDER/normal/normal_image1532.jpg,47aa321b02fad35b7aabc4596d8f07ad,left out by the 1000-image subsample
not_sampled,no_flood,,aider_raw/AIDER/normal/normal_image1533.jpg,d578d410542413079c3e447d6427d5ce,left out by the 1000-image subsample
not_sampled,no_flood,,aider_raw/AIDER/normal/normal_image1534.jpg,2b8651a4531e0c6a545b9dfe14e6adde,left out by the 1000-image subsample
not_sampled,no_flood,,aider_raw/AIDER/normal/normal_image1537.jpg,fac1a00971b2b4e8a3e4d687c0ddb36c,left out by the 1000-image subsample
not_sampled,no_flood,,aider_raw/AIDER/normal/normal_image1540.jpg,33ebcab6ce9bbd1f5541936cf9fae0da,left out by the 1000-image subsample
not_sampled,no_flood,,aider_raw/AIDER/normal/normal_image1543.jpg,a7b014e91c124ebcfc8e03b59a9fbc7f,left out by the 1000-image subsample
not_sampled,no_flood,,aider_raw/AIDER/normal/normal_image1544.jpg,8b9c4d7910fc0a9c5e7ae2936168d110,left out by the 1000-image subsample
not_sampled,no_flood,,aider_raw/AIDER/normal/normal_image1545.jpg,dba9cadd5a24db22c07128ca51291205,left out by the 1000-image subsample
not_sampled,no_flood,,aider_raw/AIDER/normal/normal_image1546.jpg,ae45c0e774c7181a5888bcfc2c238d9a,left out by the 1000-image subsample
not_sampled,no_flood,,aider_raw/AIDER/normal/normal_image1547.jpg,1f59e5decdf30c2512ebb90b1e94c388,left out by the 1000-image subsample
not_sampled,no_flood,,aider_raw/AIDER/normal/normal_image1548.jpg,80085a08ffa00bb20d9d1725d61d9ec0,left out by the 1000-image subsample
not_sampled,no_flood,,aider_raw/AIDER/normal/normal_image1549.jpg,0cc880d122a2c57a3688a493098028dd,left out by the 1000-image subsample
not_sampled,no_flood,,aider_raw/AIDER/normal/normal_image1550.jpg,1b4e73f4e05d3db561c89037cb1f8729,left out by the 1000-image subsample
not_sampled,no_flood,,aider_raw/AIDER/normal/normal_image1553.jpg,c57a174ff750d14603ebae41ebbaea9e,left out by the 1000-image subsample
not_sampled,no_flood,,aider_raw/AIDER/normal/normal_image1555.jpg,686d624ff68b3b28a9231970578aea39,left out by the 1000-image subsample
not_sampled,no_flood,,aider_raw/AIDER/normal/normal_image1556.jpg,15438264d5735bb8c5678577cff5a74a,left out by the 1000-image subsample
not_sampled,no_flood,,aider_raw/AIDER/normal/normal_image1558.jpg,adc58adc8aa3e61f72981ab63445ad94,left out by the 1000-image subsample
not_sampled,no_flood,,aider_raw/AIDER/normal/normal_image1562.jpg,e754bbe03578aed6d1ef437f5aaca75f,left out by the 1000-image subsample
not_sampled,no_flood,,aider_raw/AIDER/normal/normal_image1565.jpg,66574f9cf93df60f0c3c7aa9f0f9c8f6,left out by the 1000-image subsample
not_sampled,no_flood,,aider_raw/AIDER/normal/normal_image1566.jpg,25307ac427907c486179ebe1ddb8a3f3,left out by the 1000-image subsample
not_sampled,no_flood,,aider_raw/AIDER/normal/normal_image1567.jpg,3b31efdd1571d56fa1f3c8cac85f9a1e,left out by the 1000-image subsample
not_sampled,no_flood,,aider_raw/AIDER/normal/normal_image1568.jpg,efd0fe2cffa301d4cc41b7d14649cfbd,left out by the 1000-image subsample
not_sampled,no_flood,,aider_raw/AIDER/normal/normal_image1569.jpg,1b47a3ec468223ac147e28c594cf103f,left out by the 1000-image subsample
not_sampled,no_flood,,aider_raw/AIDER/normal/normal_image1572.jpg,59e0340acccbc7952a457bec60b20c56,left out by the 1000-image subsample
not_sampled,no_flood,,aider_raw/AIDER/normal/normal_image1574.jpg,b249bdb4bb87e0c0807e639b9d316685,left out by the 1000-image subsample
not_sampled,no_flood,,aider_raw/AIDER/normal/normal_image1575.jpg,b278e809c21458cdb71603e4b21e7605,left out by the 1000-image subsample
not_sampled,no_flood,,aider_raw/AIDER/normal/normal_image1576.jpg,73e135e2593b2552e35645e46da50ff7,left out by the 1000-image subsample
not_sampled,no_flood,,aider_raw/AIDER/normal/normal_image1577.jpg,64b56e2d9dfbd64cbfd55a6509900e79,left out by the 1000-image subsample
not_sampled,no_flood,,aider_raw/AIDER/normal/normal_image1578.jpg,2724ed093547c5431839fecf71499748,left out by the 1000-image subsample
not_sampled,no_flood,,aider_raw/AIDER/normal/normal_image1579.jpg,02defa6daba9f0226c408ecfe35d930d,left out by the 1000-image subsample
not_sampled,no_flood,,aider_raw/AIDER/normal/normal_image1580.jpg,71bcc6e482913a360c88b40fd4e5026d,left out by the 1000-image subsample
not_sampled,no_flood,,aider_raw/AIDER/normal/normal_image1582.jpg,8fd336b4fc4b1def9e49db6878dc0a94,left out by the 1000-image subsample
not_sampled,no_flood,,aider_raw/AIDER/normal/normal_image1583.jpg,ea0b5ac8b87edd52fcd16539bfd104bb,left out by the 1000-image subsample
not_sampled,no_flood,,aider_raw/AIDER/normal/normal_image1584.jpg,8bee9ef60254d9635ea88afabce093bf,left out by the 1000-image subsample
not_sampled,no_flood,,aider_raw/AIDER/normal/normal_image1585.jpg,33b8d6951a8baae45675b073a384348b,left out by the 1000-image subsample
not_sampled,no_flood,,aider_raw/AIDER/normal/normal_image1586.jpg,ccb52ddc0835c3a2ca75bd55e673ab1c,left out by the 1000-image subsample
not_sampled,no_flood,,aider_raw/AIDER/normal/normal_image1587.jpg,42297c67ea050c396255e976b919bcb3,left out by the 1000-image subsample
not_sampled,no_flood,,aider_raw/AIDER/normal/normal_image1588.jpg,ed13a066b724a5c1fc38a9d00049c272,left out by the 1000-image subsample
not_sampled,no_flood,,aider_raw/AIDER/normal/normal_image1589.jpg,98db779a45a15fee8ab3bfec08d6b675,left out by the 1000-image subsample
not_sampled,no_flood,,aider_raw/AIDER/normal/normal_image1591.jpg,8a2bbdd6643f36548aa651059364ea13,left out by the 1000-image subsample
not_sampled,no_flood,,aider_raw/AIDER/normal/normal_image1592.jpg,8632cfd73e2bec0d81c1780c7d6e4c74,left out by the 1000-image subsample
not_sampled,no_flood,,aider_raw/AIDER/normal/normal_image1593.jpg,b81c3d00d64542288b339ffe4d0c62ca,left out by the 1000-image subsample
not_sampled,no_flood,,aider_raw/AIDER/normal/normal_image1594.jpg,e0c5e4bb8ac450495051809482ac43f8,left out by the 1000-image subsample
not_sampled,no_flood,,aider_raw/AIDER/normal/normal_image1595.jpg,c7e3a9094c5baba43140060af131dfe1,left out by the 1000-image subsample
not_sampled,no_flood,,aider_raw/AIDER/normal/normal_image1596.jpg,ea8f105853cd3fca9fda28203bf73923,left out by the 1000-image subsample
not_sampled,no_flood,,aider_raw/AIDER/normal/normal_image1597.jpg,200ea2a44c19506abab3f82b3611bdc4,left out by the 1000-image subsample
not_sampled,no_flood,,aider_raw/AIDER/normal/normal_image1598.jpg,a5e61c1701d76956046aab00b38b8e95,left out by the 1000-image subsample
not_sampled,no_flood,,aider_raw/AIDER/normal/normal_image1600.jpg,806dc84b519aa51d7ce97ae8dc661582,left out by the 1000-image subsample
not_sampled,no_flood,,aider_raw/AIDER/normal/normal_image1601.jpg,58564ec9fba890a1a5f842cd7ebce637,left out by the 1000-image subsample
not_sampled,no_flood,,aider_raw/AIDER/normal/normal_image1602.jpg,61df4d0c3acc988df2d2d18840f0c49e,left out by the 1000-image subsample
not_sampled,no_flood,,aider_raw/AIDER/normal/normal_image1603.jpg,acf48e25963ffea9af1f3277078a645f,left out by the 1000-image subsample
not_sampled,no_flood,,aider_raw/AIDER/normal/normal_image1604.jpg,96826c5a8c80001532fdf129886eb1ae,left out by the 1000-image subsample
not_sampled,no_flood,,aider_raw/AIDER/normal/normal_image1605.jpg,dbade6afd7c983e1b8e8a97b28d43e0f,left out by the 1000-image subsample
not_sampled,no_flood,,aider_raw/AIDER/normal/normal_image1606.jpg,0f51edf82f5436c108acd78c079823c5,left out by the 1000-image subsample
not_sampled,no_flood,,aider_raw/AIDER/normal/normal_image1607.jpg,1fe1089565a39563ecca7a1f496ba3bc,left out by the 1000-image subsample
not_sampled,no_flood,,aider_raw/AIDER/normal/normal_image1608.jpg,337715364727f03a2b2c8e1fdfae299b,left out by the 1000-image subsample
not_sampled,no_flood,,aider_raw/AIDER/normal/normal_image1609.jpg,ef3ab65269082c6d1a96745de6c5be16,left out by the 1000-image subsample
not_sampled,no_flood,,aider_raw/AIDER/normal/normal_image1610.jpg,47498f06bbc292a5f5caab1d8f0a8b5f,left out by the 1000-image subsample
not_sampled,no_flood,,aider_raw/AIDER/normal/normal_image1611.jpg,c537e2add03f59fd2eb1119b6cde8074,left out by the 1000-image subsample
not_sampled,no_flood,,aider_raw/AIDER/normal/normal_image1612.jpg,5e3673372e8aef84bac17025c7689249,left out by the 1000-image subsample
not_sampled,no_flood,,aider_raw/AIDER/normal/normal_image1613.jpg,89c773853022f6ec00f85e222c13cf97,left out by the 1000-image subsample
not_sampled,no_flood,,aider_raw/AIDER/normal/normal_image1614.jpg,92cbdf1ec2d3f1664855f36974e6b9b4,left out by the 1000-image subsample
not_sampled,no_flood,,aider_raw/AIDER/normal/normal_image1617.jpg,56ca166442739b91ac3e0abe9108fd3e,left out by the 1000-image subsample
not_sampled,no_flood,,aider_raw/AIDER/normal/normal_image1618.jpg,4c2c6406c09efe0372bebf20b28588f9,left out by the 1000-image subsample
not_sampled,no_flood,,aider_raw/AIDER/normal/normal_image1620.jpg,56c6d228a837d73ff88f88a5d0e89d1c,left out by the 1000-image subsample
not_sampled,no_flood,,aider_raw/AIDER/normal/normal_image1621.jpg,3c3e3431848ca272d285234388693657,left out by the 1000-image subsample
not_sampled,no_flood,,aider_raw/AIDER/normal/normal_image1624.jpg,56d56b4ace3106cf72d8780e16f1e3d0,left out by the 1000-image subsample
not_sampled,no_flood,,aider_raw/AIDER/normal/normal_image1626.jpg,3f0e67e15c7677512366d320c9d2ca69,left out by the 1000-image subsample
not_sampled,no_flood,,aider_raw/AIDER/normal/normal_image1627.jpg,813f74aac9196513dca5f96e9dd6d3d4,left out by the 1000-image subsample
not_sampled,no_flood,,aider_raw/AIDER/normal/normal_image1628.jpg,a5b3b81c6dc1df5e6c123412333f846c,left out by the 1000-image subsample
not_sampled,no_flood,,aider_raw/AIDER/normal/normal_image1631.jpg,efa975a2aee726a21268ea9482e6ed4c,left out by the 1000-image subsample
not_sampled,no_flood,,aider_raw/AIDER/normal/normal_image1633.jpg,a459c4b24f2f30e5edb0371c6a4dced2,left out by the 1000-image subsample
not_sampled,no_flood,,aider_raw/AIDER/normal/normal_image1635.jpg,2748b4ce2603a989ac362a01bc76a83e,left out by the 1000-image subsample
not_sampled,no_flood,,aider_raw/AIDER/normal/normal_image1636.jpg,0acaabcb97a210cd107af92e61f54cf1,left out by the 1000-image subsample
not_sampled,no_flood,,aider_raw/AIDER/normal/normal_image1637.jpg,2a34f35245a289a0624708404fef0b5b,left out by the 1000-image subsample
not_sampled,no_flood,,aider_raw/AIDER/normal/normal_image1641.jpg,015b09f9e3bc71dc514324eb16801645,left out by the 1000-image subsample
not_sampled,no_flood,,aider_raw/AIDER/normal/normal_image1643.jpg,36e0ffaa35b30dd8107027ccf84b7266,left out by the 1000-image subsample
not_sampled,no_flood,,aider_raw/AIDER/normal/normal_image1644.jpg,ce7dd4d5eafc7734ea68a1efb400db32,left out by the 1000-image subsample
not_sampled,no_flood,,aider_raw/AIDER/normal/normal_image1645.jpg,28525ec0586bf8775f88a1e3aeaa16c8,left out by the 1000-image subsample
not_sampled,no_flood,,aider_raw/AIDER/normal/normal_image1646.jpg,68f3b605ed24012bd9389237428aa2ca,left out by the 1000-image subsample
not_sampled,no_flood,,aider_raw/AIDER/normal/normal_image1647.jpg,7b9b3337ef2d895d31ed450a4ddb92c9,left out by the 1000-image subsample
not_sampled,no_flood,,aider_raw/AIDER/normal/normal_image1648.jpg,2712e586954abbb5ec79eb2d365011ce,left out by the 1000-image subsample
not_sampled,no_flood,,aider_raw/AIDER/normal/normal_image1649.jpg,5c9c766f51583ef319e94dcbc1f29cad,left out by the 1000-image subsample
not_sampled,no_flood,,aider_raw/AIDER/normal/normal_image1651.jpg,ba76a537cc8b256336d614206aeb0e7a,left out by the 1000-image subsample
not_sampled,no_flood,,aider_raw/AIDER/normal/normal_image1652.jpg,615f5f3e983e3a963e05578fc0d5900d,left out by the 1000-image subsample
not_sampled,no_flood,,aider_raw/AIDER/normal/normal_image1655.jpg,62a7a676d06ad69c72c873b9000228cd,left out by the 1000-image subsample
not_sampled,no_flood,,aider_raw/AIDER/normal/normal_image1656.jpg,67b5d730698fed74edd1eec55ae377c8,left out by the 1000-image subsample
not_sampled,no_flood,,aider_raw/AIDER/normal/normal_image1657.jpg,bf5a52c6d65919b98e65c00d54a0f66f,left out by the 1000-image subsample
not_sampled,no_flood,,aider_raw/AIDER/normal/normal_image1658.jpg,c920427db802db8c60181e78d0577900,left out by the 1000-image subsample
not_sampled,no_flood,,aider_raw/AIDER/normal/normal_image1659.jpg,e783e53a5f9b5220de402e5e037159b9,left out by the 1000-image subsample
not_sampled,no_flood,,aider_raw/AIDER/normal/normal_image1660.jpg,7a9dfe4216188d05d78ad8ee95173e35,left out by the 1000-image subsample
not_sampled,no_flood,,aider_raw/AIDER/normal/normal_image1665.jpg,ef6ad6de898a83bdc3ccf4fc794201ae,left out by the 1000-image subsample
not_sampled,no_flood,,aider_raw/AIDER/normal/normal_image1666.jpg,e3c4df828439d471b1bf3ad3c37eb497,left out by the 1000-image subsample
not_sampled,no_flood,,aider_raw/AIDER/normal/normal_image1667.jpg,227d75d08e99bd41da66c6b6eb4fa814,left out by the 1000-image subsample
not_sampled,no_flood,,aider_raw/AIDER/normal/normal_image1668.jpg,c656ad8bc8c49d83b6f3e4b14c6ee256,left out by the 1000-image subsample
not_sampled,no_flood,,aider_raw/AIDER/normal/normal_image1671.jpg,75a264306eb9e5a2838647b7fae8c23d,left out by the 1000-image subsample
not_sampled,no_flood,,aider_raw/AIDER/normal/normal_image1673.jpg,9dd452846900988d28c842c023698101,left out by the 1000-image subsample
not_sampled,no_flood,,aider_raw/AIDER/normal/normal_image1675.jpg,a2a418db9fbc2aaba45f27ee569baebe,left out by the 1000-image subsample
not_sampled,no_flood,,aider_raw/AIDER/normal/normal_image1676.jpg,a7a7ba75c3266c6b95751463fee2ea35,left out by the 1000-image subsample
not_sampled,no_flood,,aider_raw/AIDER/normal/normal_image1677.jpg,d2b031a4d7dfd00322b6ce42243b8a29,left out by the 1000-image subsample
not_sampled,no_flood,,aider_raw/AIDER/normal/normal_image1678.jpg,85a2a5857a772d3b1d0a3585f7226bfc,left out by the 1000-image subsample
not_sampled,no_flood,,aider_raw/AIDER/normal/normal_image1679.jpg,f68a17e6c669b533393e4d4d8764120c,left out by the 1000-image subsample
not_sampled,no_flood,,aider_raw/AIDER/normal/normal_image1682.jpg,b734828fcb0a0ffc47076621d28f4f46,left out by the 1000-image subsample
not_sampled,no_flood,,aider_raw/AIDER/normal/normal_image1683.jpg,7c93dec2317b2acc8691cc949bc3a9aa,left out by the 1000-image subsample
not_sampled,no_flood,,aider_raw/AIDER/normal/normal_image1684.jpg,68383e3c15bbd8a1e3da9531d5b5430d,left out by the 1000-image subsample
not_sampled,no_flood,,aider_raw/AIDER/normal/normal_image1686.jpg,d66afae80520e99d45a4ff43813e9b22,left out by the 1000-image subsample
not_sampled,no_flood,,aider_raw/AIDER/normal/normal_image1687.jpg,a6908a0b2aa66ad5192faf3c5e7fa39d,left out by the 1000-image subsample
not_sampled,no_flood,,aider_raw/AIDER/normal/normal_image1688.jpg,0d81416a449dd489f0aed12053db0acd,left out by the 1000-image subsample
not_sampled,no_flood,,aider_raw/AIDER/normal/normal_image1689.jpg,af802508157aa128ea6948689b7bca73,left out by the 1000-image subsample
not_sampled,no_flood,,aider_raw/AIDER/normal/normal_image1690.jpg,e8824df9568bbbe6f04ee3439c397fa9,left out by the 1000-image subsample
not_sampled,no_flood,,aider_raw/AIDER/normal/normal_image1692.jpg,48ccf0521d5223013b89abd4ee075828,left out by the 1000-image subsample
not_sampled,no_flood,,aider_raw/AIDER/normal/normal_image1694.jpg,24c89d7bdfb1aa0bcd010ed29b6d3bdf,left out by the 1000-image subsample
not_sampled,no_flood,,aider_raw/AIDER/normal/normal_image1695.jpg,93c8886a6c2b52d3ecc3f8a3b3729750,left out by the 1000-image subsample
not_sampled,no_flood,,aider_raw/AIDER/normal/normal_image1696.jpg,1b0f8c92fd70f8c95c1de81bcebea2fc,left out by the 1000-image subsample
not_sampled,no_flood,,aider_raw/AIDER/normal/normal_image1697.jpg,0e32b6a4a56199ebcf1fb2448cd6ae30,left out by the 1000-image subsample
not_sampled,no_flood,,aider_raw/AIDER/normal/normal_image1698.jpg,0013466acda139316b088e23e6523bf4,left out by the 1000-image subsample
not_sampled,no_flood,,aider_raw/AIDER/normal/normal_image1700.jpg,a7025a5c9cadcc02e89bddda89e967b1,left out by the 1000-image subsample
not_sampled,no_flood,,aider_raw/AIDER/normal/normal_image1701.jpg,6466c0702c78d42e333ced0a234c0a67,left out by the 1000-image subsample
not_sampled,no_flood,,aider_raw/AIDER/normal/normal_image1702.jpg,b06a0694909e2ffad46cca1516093ae8,left out by the 1000-image subsample
not_sampled,no_flood,,aider_raw/AIDER/normal/normal_image1703.jpg,a49c2e90e905706797d50e7c3bc94f78,left out by the 1000-image subsample
not_sampled,no_flood,,aider_raw/AIDER/normal/normal_image1704.jpg,745c52b59c49a6050538a5b25a94ffcc,left out by the 1000-image subsample
not_sampled,no_flood,,aider_raw/AIDER/normal/normal_image1705.jpg,f87a10fd35b7de7e9ce494d033bc4b84,left out by the 1000-image subsample
not_sampled,no_flood,,aider_raw/AIDER/normal/normal_image1706.jpg,5cd1ff5488bd574ae54364cac30a5139,left out by the 1000-image subsample
not_sampled,no_flood,,aider_raw/AIDER/normal/normal_image1707.jpg,f583fbca4096663c9bdcefd5a4ba236b,left out by the 1000-image subsample
not_sampled,no_flood,,aider_raw/AIDER/normal/normal_image1708.jpg,e9681b792f13d0d2e6ca262d71ae8f7c,left out by the 1000-image subsample
not_sampled,no_flood,,aider_raw/AIDER/normal/normal_image1709.jpg,1876c586a13d92e37e6def2594d1aa19,left out by the 1000-image subsample
not_sampled,no_flood,,aider_raw/AIDER/normal/normal_image1710.jpg,3fea5e0073d089585341ea71e786f19f,left out by the 1000-image subsample
not_sampled,no_flood,,aider_raw/AIDER/normal/normal_image1711.jpg,3208c06a247d99653977f4ef99526e1f,left out by the 1000-image subsample
not_sampled,no_flood,,aider_raw/AIDER/normal/normal_image1712.jpg,bb853f9d077f924a56d8479f24e1e63d,left out by the 1000-image subsample
not_sampled,no_flood,,aider_raw/AIDER/normal/normal_image1714.jpg,1a56ec7a11d43d442ca5ebd2841d3a3b,left out by the 1000-image subsample
not_sampled,no_flood,,aider_raw/AIDER/normal/normal_image1716.jpg,8a52fce0fb50a75390a66409c9131118,left out by the 1000-image subsample
not_sampled,no_flood,,aider_raw/AIDER/normal/normal_image1717.jpg,23da1b9b0d7fcdec34ff4c3d52ba96a7,left out by the 1000-image subsample
not_sampled,no_flood,,aider_raw/AIDER/normal/normal_image1718.jpg,b38d97aefbf1b2e323a5ab74e2537bf9,left out by the 1000-image subsample
not_sampled,no_flood,,aider_raw/AIDER/normal/normal_image1719.jpg,23a746b9a57faa357f249f331854eea9,left out by the 1000-image subsample
not_sampled,no_flood,,aider_raw/AIDER/normal/normal_image1720.jpg,fdf1aab88e3bf40ac052e4cd910c5756,left out by the 1000-image subsample
not_sampled,no_flood,,aider_raw/AIDER/normal/normal_image1721.jpg,493e9f705a73444798c60cfbe0c6d33d,left out by the 1000-image subsample
not_sampled,no_flood,,aider_raw/AIDER/normal/normal_image1722.jpg,bee19c2e36877c860be46f7bb7b0e029,left out by the 1000-image subsample
not_sampled,no_flood,,aider_raw/AIDER/normal/normal_image1723.jpg,003fe7a8e6bdb46d281b0351d426c09e,left out by the 1000-image subsample
not_sampled,no_flood,,aider_raw/AIDER/normal/normal_image1725.jpg,693ba2f482fef0ad631d461519a73011,left out by the 1000-image subsample
not_sampled,no_flood,,aider_raw/AIDER/normal/normal_image1726.jpg,e3353198125406b72992bc8e4c567030,left out by the 1000-image subsample
not_sampled,no_flood,,aider_raw/AIDER/normal/normal_image1727.jpg,8bf3792173e9615fa775021b5499c12b,left out by the 1000-image subsample
not_sampled,no_flood,,aider_raw/AIDER/normal/normal_image1729.jpg,598f676c36e6f3f0c0e4f56a9551fa7b,left out by the 1000-image subsample
not_sampled,no_flood,,aider_raw/AIDER/normal/normal_image1731.jpg,fd221737ac398e43b97a0fcead8e8ec1,left out by the 1000-image subsample
not_sampled,no_flood,,aider_raw/AIDER/normal/normal_image1732.jpg,a6da2c2875a3a727d1688e7c94039ce7,left out by the 1000-image subsample
not_sampled,no_flood,,aider_raw/AIDER/normal/normal_image1733.jpg,1f65a5c4445740df6c8dd3fa0714d991,left out by the 1000-image subsample
not_sampled,no_flood,,aider_raw/AIDER/normal/normal_image1734.jpg,97e50ca981ae21b6ebb4cef4653d6a00,left out by the 1000-image subsample
not_sampled,no_flood,,aider_raw/AIDER/normal/normal_image1735.jpg,1a229f1f601b6313e853c80e4fc6ca43,left out by the 1000-image subsample
not_sampled,no_flood,,aider_raw/AIDER/normal/normal_image1736.jpg,e45054b3c6cf4ddd872e7fdd47e084b0,left out by the 1000-image subsample
not_sampled,no_flood,,aider_raw/AIDER/normal/normal_image1737.jpg,9d6ed4b812a812b9461ab44875b14b7b,left out by the 1000-image subsample
not_sampled,no_flood,,aider_raw/AIDER/normal/normal_image1738.jpg,cc501b111524b997ffd1123a1d0c3c89,left out by the 1000-image subsample
not_sampled,no_flood,,aider_raw/AIDER/normal/normal_image1739.jpg,8b285432922f03f3c7eaedf0b0a03857,left out by the 1000-image subsample
not_sampled,no_flood,,aider_raw/AIDER/normal/normal_image1740.jpg,de2feebd5d7f35cb5f1e70ec718d589d,left out by the 1000-image subsample
not_sampled,no_flood,,aider_raw/AIDER/normal/normal_image1741.jpg,2ebde2b9d0f55ab9a97efa4d46f08556,left out by the 1000-image subsample
not_sampled,no_flood,,aider_raw/AIDER/normal/normal_image1742.jpg,c90ab2b1cd8acd49ee4212e8497cf838,left out by the 1000-image subsample
not_sampled,no_flood,,aider_raw/AIDER/normal/normal_image1743.jpg,a2b5cfc693b34d7144c359ad9f2a35aa,left out by the 1000-image subsample
not_sampled,no_flood,,aider_raw/AIDER/normal/normal_image1744.jpg,e07f5404caa2ee49444dbe482b568f1c,left out by the 1000-image subsample
not_sampled,no_flood,,aider_raw/AIDER/normal/normal_image1745.jpg,2d39c9e44a8ec27460264dcccf0a2c72,left out by the 1000-image subsample
not_sampled,no_flood,,aider_raw/AIDER/normal/normal_image1746.jpg,63c2236d0bea7f0c290d592c5032680a,left out by the 1000-image subsample
not_sampled,no_flood,,aider_raw/AIDER/normal/normal_image1747.jpg,57b0aeeab7a8be7bdd73ed7795a20ea9,left out by the 1000-image subsample
not_sampled,no_flood,,aider_raw/AIDER/normal/normal_image1748.jpg,0163afbe16bd9aabdb5d932dcd8a7a92,left out by the 1000-image subsample
not_sampled,no_flood,,aider_raw/AIDER/normal/normal_image1749.jpg,3fa67db881a5d66415a8153e27b04965,left out by the 1000-image subsample
not_sampled,no_flood,,aider_raw/AIDER/normal/normal_image1751.jpg,08d3ce7994dd8525c6b03eafd795bf08,left out by the 1000-image subsample
not_sampled,no_flood,,aider_raw/AIDER/normal/normal_image1752.jpg,5692859d682f13e01a4ed8a2f3ac6f93,left out by the 1000-image subsample
not_sampled,no_flood,,aider_raw/AIDER/normal/normal_image1753.jpg,81c2eb6700b101d77bc3dafe56700ae7,left out by the 1000-image subsample
not_sampled,no_flood,,aider_raw/AIDER/normal/normal_image1755.jpg,a70a94fd55aab13efdfd7aa640b068a7,left out by the 1000-image subsample
not_sampled,no_flood,,aider_raw/AIDER/normal/normal_image1757.jpg,8c5c1188aded51d942e9e7741b014800,left out by the 1000-image subsample
not_sampled,no_flood,,aider_raw/AIDER/normal/normal_image1758.jpg,3dbafa154ec6b5703aca00f3fa2ced2b,left out by the 1000-image subsample
not_sampled,no_flood,,aider_raw/AIDER/normal/normal_image1759.jpg,1146dcf5046254918c7d1576cf97ff60,left out by the 1000-image subsample
not_sampled,no_flood,,aider_raw/AIDER/normal/normal_image1760.jpg,c366bc37edda63a52df6cb4c0853c0a7,left out by the 1000-image subsample
not_sampled,no_flood,,aider_raw/AIDER/normal/normal_image1762.jpg,4fbaffaf03bed695e2667839c8c333b5,left out by the 1000-image subsample
not_sampled,no_flood,,aider_raw/AIDER/normal/normal_image1763.jpg,c55b6de261e37f7a100a93b0c14dfa41,left out by the 1000-image subsample
not_sampled,no_flood,,aider_raw/AIDER/normal/normal_image1764.jpg,dbc5ae226004dba47b966d1b67dbc2b9,left out by the 1000-image subsample
not_sampled,no_flood,,aider_raw/AIDER/normal/normal_image1765.jpg,dbc210e9d6e76194f7dc37c1e47fd738,left out by the 1000-image subsample
not_sampled,no_flood,,aider_raw/AIDER/normal/normal_image1766.jpg,3ef1ae9eb41687a59da810d5022a4867,left out by the 1000-image subsample
not_sampled,no_flood,,aider_raw/AIDER/normal/normal_image1768.jpg,508c25ce5f7f7ba24c71c7efe4bbcf36,left out by the 1000-image subsample
not_sampled,no_flood,,aider_raw/AIDER/normal/normal_image1769.jpg,1b5d39e2b23e8a1456ef1e7160db398b,left out by the 1000-image subsample
not_sampled,no_flood,,aider_raw/AIDER/normal/normal_image1770.jpg,ccb54aca1e40cbf20912a1c2baca8811,left out by the 1000-image subsample
not_sampled,no_flood,,aider_raw/AIDER/normal/normal_image1772.jpg,ec3024eb50bac176f9ef5a241d015f8e,left out by the 1000-image subsample
not_sampled,no_flood,,aider_raw/AIDER/normal/normal_image1773.jpg,6af5de2e598232a2b2bf5e4c21af6964,left out by the 1000-image subsample
not_sampled,no_flood,,aider_raw/AIDER/normal/normal_image1774.jpg,71099a342583f2075788cfc4a5eb51f6,left out by the 1000-image subsample
not_sampled,no_flood,,aider_raw/AIDER/normal/normal_image1775.jpg,68d5cc76e0ceffb1d3678c3eed669b47,left out by the 1000-image subsample
not_sampled,no_flood,,aider_raw/AIDER/normal/normal_image1776.jpg,35d214e8567f42fab4a1be49e850916e,left out by the 1000-image subsample
not_sampled,no_flood,,aider_raw/AIDER/normal/normal_image1777.jpg,9f80bd2c3302eb4a739e626370818081,left out by the 1000-image subsample
not_sampled,no_flood,,aider_raw/AIDER/normal/normal_image1782.jpg,2f35677b4ed8b5ce40e64bde66f4f3cc,left out by the 1000-image subsample
not_sampled,no_flood,,aider_raw/AIDER/normal/normal_image1783.jpg,f39e3912716d6cd27db3bb109d412441,left out by the 1000-image subsample
not_sampled,no_flood,,aider_raw/AIDER/normal/normal_image1784.jpg,9581631d1b39e6adb8d1d89c2b57d2d0,left out by the 1000-image subsample
not_sampled,no_flood,,aider_raw/AIDER/normal/normal_image1785.jpg,8be71253426a74b7d7e66b6d63eb1d46,left out by the 1000-image subsample
not_sampled,no_flood,,aider_raw/AIDER/normal/normal_image1787.jpg,605496835b145976e5653d5df16f9046,left out by the 1000-image subsample
not_sampled,no_flood,,aider_raw/AIDER/normal/normal_image1789.jpg,c0f761763fa493dd10df316688b4a049,left out by the 1000-image subsample
not_sampled,no_flood,,aider_raw/AIDER/normal/normal_image1791.jpg,ad4083afc179448adab28fe19967dd9d,left out by the 1000-image subsample
not_sampled,no_flood,,aider_raw/AIDER/normal/normal_image1792.jpg,59916557f23c40e3d3362f60ea492d83,left out by the 1000-image subsample
not_sampled,no_flood,,aider_raw/AIDER/normal/normal_image1793.jpg,3c7ef07d98d73fc51ef4b39fbdf05230,left out by the 1000-image subsample
not_sampled,no_flood,,aider_raw/AIDER/normal/normal_image1799.jpg,01ba8686b82a7844cf12af53522e45eb,left out by the 1000-image subsample
not_sampled,no_flood,,aider_raw/AIDER/normal/normal_image1801.jpg,8cbe40e53cdaaf25280af51e8a986e21,left out by the 1000-image subsample
not_sampled,no_flood,,aider_raw/AIDER/normal/normal_image1802.jpg,45a3ee5ad2ee542bd5a125cba27f33e2,left out by the 1000-image subsample
not_sampled,no_flood,,aider_raw/AIDER/normal/normal_image1803.jpg,d67ee407cf67a8e7bab4d544b5b62127,left out by the 1000-image subsample
not_sampled,no_flood,,aider_raw/AIDER/normal/normal_image1804.jpg,bcb931fd75c4021f7fc4b517cf61340b,left out by the 1000-image subsample
not_sampled,no_flood,,aider_raw/AIDER/normal/normal_image1805.jpg,d621f0c9d9a6c64b121e992f3b1620f1,left out by the 1000-image subsample
not_sampled,no_flood,,aider_raw/AIDER/normal/normal_image1808.jpg,881d57afa4987eb3eb0380120513e833,left out by the 1000-image subsample
not_sampled,no_flood,,aider_raw/AIDER/normal/normal_image1811.jpg,b32cc531628fe43cca8b82f21676427c,left out by the 1000-image subsample
not_sampled,no_flood,,aider_raw/AIDER/normal/normal_image1812.jpg,4dbf5e221152269c622d4ec4e1481e55,left out by the 1000-image subsample
not_sampled,no_flood,,aider_raw/AIDER/normal/normal_image1814.jpg,5e638680355d20b5dc96159cdac48b59,left out by the 1000-image subsample
not_sampled,no_flood,,aider_raw/AIDER/normal/normal_image1815.jpg,9598cd75fa95b8692107a7047e390aed,left out by the 1000-image subsample
not_sampled,no_flood,,aider_raw/AIDER/normal/normal_image1816.jpg,84ca1850b79468f2513d517836397a52,left out by the 1000-image subsample
not_sampled,no_flood,,aider_raw/AIDER/normal/normal_image1817.jpg,14bdb0bceb00c1dc934c6be566b213bc,left out by the 1000-image subsample
not_sampled,no_flood,,aider_raw/AIDER/normal/normal_image1819.jpg,85c0fd69b74942d17c0e013b2966eca8,left out by the 1000-image subsample
not_sampled,no_flood,,aider_raw/AIDER/normal/normal_image1820.jpg,bf23b143103dac12b06e876ebf2a9112,left out by the 1000-image subsample
not_sampled,no_flood,,aider_raw/AIDER/normal/normal_image1822.jpg,ff3cb06e3e719997d7fcb7a262191cf6,left out by the 1000-image subsample
not_sampled,no_flood,,aider_raw/AIDER/normal/normal_image1823.jpg,0d6e5dfc59c742c4631179501fc4af21,left out by the 1000-image subsample
not_sampled,no_flood,,aider_raw/AIDER/normal/normal_image1824.jpg,604775444e8b66dcec60f6bf4bf09edb,left out by the 1000-image subsample
not_sampled,no_flood,,aider_raw/AIDER/normal/normal_image1825.jpg,0af9e01df6fad60d6275c3548e0495af,left out by the 1000-image subsample
not_sampled,no_flood,,aider_raw/AIDER/normal/normal_image1826.jpg,7bb1129930b0d0d15c86bcca9b2e9195,left out by the 1000-image subsample
not_sampled,no_flood,,aider_raw/AIDER/normal/normal_image1828.jpg,2c2495121ad34a6550393c256c94b27f,left out by the 1000-image subsample
not_sampled,no_flood,,aider_raw/AIDER/normal/normal_image1829.jpg,7ef13b155297cfdcfec892c39619535b,left out by the 1000-image subsample
not_sampled,no_flood,,aider_raw/AIDER/normal/normal_image1830.jpg,4b8236974ff19cc9e77c8e13f4f50af2,left out by the 1000-image subsample
not_sampled,no_flood,,aider_raw/AIDER/normal/normal_image1831.jpg,e088d4a761d99d8f87396a2f684e6d25,left out by the 1000-image subsample
not_sampled,no_flood,,aider_raw/AIDER/normal/normal_image1833.jpg,64e9ae7b8f05045a198a4cb396bef184,left out by the 1000-image subsample
not_sampled,no_flood,,aider_raw/AIDER/normal/normal_image1834.jpg,df81125cb6f6f7c1cb0ffa7217c31012,left out by the 1000-image subsample
not_sampled,no_flood,,aider_raw/AIDER/normal/normal_image1837.jpg,428f38173b549ebc98572a4f36253391,left out by the 1000-image subsample
not_sampled,no_flood,,aider_raw/AIDER/normal/normal_image1838.jpg,21cac82a12897d848db312105c0c4606,left out by the 1000-image subsample
not_sampled,no_flood,,aider_raw/AIDER/normal/normal_image1839.jpg,2518841cc9a0d7d4bf837e578141c7c4,left out by the 1000-image subsample
not_sampled,no_flood,,aider_raw/AIDER/normal/normal_image1840.jpg,31aac0adde7e52fb4100271a904e25ab,left out by the 1000-image subsample
not_sampled,no_flood,,aider_raw/AIDER/normal/normal_image1841.jpg,f4d28219a48553a9d95291034f39165a,left out by the 1000-image subsample
not_sampled,no_flood,,aider_raw/AIDER/normal/normal_image1842.jpg,442b0db79fec3d51ccb8c9ce24ffb781,left out by the 1000-image subsample
not_sampled,no_flood,,aider_raw/AIDER/normal/normal_image1843.jpg,50a839ff150c96a6a239064704f2d297,left out by the 1000-image subsample
not_sampled,no_flood,,aider_raw/AIDER/normal/normal_image1844.jpg,29128b2bda26713374525c8fe7ca5992,left out by the 1000-image subsample
not_sampled,no_flood,,aider_raw/AIDER/normal/normal_image1845.jpg,2004bb5ab691cde855242d6ba8467cf5,left out by the 1000-image subsample
not_sampled,no_flood,,aider_raw/AIDER/normal/normal_image1846.jpg,abf433a5eb9ec4608fb831648ee2fe13,left out by the 1000-image subsample
not_sampled,no_flood,,aider_raw/AIDER/normal/normal_image1847.jpg,5b911c883eecdd0a7b694de6f6f941fd,left out by the 1000-image subsample
not_sampled,no_flood,,aider_raw/AIDER/normal/normal_image1848.jpg,6ba0388afb2ab9d7122f47c212a3adf6,left out by the 1000-image subsample
not_sampled,no_flood,,aider_raw/AIDER/normal/normal_image1849.jpg,c6c74fe8f59c79b8d4639c62f3827d13,left out by the 1000-image subsample
not_sampled,no_flood,,aider_raw/AIDER/normal/normal_image1851.jpg,5536dd2e3666f58b37001b61e8bd5ab9,left out by the 1000-image subsample
not_sampled,no_flood,,aider_raw/AIDER/normal/normal_image1852.jpg,df1a195409ee31d094304bdf6617c02f,left out by the 1000-image subsample
not_sampled,no_flood,,aider_raw/AIDER/normal/normal_image1853.jpg,3bc6a953e0b3a2a10f55379c07709ab2,left out by the 1000-image subsample
not_sampled,no_flood,,aider_raw/AIDER/normal/normal_image1854.jpg,6d2fe87b73c4b90f4e9107868479a402,left out by the 1000-image subsample
not_sampled,no_flood,,aider_raw/AIDER/normal/normal_image1855.jpg,fa8d7cd895893437acc5bc3f4dbb31c4,left out by the 1000-image subsample
not_sampled,no_flood,,aider_raw/AIDER/normal/normal_image1856.jpg,a57f23c0c73f390a47e91ae45f3b5648,left out by the 1000-image subsample
not_sampled,no_flood,,aider_raw/AIDER/normal/normal_image1857.jpg,9c817ac99b159b6ca0f3e9b04f7acabf,left out by the 1000-image subsample
not_sampled,no_flood,,aider_raw/AIDER/normal/normal_image1858.jpg,4ebba503658e3252fc2c9409a4257866,left out by the 1000-image subsample
not_sampled,no_flood,,aider_raw/AIDER/normal/normal_image1859.jpg,ad24d6633d785f712e03100ad6d3d307,left out by the 1000-image subsample
not_sampled,no_flood,,aider_raw/AIDER/normal/normal_image1860.jpg,f1c9ce719bb206cdaecbd9af8aa3976c,left out by the 1000-image subsample
not_sampled,no_flood,,aider_raw/AIDER/normal/normal_image1861.jpg,c15908ed526a0dfeaebf36b40db6cc93,left out by the 1000-image subsample
not_sampled,no_flood,,aider_raw/AIDER/normal/normal_image1862.jpg,43907dae24e4a00f4be0857626d92056,left out by the 1000-image subsample
not_sampled,no_flood,,aider_raw/AIDER/normal/normal_image1863.jpg,bb67e33d1aa453bb277f853e0f1c45c5,left out by the 1000-image subsample
not_sampled,no_flood,,aider_raw/AIDER/normal/normal_image1865.jpg,e4167924968faaf663ea6efc99144dc9,left out by the 1000-image subsample
not_sampled,no_flood,,aider_raw/AIDER/normal/normal_image1866.jpg,b9cbc9985492f230702b5400ca497b5d,left out by the 1000-image subsample
not_sampled,no_flood,,aider_raw/AIDER/normal/normal_image1867.jpg,8c31b0951552ecb3dfcb8fce2e8ffbb4,left out by the 1000-image subsample
not_sampled,no_flood,,aider_raw/AIDER/normal/normal_image1869.jpg,3e677086069c1dd7088a4b71153e25b1,left out by the 1000-image subsample
not_sampled,no_flood,,aider_raw/AIDER/normal/normal_image1870.jpg,03461d253f620a8d17821fee22b65d0b,left out by the 1000-image subsample
not_sampled,no_flood,,aider_raw/AIDER/normal/normal_image1871.jpg,feb80d8460d8c765ad85b6961f87a13e,left out by the 1000-image subsample
not_sampled,no_flood,,aider_raw/AIDER/normal/normal_image1874.jpg,3ab91f2953a104e7064e661911b2b302,left out by the 1000-image subsample
not_sampled,no_flood,,aider_raw/AIDER/normal/normal_image1876.jpg,0b349ef9eced647f94448d0d3083ee67,left out by the 1000-image subsample
not_sampled,no_flood,,aider_raw/AIDER/normal/normal_image1877.jpg,fe693cb03e4c65b08e614f2788f9fba9,left out by the 1000-image subsample
not_sampled,no_flood,,aider_raw/AIDER/normal/normal_image1878.jpg,b4f11ef759a95329b2ebd746886716c5,left out by the 1000-image subsample
not_sampled,no_flood,,aider_raw/AIDER/normal/normal_image1879.jpg,de6264908e7984b35c86bd14cc7d8f1b,left out by the 1000-image subsample
not_sampled,no_flood,,aider_raw/AIDER/normal/normal_image1880.jpg,af54453c29fe2b80899b9e3c551b2561,left out by the 1000-image subsample
not_sampled,no_flood,,aider_raw/AIDER/normal/normal_image1881.jpg,4fa8216eacf1ce9d7a6db9b001f4e214,left out by the 1000-image subsample
not_sampled,no_flood,,aider_raw/AIDER/normal/normal_image1885.jpg,599d26a42216c6541f6d1c85edb2a931,left out by the 1000-image subsample
not_sampled,no_flood,,aider_raw/AIDER/normal/normal_image1886.jpg,2beaf35022ee0ba32edd55dbfc59771d,left out by the 1000-image subsample
not_sampled,no_flood,,aider_raw/AIDER/normal/normal_image1887.jpg,56599e99da205f17c61e6e9b7dc4cf20,left out by the 1000-image subsample
not_sampled,no_flood,,aider_raw/AIDER/normal/normal_image1888.jpg,440c4eef8a813a9d1f52a5f09a6d7860,left out by the 1000-image subsample
not_sampled,no_flood,,aider_raw/AIDER/normal/normal_image1889.jpg,d4cfa9e2fd9409023c5367120a19186a,left out by the 1000-image subsample
not_sampled,no_flood,,aider_raw/AIDER/normal/normal_image1890.jpg,dc0e21f6b11dafd14acdbe9bf5589765,left out by the 1000-image subsample
not_sampled,no_flood,,aider_raw/AIDER/normal/normal_image1891.jpg,fcccf1a895d610fc024a13cab04d1285,left out by the 1000-image subsample
not_sampled,no_flood,,aider_raw/AIDER/normal/normal_image1892.jpg,a77e04fb614a692a822f4a10d72c21f1,left out by the 1000-image subsample
not_sampled,no_flood,,aider_raw/AIDER/normal/normal_image1893.jpg,d1a63e33c71a904cbadc3db1ca593292,left out by the 1000-image subsample
not_sampled,no_flood,,aider_raw/AIDER/normal/normal_image1894.jpg,b1ab460d33488df5a7cc7400c17f7dc6,left out by the 1000-image subsample
not_sampled,no_flood,,aider_raw/AIDER/normal/normal_image1895.jpg,51ed4ce85b64a2cf56eac73c176191d5,left out by the 1000-image subsample
not_sampled,no_flood,,aider_raw/AIDER/normal/normal_image1897.jpg,316cc291366b2130367c8fb43d9fc038,left out by the 1000-image subsample
not_sampled,no_flood,,aider_raw/AIDER/normal/normal_image1898.jpg,c2a3b2953e03dc43118368d03e61e393,left out by the 1000-image subsample
not_sampled,no_flood,,aider_raw/AIDER/normal/normal_image1899.jpg,b26b97e6d4f815ba8d35cc3929c76a16,left out by the 1000-image subsample
not_sampled,no_flood,,aider_raw/AIDER/normal/normal_image1900.jpg,cc54cf4cbbec152a651c5c1a0aa8cba4,left out by the 1000-image subsample
not_sampled,no_flood,,aider_raw/AIDER/normal/normal_image1901.jpg,7f301282fa180c1086d705fdc107ddac,left out by the 1000-image subsample
not_sampled,no_flood,,aider_raw/AIDER/normal/normal_image1902.jpg,a04ceff622dcc8aa313e17f0ded6ca2d,left out by the 1000-image subsample
not_sampled,no_flood,,aider_raw/AIDER/normal/normal_image1903.jpg,2f3f212059eed313682de2c5b3d08bd8,left out by the 1000-image subsample
not_sampled,no_flood,,aider_raw/AIDER/normal/normal_image1905.jpg,6102a41ed827ce4ef967c46be71cecc8,left out by the 1000-image subsample
not_sampled,no_flood,,aider_raw/AIDER/normal/normal_image1906.jpg,eb033c5cfed10f224f29493022a41a12,left out by the 1000-image subsample
not_sampled,no_flood,,aider_raw/AIDER/normal/normal_image1907.jpg,27d01ef83c16f3bb21c7d6a11e29eece,left out by the 1000-image subsample
not_sampled,no_flood,,aider_raw/AIDER/normal/normal_image1908.jpg,07db5aefdf8c9c1ae7bd131ebfd7d11d,left out by the 1000-image subsample
not_sampled,no_flood,,aider_raw/AIDER/normal/normal_image1910.jpg,a3ef3761679f93c4d8adbb3a5b486e3e,left out by the 1000-image subsample
not_sampled,no_flood,,aider_raw/AIDER/normal/normal_image1911.jpg,6359d1b6af5cb95a0e9b70cf4c1586c6,left out by the 1000-image subsample
not_sampled,no_flood,,aider_raw/AIDER/normal/normal_image1912.jpg,6eeb879192ad375252979b081e84612c,left out by the 1000-image subsample
not_sampled,no_flood,,aider_raw/AIDER/normal/normal_image1913.jpg,98a541299c40c8bb7418d6df26f42db8,left out by the 1000-image subsample
not_sampled,no_flood,,aider_raw/AIDER/normal/normal_image1915.jpg,536fbab6bd36ac2ce61df31e9c163190,left out by the 1000-image subsample
not_sampled,no_flood,,aider_raw/AIDER/normal/normal_image1916.jpg,e9865aa7db8b84018b57d2907015614e,left out by the 1000-image subsample
not_sampled,no_flood,,aider_raw/AIDER/normal/normal_image1917.jpg,637c7bf37116ada4c286ddf3d7fc472d,left out by the 1000-image subsample
not_sampled,no_flood,,aider_raw/AIDER/normal/normal_image1919.jpg,f7e47b57401e120d848e55b12b6b54c7,left out by the 1000-image subsample
not_sampled,no_flood,,aider_raw/AIDER/normal/normal_image1920.jpg,4448293dff175651a351b3451d6bd0b9,left out by the 1000-image subsample
not_sampled,no_flood,,aider_raw/AIDER/normal/normal_image1922.jpg,3a6dca8d988f987254c060c6bfa4b1d7,left out by the 1000-image subsample
not_sampled,no_flood,,aider_raw/AIDER/normal/normal_image1923.jpg,2ef6121abe27f03d8652687e4d3c76ed,left out by the 1000-image subsample
not_sampled,no_flood,,aider_raw/AIDER/normal/normal_image1925.jpg,e2b9551f253db45cfb3fae882c6d0796,left out by the 1000-image subsample
not_sampled,no_flood,,aider_raw/AIDER/normal/normal_image1928.jpg,c7fae97994b4c7073930bcf222482c0e,left out by the 1000-image subsample
not_sampled,no_flood,,aider_raw/AIDER/normal/normal_image1931.jpg,4051980490f27bdc5a2a16a7277edb88,left out by the 1000-image subsample
not_sampled,no_flood,,aider_raw/AIDER/normal/normal_image1933.jpg,409d93bdb6e8929ec02f67bacc8f9537,left out by the 1000-image subsample
not_sampled,no_flood,,aider_raw/AIDER/normal/normal_image1934.jpg,510472b4865d9591759b8abea382da3d,left out by the 1000-image subsample
not_sampled,no_flood,,aider_raw/AIDER/normal/normal_image1938.jpg,4005d076c170feec60a415c550f2f299,left out by the 1000-image subsample
not_sampled,no_flood,,aider_raw/AIDER/normal/normal_image1939.jpg,bbd05a1c402e6ffc1613382934eaaba3,left out by the 1000-image subsample
not_sampled,no_flood,,aider_raw/AIDER/normal/normal_image1940.jpg,9250bab2dccb1b644cbcc2156f29b77d,left out by the 1000-image subsample
not_sampled,no_flood,,aider_raw/AIDER/normal/normal_image1941.jpg,60ed4fc30188e9dd4d5f45b6f8db20e0,left out by the 1000-image subsample
not_sampled,no_flood,,aider_raw/AIDER/normal/normal_image1942.jpg,c6eaec2e9b02e2f80f1ce6f8a3cf4f94,left out by the 1000-image subsample
not_sampled,no_flood,,aider_raw/AIDER/normal/normal_image1943.jpg,100e8555bcc98f6772413eae916c7221,left out by the 1000-image subsample
not_sampled,no_flood,,aider_raw/AIDER/normal/normal_image1946.jpg,1b6ec5c4c05e0c925282769a508fcad1,left out by the 1000-image subsample
not_sampled,no_flood,,aider_raw/AIDER/normal/normal_image1948.jpg,b077d4ab08b36826446ce93b858204bf,left out by the 1000-image subsample
not_sampled,no_flood,,aider_raw/AIDER/normal/normal_image1949.jpg,df3f8732a6127e251894c7db31f1a23d,left out by the 1000-image subsample
not_sampled,no_flood,,aider_raw/AIDER/normal/normal_image1950.jpg,9f99816c142b64d219f431bb27b83d40,left out by the 1000-image subsample
not_sampled,no_flood,,aider_raw/AIDER/normal/normal_image1951.jpg,614a680ae6ab44c99ccd33e342356a9d,left out by the 1000-image subsample
not_sampled,no_flood,,aider_raw/AIDER/normal/normal_image1953.jpg,afcc2a761ad7162cc46bcabeee2c1845,left out by the 1000-image subsample
not_sampled,no_flood,,aider_raw/AIDER/normal/normal_image1955.jpg,4d108973b67e5e3cca02058b9c084c94,left out by the 1000-image subsample
not_sampled,no_flood,,aider_raw/AIDER/normal/normal_image1957.jpg,cc9ee8b04de2715fb2a4ab510bd8b7b0,left out by the 1000-image subsample
not_sampled,no_flood,,aider_raw/AIDER/normal/normal_image1958.jpg,223d3faa91ec52586997287665e8112e,left out by the 1000-image subsample
not_sampled,no_flood,,aider_raw/AIDER/normal/normal_image1960.jpg,a150eab856fa8c5ac969a7c4d2e808e5,left out by the 1000-image subsample
not_sampled,no_flood,,aider_raw/AIDER/normal/normal_image1962.jpg,c05d7f65b246a6c8739e148d6f2e15a8,left out by the 1000-image subsample
not_sampled,no_flood,,aider_raw/AIDER/normal/normal_image1963.jpg,8431840ee23995aa0585ce2d07a2b71e,left out by the 1000-image subsample
not_sampled,no_flood,,aider_raw/AIDER/normal/normal_image1965.jpg,0eea04a64ed63c081f885e6359dd8070,left out by the 1000-image subsample
not_sampled,no_flood,,aider_raw/AIDER/normal/normal_image1966.jpg,881a834ad7d1ffc2ea4ec9df4cb86d8d,left out by the 1000-image subsample
not_sampled,no_flood,,aider_raw/AIDER/normal/normal_image1968.jpg,646121a956617adf43936b414f683ddb,left out by the 1000-image subsample
not_sampled,no_flood,,aider_raw/AIDER/normal/normal_image1969.jpg,d8bb80b981b318391c5a7bf67b4e7164,left out by the 1000-image subsample
not_sampled,no_flood,,aider_raw/AIDER/normal/normal_image1970.jpg,5d4af408975781b88136aa7eac7efd6a,left out by the 1000-image subsample
not_sampled,no_flood,,aider_raw/AIDER/normal/normal_image1971.jpg,f4bf9a5b6f0af21110966530b649ec99,left out by the 1000-image subsample
not_sampled,no_flood,,aider_raw/AIDER/normal/normal_image1972.jpg,cfb5a9f74afd9204bfb21f5cf3a64e72,left out by the 1000-image subsample
not_sampled,no_flood,,aider_raw/AIDER/normal/normal_image1974.jpg,e3cacad24c1b5c424d7cb975abc3aaf4,left out by the 1000-image subsample
not_sampled,no_flood,,aider_raw/AIDER/normal/normal_image1975.jpg,1e8155fe16947a6ac164559a08f6a697,left out by the 1000-image subsample
not_sampled,no_flood,,aider_raw/AIDER/normal/normal_image1976.jpg,633f6a212f3757882101ef2f3d2e3639,left out by the 1000-image subsample
not_sampled,no_flood,,aider_raw/AIDER/normal/normal_image1977.jpg,42b892614bd257805f5c1a54379385cf,left out by the 1000-image subsample
not_sampled,no_flood,,aider_raw/AIDER/normal/normal_image1979.jpg,e2c9540c85409a41bbec48eef03d7e74,left out by the 1000-image subsample
not_sampled,no_flood,,aider_raw/AIDER/normal/normal_image1980.jpg,2dcfa2724d1d931274dd1cd120e56153,left out by the 1000-image subsample
not_sampled,no_flood,,aider_raw/AIDER/normal/normal_image1981.jpg,bff0231ed645e18c1ed50c00e8ba511e,left out by the 1000-image subsample
not_sampled,no_flood,,aider_raw/AIDER/normal/normal_image1982.jpg,f0cf051f2cfd46e7f313617152d7b620,left out by the 1000-image subsample
not_sampled,no_flood,,aider_raw/AIDER/normal/normal_image1984.jpg,fcce1f5ed86b0443fbd0b123f8cb3af1,left out by the 1000-image subsample
not_sampled,no_flood,,aider_raw/AIDER/normal/normal_image1985.jpg,725c7de1380b6c9734d43a8156e7c7c3,left out by the 1000-image subsample
not_sampled,no_flood,,aider_raw/AIDER/normal/normal_image1987.jpg,931e7abecaea2ded16f08db78cb37aaf,left out by the 1000-image subsample
not_sampled,no_flood,,aider_raw/AIDER/normal/normal_image1990.jpg,3f7c662c869776ebbdb762649d30280f,left out by the 1000-image subsample
not_sampled,no_flood,,aider_raw/AIDER/normal/normal_image1992.jpg,0da74444d4bc4f5de81b7415e0622864,left out by the 1000-image subsample
not_sampled,no_flood,,aider_raw/AIDER/normal/normal_image1993.jpg,70a601a49b7e6aab844a99642b09dae3,left out by the 1000-image subsample
not_sampled,no_flood,,aider_raw/AIDER/normal/normal_image1994.jpg,17ce705b09bc0fecf40a224ba0a6c109,left out by the 1000-image subsample
not_sampled,no_flood,,aider_raw/AIDER/normal/normal_image1997.jpg,9ae6765286c7a8e54babe17ddc39bc17,left out by the 1000-image subsample
not_sampled,no_flood,,aider_raw/AIDER/normal/normal_image1999.jpg,39c8d0476c3ae86b888f90c1a3d8cc1e,left out by the 1000-image subsample
not_sampled,no_flood,,aider_raw/AIDER/normal/normal_image2000.jpg,36e5b6a3256fc378445a86bf1c6df819,left out by the 1000-image subsample
not_sampled,no_flood,,aider_raw/AIDER/normal/normal_image2001.jpg,c8be90594bc3e780dc154de83a8ecea9,left out by the 1000-image subsample
not_sampled,no_flood,,aider_raw/AIDER/normal/normal_image2002.jpg,f61e56d656e8a5ae214a1ddc8dc4a025,left out by the 1000-image subsample
not_sampled,no_flood,,aider_raw/AIDER/normal/normal_image2003.jpg,782f0018d0d12d4d7a63d036fb9d31a0,left out by the 1000-image subsample
not_sampled,no_flood,,aider_raw/AIDER/normal/normal_image2004.jpg,850274257f69da7b4363b9bb60fe4827,left out by the 1000-image subsample
not_sampled,no_flood,,aider_raw/AIDER/normal/normal_image2007.jpg,265d7b81bf9b20e7f9f943d250c34852,left out by the 1000-image subsample
not_sampled,no_flood,,aider_raw/AIDER/normal/normal_image2010.jpg,6c0c41b7a94e36a52a579d03a1697f02,left out by the 1000-image subsample
not_sampled,no_flood,,aider_raw/AIDER/normal/normal_image2011.jpg,12f26aaaec239bcc0ef14063aa4ebbf4,left out by the 1000-image subsample
not_sampled,no_flood,,aider_raw/AIDER/normal/normal_image2012.jpg,afd821b26f850f12de7aea82dbec8936,left out by the 1000-image subsample
not_sampled,no_flood,,aider_raw/AIDER/normal/normal_image2013.jpg,b4af66095b01dba43509d90b39ba6a76,left out by the 1000-image subsample
not_sampled,no_flood,,aider_raw/AIDER/normal/normal_image2014.jpg,fd1e5440a999145fdf1188019306aa84,left out by the 1000-image subsample
not_sampled,no_flood,,aider_raw/AIDER/normal/normal_image2017.jpg,2d7a027fd327b1b7c29dbe575fddb7e2,left out by the 1000-image subsample
not_sampled,no_flood,,aider_raw/AIDER/normal/normal_image2018.jpg,267148c308a11700713c48b7848d89cd,left out by the 1000-image subsample
not_sampled,no_flood,,aider_raw/AIDER/normal/normal_image2019.jpg,a51737031d59f6dcee3c0af3dbd93ce2,left out by the 1000-image subsample
not_sampled,no_flood,,aider_raw/AIDER/normal/normal_image2020.jpg,404d21c4e4e207a78290da0d407d5f71,left out by the 1000-image subsample
not_sampled,no_flood,,aider_raw/AIDER/normal/normal_image2021.jpg,af29334d1e7a9cbb29d89a9817f496aa,left out by the 1000-image subsample
not_sampled,no_flood,,aider_raw/AIDER/normal/normal_image2023.jpg,7f3b2753e7854c3b9c858c570b0bd772,left out by the 1000-image subsample
not_sampled,no_flood,,aider_raw/AIDER/normal/normal_image2024.jpg,63dd613aa81775c115dbf3392eb80b85,left out by the 1000-image subsample
not_sampled,no_flood,,aider_raw/AIDER/normal/normal_image2025.jpg,0295d2efefc3c90d9a10be9dceacc274,left out by the 1000-image subsample
not_sampled,no_flood,,aider_raw/AIDER/normal/normal_image2026.jpg,e787685a76eaf7e7d84342f51d951681,left out by the 1000-image subsample
not_sampled,no_flood,,aider_raw/AIDER/normal/normal_image2027.jpg,baa3d652816542f457da652accd5e827,left out by the 1000-image subsample
not_sampled,no_flood,,aider_raw/AIDER/normal/normal_image2028.jpg,90736d628d1dcbf51a755fd13975e22f,left out by the 1000-image subsample
not_sampled,no_flood,,aider_raw/AIDER/normal/normal_image2029.jpg,94655a2ed15dde366daa3d51fb7aa873,left out by the 1000-image subsample
not_sampled,no_flood,,aider_raw/AIDER/normal/normal_image2030.jpg,a4ed82e6e1cc970ad12238a457e4af7f,left out by the 1000-image subsample
not_sampled,no_flood,,aider_raw/AIDER/normal/normal_image2031.jpg,d798cebc6beb603994cd02ffd5db6d28,left out by the 1000-image subsample
not_sampled,no_flood,,aider_raw/AIDER/normal/normal_image2033.jpg,802a784e5dc1b3b434be376b37400c25,left out by the 1000-image subsample
not_sampled,no_flood,,aider_raw/AIDER/normal/normal_image2035.jpg,5b2c88a57e8f1ee6eb7887e52ce435c5,left out by the 1000-image subsample
not_sampled,no_flood,,aider_raw/AIDER/normal/normal_image2036.jpg,54e244aa25b400f6e3a24eb587ec836b,left out by the 1000-image subsample
not_sampled,no_flood,,aider_raw/AIDER/normal/normal_image2039.jpg,b46a4317a2cd4b2c329c7e38787c2ed5,left out by the 1000-image subsample
not_sampled,no_flood,,aider_raw/AIDER/normal/normal_image2040.jpg,114e001d4c154bb0a6aec9a8e893588c,left out by the 1000-image subsample
not_sampled,no_flood,,aider_raw/AIDER/normal/normal_image2041.jpg,ed7973b927e9732a49d9041590126fea,left out by the 1000-image subsample
not_sampled,no_flood,,aider_raw/AIDER/normal/normal_image2042.jpg,728fa44cf2626fcffb6512d7bfff7b73,left out by the 1000-image subsample
not_sampled,no_flood,,aider_raw/AIDER/normal/normal_image2043.jpg,d282e5dd3d807a943d6dd898319046a2,left out by the 1000-image subsample
not_sampled,no_flood,,aider_raw/AIDER/normal/normal_image2044.jpg,9e2a81f2df032bda072f402460039f2b,left out by the 1000-image subsample
not_sampled,no_flood,,aider_raw/AIDER/normal/normal_image2045.jpg,03e4751febe22bc0ecbf87721d6ca5a6,left out by the 1000-image subsample
not_sampled,no_flood,,aider_raw/AIDER/normal/normal_image2046.jpg,f09cab853b27a832bcc319d71d02415d,left out by the 1000-image subsample
not_sampled,no_flood,,aider_raw/AIDER/normal/normal_image2048.jpg,155737b709ac368e5ac6cca23665666a,left out by the 1000-image subsample
not_sampled,no_flood,,aider_raw/AIDER/normal/normal_image2049.jpg,691ee1190fd4a61eda8bec683e2499a4,left out by the 1000-image subsample
not_sampled,no_flood,,aider_raw/AIDER/normal/normal_image2051.jpg,e28344bb18454ad7144611dc09c6b892,left out by the 1000-image subsample
not_sampled,no_flood,,aider_raw/AIDER/normal/normal_image2052.jpg,cbabd86228821bda6b9885c94cae96a9,left out by the 1000-image subsample
not_sampled,no_flood,,aider_raw/AIDER/normal/normal_image2053.jpg,83d54ae1b93d2cfe46a659a18b3e4878,left out by the 1000-image subsample
not_sampled,no_flood,,aider_raw/AIDER/normal/normal_image2054.jpg,358e4b728e29356912bc123b37f09f04,left out by the 1000-image subsample
not_sampled,no_flood,,aider_raw/AIDER/normal/normal_image2055.jpg,59d7fd733608cc1edb25a59763d39a12,left out by the 1000-image subsample
not_sampled,no_flood,,aider_raw/AIDER/normal/normal_image2056.jpg,43e0bfe0ba463b3b8a5851d438a2c1b2,left out by the 1000-image subsample
not_sampled,no_flood,,aider_raw/AIDER/normal/normal_image2057.jpg,29ddff892a358275266a6c834cf802a9,left out by the 1000-image subsample
not_sampled,no_flood,,aider_raw/AIDER/normal/normal_image2058.jpg,b0f4953f247590be6dfbdfe78264f580,left out by the 1000-image subsample
not_sampled,no_flood,,aider_raw/AIDER/normal/normal_image2059.jpg,da03feae1af518daf3c64b1bc3281649,left out by the 1000-image subsample
not_sampled,no_flood,,aider_raw/AIDER/normal/normal_image2060.jpg,7f7028d3e5b65152a722f2dec908fd07,left out by the 1000-image subsample
not_sampled,no_flood,,aider_raw/AIDER/normal/normal_image2063.jpg,8b0036d95639ff1950ebb15c06b82581,left out by the 1000-image subsample
not_sampled,no_flood,,aider_raw/AIDER/normal/normal_image2064.jpg,f052e3329b409bcc14262de6f848e54a,left out by the 1000-image subsample
not_sampled,no_flood,,aider_raw/AIDER/normal/normal_image2065.jpg,e4eddb5b4e63dc14dc76c2dff38ff478,left out by the 1000-image subsample
not_sampled,no_flood,,aider_raw/AIDER/normal/normal_image2066.jpg,9bd0796b1664e851e2cc4fbca548a3c2,left out by the 1000-image subsample
not_sampled,no_flood,,aider_raw/AIDER/normal/normal_image2067.jpg,4db2bb2c7867b86e164ddf6a22f43d21,left out by the 1000-image subsample
not_sampled,no_flood,,aider_raw/AIDER/normal/normal_image2068.jpg,183798a2c4b21814a9418075fc04b60c,left out by the 1000-image subsample
not_sampled,no_flood,,aider_raw/AIDER/normal/normal_image2070.jpg,ce3540e5bdd2d38001e7afa878bfe53c,left out by the 1000-image subsample
not_sampled,no_flood,,aider_raw/AIDER/normal/normal_image2071.jpg,c1589d19ffca10010a6dc4b05fef88e4,left out by the 1000-image subsample
not_sampled,no_flood,,aider_raw/AIDER/normal/normal_image2073.jpg,f7659c906ef3ddbc66455f6f685ed9be,left out by the 1000-image subsample
not_sampled,no_flood,,aider_raw/AIDER/normal/normal_image2074.jpg,86f21d4709224b81695f525447f7f94e,left out by the 1000-image subsample
not_sampled,no_flood,,aider_raw/AIDER/normal/normal_image2075.jpg,1195550b9580e5c589fe30843b101fa2,left out by the 1000-image subsample
not_sampled,no_flood,,aider_raw/AIDER/normal/normal_image2076.jpg,32a2d6e29e78782866d3951a59e616ef,left out by the 1000-image subsample
not_sampled,no_flood,,aider_raw/AIDER/normal/normal_image2077.jpg,c11d788def08ed5a00ef7a7a04e4449f,left out by the 1000-image subsample
not_sampled,no_flood,,aider_raw/AIDER/normal/normal_image2078.jpg,b3f6794aa029c077aef017b6c195769a,left out by the 1000-image subsample
not_sampled,no_flood,,aider_raw/AIDER/normal/normal_image2079.jpg,6938045ccfd3a7d4354d4c2daf85ac00,left out by the 1000-image subsample
not_sampled,no_flood,,aider_raw/AIDER/normal/normal_image2080.jpg,e87801c47174b5c59f60fa371b0992d8,left out by the 1000-image subsample
not_sampled,no_flood,,aider_raw/AIDER/normal/normal_image2081.jpg,78c51003c19cd82a16de2df509c4c25b,left out by the 1000-image subsample
not_sampled,no_flood,,aider_raw/AIDER/normal/normal_image2084.jpg,8357c1791c81e3e17ff3ba9b67d8c564,left out by the 1000-image subsample
not_sampled,no_flood,,aider_raw/AIDER/normal/normal_image2085.jpg,38027893c08fd9cd17db07884b02cc01,left out by the 1000-image subsample
not_sampled,no_flood,,aider_raw/AIDER/normal/normal_image2086.jpg,e1d6415b8eeb5cd6dbee1d6a6f501558,left out by the 1000-image subsample
not_sampled,no_flood,,aider_raw/AIDER/normal/normal_image2087.jpg,6dd1e5c5699524c4a0d9bbfce4a53b04,left out by the 1000-image subsample
not_sampled,no_flood,,aider_raw/AIDER/normal/normal_image2089.jpg,4def33504f8d763c9a04b5a4b40365f4,left out by the 1000-image subsample
not_sampled,no_flood,,aider_raw/AIDER/normal/normal_image2090.jpg,3f25dff0eb7382f183bc9c2c51ccaf42,left out by the 1000-image subsample
not_sampled,no_flood,,aider_raw/AIDER/normal/normal_image2091.jpg,f4daf4f699e37fca568da83bfebd409b,left out by the 1000-image subsample
not_sampled,no_flood,,aider_raw/AIDER/normal/normal_image2092.jpg,676630b2dfba0df6786386a3cb02f8ec,left out by the 1000-image subsample
not_sampled,no_flood,,aider_raw/AIDER/normal/normal_image2093.jpg,78b7bd183275f0b505d55ab61897a257,left out by the 1000-image subsample
not_sampled,no_flood,,aider_raw/AIDER/normal/normal_image2094.jpg,2fa641d97a0faea935e9cae8cf85e57e,left out by the 1000-image subsample
not_sampled,no_flood,,aider_raw/AIDER/normal/normal_image2096.jpg,eaa653a0dac22f65940b0fcd97c10a71,left out by the 1000-image subsample
not_sampled,no_flood,,aider_raw/AIDER/normal/normal_image2098.jpg,32164b1fa600791edf67dfc6f65f1755,left out by the 1000-image subsample
not_sampled,no_flood,,aider_raw/AIDER/normal/normal_image2099.jpg,6e2736eec45341baad604421e9eb6c1b,left out by the 1000-image subsample
not_sampled,no_flood,,aider_raw/AIDER/normal/normal_image2100.jpg,8c2610d759b7d6613e5f5ed0ac4ff889,left out by the 1000-image subsample
not_sampled,no_flood,,aider_raw/AIDER/normal/normal_image2101.jpg,a5dd60c0a2665ce0d168ab91162db71a,left out by the 1000-image subsample
not_sampled,no_flood,,aider_raw/AIDER/normal/normal_image2102.jpg,f06fefcc4007a0fd7a0e8baff31db8c1,left out by the 1000-image subsample
not_sampled,no_flood,,aider_raw/AIDER/normal/normal_image2103.jpg,d67ca5e27fc00dea6033841e15609bc7,left out by the 1000-image subsample
not_sampled,no_flood,,aider_raw/AIDER/normal/normal_image2104.jpg,527196f31300bf84fc61704620b6e745,left out by the 1000-image subsample
not_sampled,no_flood,,aider_raw/AIDER/normal/normal_image2105.jpg,fcd8ee4cbd0e3312c4e56b077f6abe0a,left out by the 1000-image subsample
not_sampled,no_flood,,aider_raw/AIDER/normal/normal_image2106.jpg,16c19f8d7449c8cb96be87d32e9bd962,left out by the 1000-image subsample
not_sampled,no_flood,,aider_raw/AIDER/normal/normal_image2107.jpg,77d1af8882b29d00416f0037d2f59e16,left out by the 1000-image subsample
not_sampled,no_flood,,aider_raw/AIDER/normal/normal_image2108.jpg,d18f47b7b2c69fcc26fb40628e2576ab,left out by the 1000-image subsample
not_sampled,no_flood,,aider_raw/AIDER/normal/normal_image2109.jpg,83c50cc6de82b1582d259307b4eeadb4,left out by the 1000-image subsample
not_sampled,no_flood,,aider_raw/AIDER/normal/normal_image2110.jpg,e9a2c4d1e243164da59bd64244aa9fc0,left out by the 1000-image subsample
not_sampled,no_flood,,aider_raw/AIDER/normal/normal_image2111.jpg,f3504069165c5c5e7248b5dbb75669a2,left out by the 1000-image subsample
not_sampled,no_flood,,aider_raw/AIDER/normal/normal_image2112.jpg,ee8ca17bffa442307ce74eb8dfd5a92c,left out by the 1000-image subsample
not_sampled,no_flood,,aider_raw/AIDER/normal/normal_image2115.jpg,15f4c30f8608f774d4a4509c7bedff71,left out by the 1000-image subsample
not_sampled,no_flood,,aider_raw/AIDER/normal/normal_image2116.jpg,f84bba27363dc427e805a308ff43e569,left out by the 1000-image subsample
not_sampled,no_flood,,aider_raw/AIDER/normal/normal_image2118.jpg,70cd1d71b170c23db01e690bdd8d0ac5,left out by the 1000-image subsample
not_sampled,no_flood,,aider_raw/AIDER/normal/normal_image2119.jpg,3ad044e9e5c81c62566b48aac7cb366e,left out by the 1000-image subsample
not_sampled,no_flood,,aider_raw/AIDER/normal/normal_image2120.jpg,6624892bd0cf7278e8a31c3263453dda,left out by the 1000-image subsample
not_sampled,no_flood,,aider_raw/AIDER/normal/normal_image2122.jpg,acf1b3307306b5e297b675b90024ed8b,left out by the 1000-image subsample
not_sampled,no_flood,,aider_raw/AIDER/normal/normal_image2124.jpg,58cffba4c372312f8599d70a2368d0ff,left out by the 1000-image subsample
not_sampled,no_flood,,aider_raw/AIDER/normal/normal_image2125.jpg,cab3ec3ad2333b074dc69a6f19682f6f,left out by the 1000-image subsample
not_sampled,no_flood,,aider_raw/AIDER/normal/normal_image2127.jpg,b546ca33299e37407f5e94dd6f08fb35,left out by the 1000-image subsample
not_sampled,no_flood,,aider_raw/AIDER/normal/normal_image2128.jpg,b757f2a3771534a645cacd15de6d6472,left out by the 1000-image subsample
not_sampled,no_flood,,aider_raw/AIDER/normal/normal_image2129.jpg,e1edadd0376c2039151368892ef38e7b,left out by the 1000-image subsample
not_sampled,no_flood,,aider_raw/AIDER/normal/normal_image2130.jpg,54a724ac436acd07e95b3b4247167c4c,left out by the 1000-image subsample
not_sampled,no_flood,,aider_raw/AIDER/normal/normal_image2131.jpg,9445975622740c328a69be89e8e33f84,left out by the 1000-image subsample
not_sampled,no_flood,,aider_raw/AIDER/normal/normal_image2133.jpg,cd0577f1f404b70c6902ad274be4696e,left out by the 1000-image subsample
not_sampled,no_flood,,aider_raw/AIDER/normal/normal_image2136.jpg,387d54ca53be0ef337572b5926f912ab,left out by the 1000-image subsample
not_sampled,no_flood,,aider_raw/AIDER/normal/normal_image2138.jpg,b7f8f4adf68becd36d3ee321fe900213,left out by the 1000-image subsample
not_sampled,no_flood,,aider_raw/AIDER/normal/normal_image2139.jpg,509887c9cc8dac9ce5c3426d31bb63f2,left out by the 1000-image subsample
not_sampled,no_flood,,aider_raw/AIDER/normal/normal_image2140.jpg,0f05cc1faeb43f9ad5e15ab167844b30,left out by the 1000-image subsample
not_sampled,no_flood,,aider_raw/AIDER/normal/normal_image2141.jpg,5193d7e2a7c0de48291ec8c2c7b401aa,left out by the 1000-image subsample
not_sampled,no_flood,,aider_raw/AIDER/normal/normal_image2142.jpg,a57ca48e09b245eb34a477816d9717c3,left out by the 1000-image subsample
not_sampled,no_flood,,aider_raw/AIDER/normal/normal_image2143.jpg,8739c2178de18191ded9a1ebed31ef4f,left out by the 1000-image subsample
not_sampled,no_flood,,aider_raw/AIDER/normal/normal_image2145.jpg,c4d0abed4b03761adf7a439bda557718,left out by the 1000-image subsample
not_sampled,no_flood,,aider_raw/AIDER/normal/normal_image2146.jpg,16840c0fe33c1ec7077db2a358d954e1,left out by the 1000-image subsample
not_sampled,no_flood,,aider_raw/AIDER/normal/normal_image2147.jpg,5cb28bfc3f42b27af647566493b5e1a3,left out by the 1000-image subsample
not_sampled,no_flood,,aider_raw/AIDER/normal/normal_image2148.jpg,7a25934d8203e976b89313b76a55fb2c,left out by the 1000-image subsample
not_sampled,no_flood,,aider_raw/AIDER/normal/normal_image2151.jpg,9c0aecdb5f1c00a6c4a1efd2a095d294,left out by the 1000-image subsample
not_sampled,no_flood,,aider_raw/AIDER/normal/normal_image2152.jpg,54c840ca65a4008547ff9370aed17747,left out by the 1000-image subsample
not_sampled,no_flood,,aider_raw/AIDER/normal/normal_image2153.jpg,f5dce64241b83806370a4078a1ccfc52,left out by the 1000-image subsample
not_sampled,no_flood,,aider_raw/AIDER/normal/normal_image2155.jpg,d9847e448f75e763ce9b729cee23e69e,left out by the 1000-image subsample
not_sampled,no_flood,,aider_raw/AIDER/normal/normal_image2156.jpg,919b7eedb361bdd295fc4a0953f3dc12,left out by the 1000-image subsample
not_sampled,no_flood,,aider_raw/AIDER/normal/normal_image2157.jpg,fa96ce30ddae022d460f89e4d4d56cbc,left out by the 1000-image subsample
not_sampled,no_flood,,aider_raw/AIDER/normal/normal_image2159.jpg,d2566017c62b5b3ef15a0f4cb931e7e9,left out by the 1000-image subsample
not_sampled,no_flood,,aider_raw/AIDER/normal/normal_image2160.jpg,57924911b4e740cc786ac295d1f349a3,left out by the 1000-image subsample
not_sampled,no_flood,,aider_raw/AIDER/normal/normal_image2162.jpg,599e0d80a5a23630d50b2a1e90a4d049,left out by the 1000-image subsample
not_sampled,no_flood,,aider_raw/AIDER/normal/normal_image2163.jpg,854f53861049c23d43dfa079b30fabb0,left out by the 1000-image subsample
not_sampled,no_flood,,aider_raw/AIDER/normal/normal_image2165.jpg,d04337ba8718d5ed2139a65d79a57024,left out by the 1000-image subsample
not_sampled,no_flood,,aider_raw/AIDER/normal/normal_image2166.jpg,d11a750d1ca90d502d283eb378ff4360,left out by the 1000-image subsample
not_sampled,no_flood,,aider_raw/AIDER/normal/normal_image2169.jpg,46214d6c32f15a35e54bbef078b8b0fb,left out by the 1000-image subsample
not_sampled,no_flood,,aider_raw/AIDER/normal/normal_image2170.jpg,8ada0f05c1eeb23f9beb1737bae0810c,left out by the 1000-image subsample
not_sampled,no_flood,,aider_raw/AIDER/normal/normal_image2171.jpg,f6b09802c0ddee41b4463971f50c30c7,left out by the 1000-image subsample
not_sampled,no_flood,,aider_raw/AIDER/normal/normal_image2173.jpg,1299e3dba5214cbefa89b186e7f48a62,left out by the 1000-image subsample
not_sampled,no_flood,,aider_raw/AIDER/normal/normal_image2174.jpg,f8ba9b24f78490a43108d574469a5133,left out by the 1000-image subsample
not_sampled,no_flood,,aider_raw/AIDER/normal/normal_image2175.jpg,40d41c2c62e66bbe53781c709a5068e3,left out by the 1000-image subsample
not_sampled,no_flood,,aider_raw/AIDER/normal/normal_image2176.jpg,081fc5479c75cb047f0ed68c8e794ee8,left out by the 1000-image subsample
not_sampled,no_flood,,aider_raw/AIDER/normal/normal_image2177.jpg,310a63401a8fd1460893be5ce85e5c0f,left out by the 1000-image subsample
not_sampled,no_flood,,aider_raw/AIDER/normal/normal_image2178.jpg,7470124cdd3d567758a6d2dbf0e1283d,left out by the 1000-image subsample
not_sampled,no_flood,,aider_raw/AIDER/normal/normal_image2179.jpg,62294caeb54f271cf57d82a8f0325bd6,left out by the 1000-image subsample
not_sampled,no_flood,,aider_raw/AIDER/normal/normal_image2181.jpg,040b0fcd0d7780ae0c4ce2d582f97745,left out by the 1000-image subsample
not_sampled,no_flood,,aider_raw/AIDER/normal/normal_image2182.jpg,308a114b63549c3349c672bdc016eda2,left out by the 1000-image subsample
not_sampled,no_flood,,aider_raw/AIDER/normal/normal_image2183.jpg,c2a6037a96d2be56dcef35e488157ebb,left out by the 1000-image subsample
not_sampled,no_flood,,aider_raw/AIDER/normal/normal_image2184.jpg,484f2875d21327a63ab26899515b7402,left out by the 1000-image subsample
not_sampled,no_flood,,aider_raw/AIDER/normal/normal_image2185.jpg,b5da289523bb9c9844fee1fa0a0c9bea,left out by the 1000-image subsample
not_sampled,no_flood,,aider_raw/AIDER/normal/normal_image2186.jpg,d4b3d8b1cf5dfdea765545f9157ed456,left out by the 1000-image subsample
not_sampled,no_flood,,aider_raw/AIDER/normal/normal_image2187.jpg,b9765b8d12d577870a910f7405de22a1,left out by the 1000-image subsample
not_sampled,no_flood,,aider_raw/AIDER/normal/normal_image2188.jpg,fdba6f0d3f196da70221df8f31988669,left out by the 1000-image subsample
not_sampled,no_flood,,aider_raw/AIDER/normal/normal_image2189.jpg,3ee22d0d70ff9cd4f54ecbd10f88679b,left out by the 1000-image subsample
not_sampled,no_flood,,aider_raw/AIDER/normal/normal_image2190.jpg,e2ac390443ea75b281e3d63823f36bce,left out by the 1000-image subsample
not_sampled,no_flood,,aider_raw/AIDER/normal/normal_image2192.jpg,6a098a18f20914c202707941d1ad16c7,left out by the 1000-image subsample
not_sampled,no_flood,,aider_raw/AIDER/normal/normal_image2193.jpg,59bfaa657cdde5e22a7d70fd580fe9ee,left out by the 1000-image subsample
not_sampled,no_flood,,aider_raw/AIDER/normal/normal_image2194.jpg,70d7778c4b6df3c609b901adb345bd80,left out by the 1000-image subsample
not_sampled,no_flood,,aider_raw/AIDER/normal/normal_image2195.jpg,94e0d251812e59ef3897756ac58a141a,left out by the 1000-image subsample
not_sampled,no_flood,,aider_raw/AIDER/normal/normal_image2196.jpg,4dd66f694aad5d7dd8fc65d62f2fb497,left out by the 1000-image subsample
not_sampled,no_flood,,aider_raw/AIDER/normal/normal_image2197.jpg,3e318072508c49baf4e34d5c8c24ed94,left out by the 1000-image subsample
not_sampled,no_flood,,aider_raw/AIDER/normal/normal_image2198.jpg,3d07dd1480aa11098233d02cf9eb53cb,left out by the 1000-image subsample
not_sampled,no_flood,,aider_raw/AIDER/normal/normal_image2199.jpg,0322868b88c52215e2df563333c791e4,left out by the 1000-image subsample
not_sampled,no_flood,,aider_raw/AIDER/normal/normal_image2201.jpg,34bdda105453ea744c62d6f182ec1a2e,left out by the 1000-image subsample
not_sampled,no_flood,,aider_raw/AIDER/normal/normal_image2202.jpg,e61215a652391339c96ac76ec37fa304,left out by the 1000-image subsample
not_sampled,no_flood,,aider_raw/AIDER/normal/normal_image2203.jpg,67daf2a315344135aa8f19b8347a31d3,left out by the 1000-image subsample
not_sampled,no_flood,,aider_raw/AIDER/normal/normal_image2206.jpg,d62c56805b77642d9fcf65046d64bc4b,left out by the 1000-image subsample
not_sampled,no_flood,,aider_raw/AIDER/normal/normal_image2207.jpg,c821b78586c292e5a0c25f935031c214,left out by the 1000-image subsample
not_sampled,no_flood,,aider_raw/AIDER/normal/normal_image2208.jpg,83736a4cf82477e9586b248d45cab58c,left out by the 1000-image subsample
not_sampled,no_flood,,aider_raw/AIDER/normal/normal_image2211.jpg,66983ec5e46dca55ea2bafe398f36643,left out by the 1000-image subsample
not_sampled,no_flood,,aider_raw/AIDER/normal/normal_image2212.jpg,bd791867a655dad4d8183377db9684c5,left out by the 1000-image subsample
not_sampled,no_flood,,aider_raw/AIDER/normal/normal_image2213.jpg,e8e963be8c172719073ca925ac29df31,left out by the 1000-image subsample
not_sampled,no_flood,,aider_raw/AIDER/normal/normal_image2214.jpg,ea0eeba0980bd6aefb3583acab521958,left out by the 1000-image subsample
not_sampled,no_flood,,aider_raw/AIDER/normal/normal_image2215.jpg,c1aabc8b81468288ba15a4b74e82d7eb,left out by the 1000-image subsample
not_sampled,no_flood,,aider_raw/AIDER/normal/normal_image2216.jpg,c0d0126ab407e1c8252345ef23e2a3ef,left out by the 1000-image subsample
not_sampled,no_flood,,aider_raw/AIDER/normal/normal_image2218.jpg,21c634dc99f8fd5f0cbfeb94c13042c3,left out by the 1000-image subsample
not_sampled,no_flood,,aider_raw/AIDER/normal/normal_image2219.jpg,b1a2a6cce58180af8ff2da37147fb85c,left out by the 1000-image subsample
not_sampled,no_flood,,aider_raw/AIDER/normal/normal_image2220.jpg,5aa2a1ba79b166439e37b8eca3f9158b,left out by the 1000-image subsample
not_sampled,no_flood,,aider_raw/AIDER/normal/normal_image2221.jpg,e7257aae1fec43b4018365a0d41dc224,left out by the 1000-image subsample
not_sampled,no_flood,,aider_raw/AIDER/normal/normal_image2222.jpg,ab1619d3045062699482223ceba3facb,left out by the 1000-image subsample
not_sampled,no_flood,,aider_raw/AIDER/normal/normal_image2223.jpg,684ba1a0ae1e8dd749e2ae074262ca96,left out by the 1000-image subsample
not_sampled,no_flood,,aider_raw/AIDER/normal/normal_image2224.jpg,44cc5cdd742fbd14e1a7bc4c8e157a8c,left out by the 1000-image subsample
not_sampled,no_flood,,aider_raw/AIDER/normal/normal_image2225.jpg,4afe71d6dc84bc69876e645798ee5a3d,left out by the 1000-image subsample
not_sampled,no_flood,,aider_raw/AIDER/normal/normal_image2226.jpg,f571873d37557e45ffa40c94d4f9be82,left out by the 1000-image subsample
not_sampled,no_flood,,aider_raw/AIDER/normal/normal_image2227.jpg,1784805f3c64070a80ca729993ff72d3,left out by the 1000-image subsample
not_sampled,no_flood,,aider_raw/AIDER/normal/normal_image2229.jpg,0ecc59ed97edad24ad50b20867c91737,left out by the 1000-image subsample
not_sampled,no_flood,,aider_raw/AIDER/normal/normal_image2230.jpg,77074798852e4032d7b8db43f9e81ccb,left out by the 1000-image subsample
not_sampled,no_flood,,aider_raw/AIDER/normal/normal_image2231.jpg,7a39decf25b51c883508056c3222ae86,left out by the 1000-image subsample
not_sampled,no_flood,,aider_raw/AIDER/normal/normal_image2232.jpg,3cfb870a224e7bff9b912821e36684eb,left out by the 1000-image subsample
not_sampled,no_flood,,aider_raw/AIDER/normal/normal_image2233.jpg,01193405b6f34bbe67f92c8da4687f24,left out by the 1000-image subsample
not_sampled,no_flood,,aider_raw/AIDER/normal/normal_image2234.jpg,69c515b7092d6676f6550092f7758220,left out by the 1000-image subsample
not_sampled,no_flood,,aider_raw/AIDER/normal/normal_image2235.jpg,89c40cebd3314b7143893a4a49f84857,left out by the 1000-image subsample
not_sampled,no_flood,,aider_raw/AIDER/normal/normal_image2237.jpg,b0a47b397f52e7ced4df125d0249246f,left out by the 1000-image subsample
not_sampled,no_flood,,aider_raw/AIDER/normal/normal_image2239.jpg,1e002a1d9702b751e619480418abc24a,left out by the 1000-image subsample
not_sampled,no_flood,,aider_raw/AIDER/normal/normal_image2240.jpg,91131f01271cdb867add52ca5f959cc0,left out by the 1000-image subsample
not_sampled,no_flood,,aider_raw/AIDER/normal/normal_image2241.jpg,dd6aee5a472990c6c0bc8df4d1e3d61e,left out by the 1000-image subsample
not_sampled,no_flood,,aider_raw/AIDER/normal/normal_image2243.jpg,c915b2b0414a16b10cc2ff4818ae11d0,left out by the 1000-image subsample
not_sampled,no_flood,,aider_raw/AIDER/normal/normal_image2245.jpg,0b7efab5710b38279edabbd22489b21c,left out by the 1000-image subsample
not_sampled,no_flood,,aider_raw/AIDER/normal/normal_image2246.jpg,3e042fe3fcb502f8435a80abcdfda773,left out by the 1000-image subsample
not_sampled,no_flood,,aider_raw/AIDER/normal/normal_image2247.jpg,1b419d2df2516606fc751f4b590d0f87,left out by the 1000-image subsample
not_sampled,no_flood,,aider_raw/AIDER/normal/normal_image2248.jpg,6b3c7a3c63f5faf0b62589d5ad021d7b,left out by the 1000-image subsample
not_sampled,no_flood,,aider_raw/AIDER/normal/normal_image2249.jpg,9e9e8ed5069aeabfee6e848831b9a7f9,left out by the 1000-image subsample
not_sampled,no_flood,,aider_raw/AIDER/normal/normal_image2250.jpg,374196dcd74fbf3d11dc6935a56f0466,left out by the 1000-image subsample
not_sampled,no_flood,,aider_raw/AIDER/normal/normal_image2251.jpg,be439af64261de354a6c15da1e13a4aa,left out by the 1000-image subsample
not_sampled,no_flood,,aider_raw/AIDER/normal/normal_image2252.jpg,336c39ebf206b3998561533211cf9381,left out by the 1000-image subsample
not_sampled,no_flood,,aider_raw/AIDER/normal/normal_image2253.jpg,28a061f8351eabb0a71a52a7dac228bf,left out by the 1000-image subsample
not_sampled,no_flood,,aider_raw/AIDER/normal/normal_image2254.jpg,dba6c50a6c1364fb291840776a2effad,left out by the 1000-image subsample
not_sampled,no_flood,,aider_raw/AIDER/normal/normal_image2255.jpg,17845caf4a3c8efb765f4121c00a4c2f,left out by the 1000-image subsample
not_sampled,no_flood,,aider_raw/AIDER/normal/normal_image2256.jpg,ff0ff8efd6c73c0564b9023f5822839b,left out by the 1000-image subsample
not_sampled,no_flood,,aider_raw/AIDER/normal/normal_image2257.jpg,63073d7380dd3a2ab1986767c4c6fb56,left out by the 1000-image subsample
not_sampled,no_flood,,aider_raw/AIDER/normal/normal_image2260.jpg,7103c750d400bdb1679c190f2d961594,left out by the 1000-image subsample
not_sampled,no_flood,,aider_raw/AIDER/normal/normal_image2263.jpg,935ee9ee43451de03deb4d934f99144e,left out by the 1000-image subsample
not_sampled,no_flood,,aider_raw/AIDER/normal/normal_image2264.jpg,9f905cbe22949b16885445062713ee99,left out by the 1000-image subsample
not_sampled,no_flood,,aider_raw/AIDER/normal/normal_image2265.jpg,e8c4f9d12f34af4df4998c6839836e5a,left out by the 1000-image subsample
not_sampled,no_flood,,aider_raw/AIDER/normal/normal_image2266.jpg,0f5d07366a9da47a47da5b4ccf1264f9,left out by the 1000-image subsample
not_sampled,no_flood,,aider_raw/AIDER/normal/normal_image2267.jpg,ce2409676b2a1ab6d1f2184abf462d14,left out by the 1000-image subsample
not_sampled,no_flood,,aider_raw/AIDER/normal/normal_image2268.jpg,4df7d14461d28fb1a62b406a17848275,left out by the 1000-image subsample
not_sampled,no_flood,,aider_raw/AIDER/normal/normal_image2269.jpg,f4cd959da43ec4864294160882224ea0,left out by the 1000-image subsample
not_sampled,no_flood,,aider_raw/AIDER/normal/normal_image2271.jpg,c1d1552d0646ce089e5b31cccb89b55b,left out by the 1000-image subsample
not_sampled,no_flood,,aider_raw/AIDER/normal/normal_image2272.jpg,3f66e34ffdecf0e934cf130abcb54851,left out by the 1000-image subsample
not_sampled,no_flood,,aider_raw/AIDER/normal/normal_image2273.jpg,661b73052e91621a8e0914606fb5677c,left out by the 1000-image subsample
not_sampled,no_flood,,aider_raw/AIDER/normal/normal_image2274.jpg,8b0896cabb380f838d41560fd5f9cbb5,left out by the 1000-image subsample
not_sampled,no_flood,,aider_raw/AIDER/normal/normal_image2275.jpg,1c802290e63f3152ec97721335329186,left out by the 1000-image subsample
not_sampled,no_flood,,aider_raw/AIDER/normal/normal_image2276.jpg,f429164e7d8ba6d75314361d21cb429e,left out by the 1000-image subsample
not_sampled,no_flood,,aider_raw/AIDER/normal/normal_image2278.jpg,1a77349aa1ed6ceb247badadc47dba07,left out by the 1000-image subsample
not_sampled,no_flood,,aider_raw/AIDER/normal/normal_image2280.jpg,1836e82510631c0636005ee353810e6e,left out by the 1000-image subsample
not_sampled,no_flood,,aider_raw/AIDER/normal/normal_image2281.jpg,3d31ad3cc785955a59379bf40954c92c,left out by the 1000-image subsample
not_sampled,no_flood,,aider_raw/AIDER/normal/normal_image2282.jpg,e69cb288069e155d93a650285d12dae9,left out by the 1000-image subsample
not_sampled,no_flood,,aider_raw/AIDER/normal/normal_image2283.jpg,d2ac7cadd648675f8b0d0cb195392cf7,left out by the 1000-image subsample
not_sampled,no_flood,,aider_raw/AIDER/normal/normal_image2284.jpg,499ccaa0521a242db66030c1439f4218,left out by the 1000-image subsample
not_sampled,no_flood,,aider_raw/AIDER/normal/normal_image2285.jpg,5b89b7bc5c5df17b83dd8094a54b2758,left out by the 1000-image subsample
not_sampled,no_flood,,aider_raw/AIDER/normal/normal_image2287.jpg,b29b9ed7ca61ae1ae6344d850017cf6c,left out by the 1000-image subsample
not_sampled,no_flood,,aider_raw/AIDER/normal/normal_image2289.jpg,1f27d648772b40c04280ad778aa7dcf5,left out by the 1000-image subsample
not_sampled,no_flood,,aider_raw/AIDER/normal/normal_image2290.jpg,10150eb1b16852d51ec02fbf2260968c,left out by the 1000-image subsample
not_sampled,no_flood,,aider_raw/AIDER/normal/normal_image2292.jpg,6d93b35915711180f061edb792131106,left out by the 1000-image subsample
not_sampled,no_flood,,aider_raw/AIDER/normal/normal_image2293.jpg,854ec560e9eb6b4a9ac4c5cf1675ff93,left out by the 1000-image subsample
not_sampled,no_flood,,aider_raw/AIDER/normal/normal_image2294.jpg,a8f4aa7ec83097ed1c772a64770016fa,left out by the 1000-image subsample
not_sampled,no_flood,,aider_raw/AIDER/normal/normal_image2295.jpg,31c6127989d50e71143000bbb6cb9f6e,left out by the 1000-image subsample
not_sampled,no_flood,,aider_raw/AIDER/normal/normal_image2297.jpg,ad24f2f69343b99b597e61ade60de53e,left out by the 1000-image subsample
not_sampled,no_flood,,aider_raw/AIDER/normal/normal_image2298.jpg,c2422523030c9e8747385d90606f26ce,left out by the 1000-image subsample
not_sampled,no_flood,,aider_raw/AIDER/normal/normal_image2299.jpg,a33ccf401ac1602c256586011f464cf2,left out by the 1000-image subsample
not_sampled,no_flood,,aider_raw/AIDER/normal/normal_image2302.jpg,44af048271870c9d76be562fa9711fc4,left out by the 1000-image subsample
not_sampled,no_flood,,aider_raw/AIDER/normal/normal_image2304.jpg,c51ad0a239e34f8d3336160f95495505,left out by the 1000-image subsample
not_sampled,no_flood,,aider_raw/AIDER/normal/normal_image2307.jpg,b300863c8d11cd245cac61ec0c6fc539,left out by the 1000-image subsample
not_sampled,no_flood,,aider_raw/AIDER/normal/normal_image2309.jpg,5d8230088a62a763082d88bcd91892f4,left out by the 1000-image subsample
not_sampled,no_flood,,aider_raw/AIDER/normal/normal_image2310.jpg,38371d93fec503f1c38c48b22a305e3e,left out by the 1000-image subsample
not_sampled,no_flood,,aider_raw/AIDER/normal/normal_image2311.jpg,5d79cdef1920e811cf038356a2654b3a,left out by the 1000-image subsample
not_sampled,no_flood,,aider_raw/AIDER/normal/normal_image2313.jpg,c72f72fd0bc66659ec3e8a5360faaf6d,left out by the 1000-image subsample
not_sampled,no_flood,,aider_raw/AIDER/normal/normal_image2315.jpg,5e1a2c829efcb67b4816b81d980095c7,left out by the 1000-image subsample
not_sampled,no_flood,,aider_raw/AIDER/normal/normal_image2317.jpg,2aa56576717a63c7a64823896105c41e,left out by the 1000-image subsample
not_sampled,no_flood,,aider_raw/AIDER/normal/normal_image2318.jpg,4e15c56708ecf232ee6bbcfa56c97e60,left out by the 1000-image subsample
not_sampled,no_flood,,aider_raw/AIDER/normal/normal_image2319.jpg,cdab1136d8f797bd2bcda0f73b66d5da,left out by the 1000-image subsample
not_sampled,no_flood,,aider_raw/AIDER/normal/normal_image2321.jpg,75519c2add38d06e612bfc0c109b7a8e,left out by the 1000-image subsample
not_sampled,no_flood,,aider_raw/AIDER/normal/normal_image2322.jpg,c425b447a60a9bbe754a788ae3da78d9,left out by the 1000-image subsample
not_sampled,no_flood,,aider_raw/AIDER/normal/normal_image2323.jpg,c94ab7fda5265d8ef212d226c55d169f,left out by the 1000-image subsample
not_sampled,no_flood,,aider_raw/AIDER/normal/normal_image2328.jpg,eeca6d065d8706340d7c9cc3cefa1000,left out by the 1000-image subsample
not_sampled,no_flood,,aider_raw/AIDER/normal/normal_image2329.jpg,1177e1833045de0f01a86ea064805120,left out by the 1000-image subsample
not_sampled,no_flood,,aider_raw/AIDER/normal/normal_image2331.jpg,e121758f5ea2756879066771f9ad74ce,left out by the 1000-image subsample
not_sampled,no_flood,,aider_raw/AIDER/normal/normal_image2333.jpg,d4cd095f59366aad6ef410da2d7b97e9,left out by the 1000-image subsample
not_sampled,no_flood,,aider_raw/AIDER/normal/normal_image2334.jpg,ddf5c0fc81eecf78d35ca91a136f46f7,left out by the 1000-image subsample
not_sampled,no_flood,,aider_raw/AIDER/normal/normal_image2335.jpg,979733e8fd201b5a65f07993de209283,left out by the 1000-image subsample
not_sampled,no_flood,,aider_raw/AIDER/normal/normal_image2336.jpg,d385b106046ff357b312ae218cf960bf,left out by the 1000-image subsample
not_sampled,no_flood,,aider_raw/AIDER/normal/normal_image2340.jpg,53460be3db345394e7b7d48c4f1f2a25,left out by the 1000-image subsample
not_sampled,no_flood,,aider_raw/AIDER/normal/normal_image2343.jpg,87d86cb8793f48c770eca758f9754d15,left out by the 1000-image subsample
not_sampled,no_flood,,aider_raw/AIDER/normal/normal_image2344.jpg,1c0bf048b03caa5453287e698bffbdb0,left out by the 1000-image subsample
not_sampled,no_flood,,aider_raw/AIDER/normal/normal_image2345.jpg,acee19c582f83dd007ff425a0fb671cc,left out by the 1000-image subsample
not_sampled,no_flood,,aider_raw/AIDER/normal/normal_image2346.jpg,67b214e9076b193b7c2e1c20a09186a2,left out by the 1000-image subsample
not_sampled,no_flood,,aider_raw/AIDER/normal/normal_image2347.jpg,2cb44d14ee107de7d934a8dbdff07c61,left out by the 1000-image subsample
not_sampled,no_flood,,aider_raw/AIDER/normal/normal_image2348.jpg,c9478301ad61768134a4b2f93b2edb0f,left out by the 1000-image subsample
not_sampled,no_flood,,aider_raw/AIDER/normal/normal_image2349.jpg,9d8f1b545044cf7984192429a906bd56,left out by the 1000-image subsample
not_sampled,no_flood,,aider_raw/AIDER/normal/normal_image2350.jpg,3436bface225239a978c39c4b0ff464d,left out by the 1000-image subsample
not_sampled,no_flood,,aider_raw/AIDER/normal/normal_image2351.jpg,41f86909246433fb4f9f2b4beea46918,left out by the 1000-image subsample
not_sampled,no_flood,,aider_raw/AIDER/normal/normal_image2353.jpg,c50d80e751cf48510df0d12022fb1466,left out by the 1000-image subsample
not_sampled,no_flood,,aider_raw/AIDER/normal/normal_image2354.jpg,31ac1601922edd276366365b3af6c2a2,left out by the 1000-image subsample
not_sampled,no_flood,,aider_raw/AIDER/normal/normal_image2357.jpg,1634689a52200af132c939962fb5da91,left out by the 1000-image subsample
not_sampled,no_flood,,aider_raw/AIDER/normal/normal_image2358.jpg,b89062b2077e16a62c834e0aab157204,left out by the 1000-image subsample
not_sampled,no_flood,,aider_raw/AIDER/normal/normal_image2359.jpg,407039d5039fe27e22df7e01082f1484,left out by the 1000-image subsample
not_sampled,no_flood,,aider_raw/AIDER/normal/normal_image2360.jpg,a8afcc416acee65095f9692f5e964f36,left out by the 1000-image subsample
not_sampled,no_flood,,aider_raw/AIDER/normal/normal_image2361.jpg,35c2485897204ff74c0d4929576475a7,left out by the 1000-image subsample
not_sampled,no_flood,,aider_raw/AIDER/normal/normal_image2362.jpg,580a43bd31aa5cc4513c69884b46d861,left out by the 1000-image subsample
not_sampled,no_flood,,aider_raw/AIDER/normal/normal_image2363.jpg,cfa1307c69d0a7a9a99ea53374f9e79c,left out by the 1000-image subsample
not_sampled,no_flood,,aider_raw/AIDER/normal/normal_image2364.jpg,8455c0d9eee4b5109f14ed0989dc459d,left out by the 1000-image subsample
not_sampled,no_flood,,aider_raw/AIDER/normal/normal_image2365.jpg,618a529e2cbbdabf4d47c8be904027ca,left out by the 1000-image subsample
not_sampled,no_flood,,aider_raw/AIDER/normal/normal_image2366.jpg,c3c5d4461873ece5f9be7de2a8cfdf1f,left out by the 1000-image subsample
not_sampled,no_flood,,aider_raw/AIDER/normal/normal_image2367.jpg,ba577b01a59196352c2c44de6cb85f2d,left out by the 1000-image subsample
not_sampled,no_flood,,aider_raw/AIDER/normal/normal_image2368.jpg,0a78a8e7ad16216833c907a11af42ff5,left out by the 1000-image subsample
not_sampled,no_flood,,aider_raw/AIDER/normal/normal_image2369.jpg,2304ce3af353b35c3da542326ef5b9e0,left out by the 1000-image subsample
not_sampled,no_flood,,aider_raw/AIDER/normal/normal_image2370.jpg,7a5b16cd0fa66ac2bef09a0d7176b27e,left out by the 1000-image subsample
not_sampled,no_flood,,aider_raw/AIDER/normal/normal_image2371.jpg,1169c2c9b82fd006aec0404d81f4a30c,left out by the 1000-image subsample
not_sampled,no_flood,,aider_raw/AIDER/normal/normal_image2372.jpg,3728d580822e45f241326bc3fb9929a6,left out by the 1000-image subsample
not_sampled,no_flood,,aider_raw/AIDER/normal/normal_image2373.jpg,7d3ef4fc83a439fb679f5e61478a4373,left out by the 1000-image subsample
not_sampled,no_flood,,aider_raw/AIDER/normal/normal_image2374.jpg,abf60fcc1217ae515825b0215e8106a5,left out by the 1000-image subsample
not_sampled,no_flood,,aider_raw/AIDER/normal/normal_image2376.jpg,6be5c11f89ff8da996ce5057472fdf0f,left out by the 1000-image subsample
not_sampled,no_flood,,aider_raw/AIDER/normal/normal_image2377.jpg,5bdc91eb650122d29bdeb3cb91ca892c,left out by the 1000-image subsample
not_sampled,no_flood,,aider_raw/AIDER/normal/normal_image2378.jpg,b350386b68814142bbf1cabc9b21cedf,left out by the 1000-image subsample
not_sampled,no_flood,,aider_raw/AIDER/normal/normal_image2379.jpg,aa001a9208f5c9e2bc63fecce098008f,left out by the 1000-image subsample
not_sampled,no_flood,,aider_raw/AIDER/normal/normal_image2380.jpg,fa3be5c24dcf21e197cc5a581789ba6c,left out by the 1000-image subsample
not_sampled,no_flood,,aider_raw/AIDER/normal/normal_image2381.jpg,1376a1b41051a6abdb944f046e5e5787,left out by the 1000-image subsample
not_sampled,no_flood,,aider_raw/AIDER/normal/normal_image2382.jpg,4f619358e2768b76dd807389cdf4a92c,left out by the 1000-image subsample
not_sampled,no_flood,,aider_raw/AIDER/normal/normal_image2383.jpg,15cb912ed4289cb988e6f1348d1fdb52,left out by the 1000-image subsample
not_sampled,no_flood,,aider_raw/AIDER/normal/normal_image2385.jpg,5be19a503f859d55f3cdd083eb0a18e3,left out by the 1000-image subsample
not_sampled,no_flood,,aider_raw/AIDER/normal/normal_image2387.jpg,3d2dd8cb590b47b7638f7a55ba4837e8,left out by the 1000-image subsample
not_sampled,no_flood,,aider_raw/AIDER/normal/normal_image2388.jpg,21c06ffcb503f5fe17f8c9e45694244b,left out by the 1000-image subsample
not_sampled,no_flood,,aider_raw/AIDER/normal/normal_image2389.jpg,0deaca60feb9b920c59c8d77daa5e518,left out by the 1000-image subsample
not_sampled,no_flood,,aider_raw/AIDER/normal/normal_image2390.jpg,5b05314a08cc20724332099fc81478f3,left out by the 1000-image subsample
not_sampled,no_flood,,aider_raw/AIDER/normal/normal_image2391.jpg,4a0626d6682a36b142e962fdcfe00bf1,left out by the 1000-image subsample
not_sampled,no_flood,,aider_raw/AIDER/normal/normal_image2392.jpg,3df73424303eb81ba3531a36b3223209,left out by the 1000-image subsample
not_sampled,no_flood,,aider_raw/AIDER/normal/normal_image2394.jpg,bfb4f531c8edebc651fdc69bc94b2fe8,left out by the 1000-image subsample
not_sampled,no_flood,,aider_raw/AIDER/normal/normal_image2395.jpg,9a67169ed38472e3b852190029f2b9d3,left out by the 1000-image subsample
not_sampled,no_flood,,aider_raw/AIDER/normal/normal_image2396.jpg,6646ea42ba59b0c8d1ddf676b8e35c08,left out by the 1000-image subsample
not_sampled,no_flood,,aider_raw/AIDER/normal/normal_image2397.jpg,cd346f19022ecf1d5d5b81897f2062f5,left out by the 1000-image subsample
not_sampled,no_flood,,aider_raw/AIDER/normal/normal_image2398.jpg,f9de5ae614eb1d7c45db502c95431a90,left out by the 1000-image subsample
not_sampled,no_flood,,aider_raw/AIDER/normal/normal_image2399.jpg,7165c2ae8ae644c3ccb80d8c64784786,left out by the 1000-image subsample
not_sampled,no_flood,,aider_raw/AIDER/normal/normal_image2400.jpg,0d7e61d2915a65c899a548aa3a9cbca4,left out by the 1000-image subsample
not_sampled,no_flood,,aider_raw/AIDER/normal/normal_image2401.jpg,7f71ef057a8c6f42bfb45b5d2f0f2bdb,left out by the 1000-image subsample
not_sampled,no_flood,,aider_raw/AIDER/normal/normal_image2402.jpg,970cc54115e60a83891075477ea62bd4,left out by the 1000-image subsample
not_sampled,no_flood,,aider_raw/AIDER/normal/normal_image2403.jpg,67436e09310cc047445ad9e7d3e3bc7e,left out by the 1000-image subsample
not_sampled,no_flood,,aider_raw/AIDER/normal/normal_image2404.jpg,fe1f693deb8eae3275e38589e7acedd4,left out by the 1000-image subsample
not_sampled,no_flood,,aider_raw/AIDER/normal/normal_image2406.jpg,0dda06fe9c5ed21a0b56c611966db7c9,left out by the 1000-image subsample
not_sampled,no_flood,,aider_raw/AIDER/normal/normal_image2408.jpg,cee6a1f70238f6091629f8f45b6009f3,left out by the 1000-image subsample
not_sampled,no_flood,,aider_raw/AIDER/normal/normal_image2409.jpg,4859384b102f94f797a908fbab94f379,left out by the 1000-image subsample
not_sampled,no_flood,,aider_raw/AIDER/normal/normal_image2411.jpg,9e311a3e4c3d1640a353f2663fa0cd6c,left out by the 1000-image subsample
not_sampled,no_flood,,aider_raw/AIDER/normal/normal_image2412.jpg,2fa8a26dd852e8092e627c460b5bec79,left out by the 1000-image subsample
not_sampled,no_flood,,aider_raw/AIDER/normal/normal_image2416.jpg,68d0abb7eb4827710caabfc662e02cfe,left out by the 1000-image subsample
not_sampled,no_flood,,aider_raw/AIDER/normal/normal_image2417.jpg,1eb603d3252615f38751676851ed3a52,left out by the 1000-image subsample
not_sampled,no_flood,,aider_raw/AIDER/normal/normal_image2418.jpg,ff4b3c01dfb670845d5a8911e6cf3861,left out by the 1000-image subsample
not_sampled,no_flood,,aider_raw/AIDER/normal/normal_image2419.jpg,e10452fd2aab67c35297fca4853d6ee0,left out by the 1000-image subsample
not_sampled,no_flood,,aider_raw/AIDER/normal/normal_image2420.jpg,e84f1590fb8e174fd2068d1f916693e6,left out by the 1000-image subsample
not_sampled,no_flood,,aider_raw/AIDER/normal/normal_image2421.jpg,77ef94fc6f05e6649be5843988b9c914,left out by the 1000-image subsample
not_sampled,no_flood,,aider_raw/AIDER/normal/normal_image2424.jpg,c83dc4bec9b9d1109483873de4722a1e,left out by the 1000-image subsample
not_sampled,no_flood,,aider_raw/AIDER/normal/normal_image2425.jpg,b47d9f291a7fe094ac44ce3623c787f5,left out by the 1000-image subsample
not_sampled,no_flood,,aider_raw/AIDER/normal/normal_image2426.jpg,c26a438ee889dbe15ee31d3011c4dad0,left out by the 1000-image subsample
not_sampled,no_flood,,aider_raw/AIDER/normal/normal_image2427.jpg,aa11386561e64624f90a0b8adf8994c2,left out by the 1000-image subsample
not_sampled,no_flood,,aider_raw/AIDER/normal/normal_image2428.jpg,79bdf3af3634bc5f4608df68037bebaf,left out by the 1000-image subsample
not_sampled,no_flood,,aider_raw/AIDER/normal/normal_image2429.jpg,84a629cd1024db2fe32e1ce004f36ce9,left out by the 1000-image subsample
not_sampled,no_flood,,aider_raw/AIDER/normal/normal_image2430.jpg,3a23703e4f4d13ab82b04bee68025239,left out by the 1000-image subsample
not_sampled,no_flood,,aider_raw/AIDER/normal/normal_image2431.jpg,166a62409f5b28a4258cdc79b5b1adea,left out by the 1000-image subsample
not_sampled,no_flood,,aider_raw/AIDER/normal/normal_image2432.jpg,2e0fc8f2c710d0b143a4d63ade2d82cc,left out by the 1000-image subsample
not_sampled,no_flood,,aider_raw/AIDER/normal/normal_image2433.jpg,4b9577a33d1fa7280d1a61f8464f9bfb,left out by the 1000-image subsample
not_sampled,no_flood,,aider_raw/AIDER/normal/normal_image2434.jpg,9ab5023473bff158b67cd98f00ecd99e,left out by the 1000-image subsample
not_sampled,no_flood,,aider_raw/AIDER/normal/normal_image2436.jpg,15c67b3c57a9ee8418ed5cd4c3297045,left out by the 1000-image subsample
not_sampled,no_flood,,aider_raw/AIDER/normal/normal_image2437.jpg,f38e43ad98798edbcd1fca3147baf057,left out by the 1000-image subsample
not_sampled,no_flood,,aider_raw/AIDER/normal/normal_image2439.jpg,c516cf6fc4c01ff96e548a56e294b826,left out by the 1000-image subsample
not_sampled,no_flood,,aider_raw/AIDER/normal/normal_image2440.jpg,9a1d2c49ea42da8c46c28cef150b4e25,left out by the 1000-image subsample
not_sampled,no_flood,,aider_raw/AIDER/normal/normal_image2443.jpg,47a228e008d38c0e8fce9b57416997fa,left out by the 1000-image subsample
not_sampled,no_flood,,aider_raw/AIDER/normal/normal_image2444.jpg,b22fbcd1bfa7fdb78a400d7958cbc58d,left out by the 1000-image subsample
not_sampled,no_flood,,aider_raw/AIDER/normal/normal_image2445.jpg,b5e48fe5542e60ca8ff0e9a699280b55,left out by the 1000-image subsample
not_sampled,no_flood,,aider_raw/AIDER/normal/normal_image2446.jpg,88df8c273f743941c7b89836eb89eaff,left out by the 1000-image subsample
not_sampled,no_flood,,aider_raw/AIDER/normal/normal_image2448.jpg,7fb77ba8f6042fddd9579f03eaee763c,left out by the 1000-image subsample
not_sampled,no_flood,,aider_raw/AIDER/normal/normal_image2450.jpg,22261e40007ab4c219a60d5057d5fe34,left out by the 1000-image subsample
not_sampled,no_flood,,aider_raw/AIDER/normal/normal_image2451.jpg,796793e6a2ef9d46611ba6dfe888af37,left out by the 1000-image subsample
not_sampled,no_flood,,aider_raw/AIDER/normal/normal_image2452.jpg,5d08f8a667fc760ea6814257ed94b42d,left out by the 1000-image subsample
not_sampled,no_flood,,aider_raw/AIDER/normal/normal_image2453.jpg,48d666e34deeaa7b7f41d398bc8e39b5,left out by the 1000-image subsample
not_sampled,no_flood,,aider_raw/AIDER/normal/normal_image2454.jpg,86b35def52cf4431d64bd7f1adb09d5b,left out by the 1000-image subsample
not_sampled,no_flood,,aider_raw/AIDER/normal/normal_image2456.jpg,7de01634e7865e9caa0426fc0d3a3ca4,left out by the 1000-image subsample
not_sampled,no_flood,,aider_raw/AIDER/normal/normal_image2457.jpg,6851f99a55f262a7698ba79d29debd95,left out by the 1000-image subsample
not_sampled,no_flood,,aider_raw/AIDER/normal/normal_image2458.jpg,76b1530c36433780c0078a709a6e70b4,left out by the 1000-image subsample
not_sampled,no_flood,,aider_raw/AIDER/normal/normal_image2459.jpg,21176c974ff4d18cc9db854b433344c9,left out by the 1000-image subsample
not_sampled,no_flood,,aider_raw/AIDER/normal/normal_image2461.jpg,a4f92b0e4c44cbc5e19c3dd9f17195a8,left out by the 1000-image subsample
not_sampled,no_flood,,aider_raw/AIDER/normal/normal_image2462.jpg,add3b2bac8703939503e8d4025d2081e,left out by the 1000-image subsample
not_sampled,no_flood,,aider_raw/AIDER/normal/normal_image2463.jpg,7eeebda98ca4a9c31419f0111c885d38,left out by the 1000-image subsample
not_sampled,no_flood,,aider_raw/AIDER/normal/normal_image2466.jpg,e30d71df5c9e31022c681d9e6381ec75,left out by the 1000-image subsample
not_sampled,no_flood,,aider_raw/AIDER/normal/normal_image2468.jpg,5614ec0158f2b0ec7fc9852b2559ecb0,left out by the 1000-image subsample
not_sampled,no_flood,,aider_raw/AIDER/normal/normal_image2469.jpg,fa9116fbe7f29ea43bc9f88dc86edb2d,left out by the 1000-image subsample
not_sampled,no_flood,,aider_raw/AIDER/normal/normal_image2471.jpg,60c03976e0f644fb10e068ac29fb85eb,left out by the 1000-image subsample
not_sampled,no_flood,,aider_raw/AIDER/normal/normal_image2472.jpg,023a68a0a20ea146a82ec590eb2b0a9d,left out by the 1000-image subsample
not_sampled,no_flood,,aider_raw/AIDER/normal/normal_image2473.jpg,c55981d3100699e5dd1a500739154012,left out by the 1000-image subsample
not_sampled,no_flood,,aider_raw/AIDER/normal/normal_image2474.jpg,44b0e5598ff23f2c92ac0a407aba2e94,left out by the 1000-image subsample
not_sampled,no_flood,,aider_raw/AIDER/normal/normal_image2475.jpg,9f81b107d441d470425819c5fcd423ad,left out by the 1000-image subsample
not_sampled,no_flood,,aider_raw/AIDER/normal/normal_image2476.jpg,80d529d553ee85b2c9954fa529c342dc,left out by the 1000-image subsample
not_sampled,no_flood,,aider_raw/AIDER/normal/normal_image2477.jpg,76657d8d7ed502f82742f9bacfb0adc6,left out by the 1000-image subsample
not_sampled,no_flood,,aider_raw/AIDER/normal/normal_image2478.jpg,479322bf9feeebe05ecd29cdacb4118a,left out by the 1000-image subsample
not_sampled,no_flood,,aider_raw/AIDER/normal/normal_image2479.jpg,bb49dd754f01e5eb7ddb055c4bc42bbf,left out by the 1000-image subsample
not_sampled,no_flood,,aider_raw/AIDER/normal/normal_image2480.jpg,4b4d8868ff0d619cd683c96c78c360f4,left out by the 1000-image subsample
not_sampled,no_flood,,aider_raw/AIDER/normal/normal_image2481.jpg,42caa31bc68d081abaedc1bfe19b9443,left out by the 1000-image subsample
not_sampled,no_flood,,aider_raw/AIDER/normal/normal_image2482.jpg,354d0877f0a269cae2a75eb5f60c482a,left out by the 1000-image subsample
not_sampled,no_flood,,aider_raw/AIDER/normal/normal_image2484.jpg,ff7f938fecf3a752d4acfc962003cd81,left out by the 1000-image subsample
not_sampled,no_flood,,aider_raw/AIDER/normal/normal_image2486.jpg,cb7f0d926fee95057b9b2dba1e217fca,left out by the 1000-image subsample
not_sampled,no_flood,,aider_raw/AIDER/normal/normal_image2487.jpg,5c560aea0a9dc69bf57fa245ce1d86f0,left out by the 1000-image subsample
not_sampled,no_flood,,aider_raw/AIDER/normal/normal_image2488.jpg,ef4c7bb79bb1a9ef34ec01e39fc4a2ec,left out by the 1000-image subsample
not_sampled,no_flood,,aider_raw/AIDER/normal/normal_image2490.jpg,c92b70e1ddee8b5a76a207009ea44c4e,left out by the 1000-image subsample
not_sampled,no_flood,,aider_raw/AIDER/normal/normal_image2491.jpg,6901d9f931a7599c16f9e01eea7d69f6,left out by the 1000-image subsample
not_sampled,no_flood,,aider_raw/AIDER/normal/normal_image2493.jpg,b7c5d8db6b0fa25e65cf6fa4a71c2491,left out by the 1000-image subsample
not_sampled,no_flood,,aider_raw/AIDER/normal/normal_image2494.jpg,6cdcd3855bfdde8686f6e10b90682784,left out by the 1000-image subsample
not_sampled,no_flood,,aider_raw/AIDER/normal/normal_image2495.jpg,a575c410e1d27e16ddb56b19507ae549,left out by the 1000-image subsample
not_sampled,no_flood,,aider_raw/AIDER/normal/normal_image2496.jpg,37821f1e67851461f5dc97999e8aa32a,left out by the 1000-image subsample
not_sampled,no_flood,,aider_raw/AIDER/normal/normal_image2498.jpg,ef675672a797b0f348984397951b44ef,left out by the 1000-image subsample
not_sampled,no_flood,,aider_raw/AIDER/normal/normal_image2499.jpg,5a3e4f823ea926954b0232583a946569,left out by the 1000-image subsample
not_sampled,no_flood,,aider_raw/AIDER/normal/normal_image2500.jpg,eab58d966a2856bd54b4a9c6ceeb6510,left out by the 1000-image subsample
not_sampled,no_flood,,aider_raw/AIDER/normal/normal_image2501.jpg,9293b605a74ee70800a467ba544001d7,left out by the 1000-image subsample
not_sampled,no_flood,,aider_raw/AIDER/normal/normal_image2502.jpg,ba0971719139c5aa950380aa80af7797,left out by the 1000-image subsample
not_sampled,no_flood,,aider_raw/AIDER/normal/normal_image2503.jpg,0ba637e09ae80ca14b71f71542700bf2,left out by the 1000-image subsample
not_sampled,no_flood,,aider_raw/AIDER/normal/normal_image2504.jpg,8c91c46dfcd42a40494caa6fa9bc3759,left out by the 1000-image subsample
not_sampled,no_flood,,aider_raw/AIDER/normal/normal_image2505.jpg,8939b416ab98cef474198d8fa6ec1bf1,left out by the 1000-image subsample
not_sampled,no_flood,,aider_raw/AIDER/normal/normal_image2506.jpg,bfa73889584238ba4a9675cae5ad1460,left out by the 1000-image subsample
not_sampled,no_flood,,aider_raw/AIDER/normal/normal_image2507.jpg,ace1e1cdce0c456b7692e86bdf404bf4,left out by the 1000-image subsample
not_sampled,no_flood,,aider_raw/AIDER/normal/normal_image2508.jpg,5f31ddd110156433f73924aaf745525c,left out by the 1000-image subsample
not_sampled,no_flood,,aider_raw/AIDER/normal/normal_image2510.jpg,b9e59613f982ecee8ab1a7735392a26c,left out by the 1000-image subsample
not_sampled,no_flood,,aider_raw/AIDER/normal/normal_image2511.jpg,0afa5ae6c53412e2329dbc3ed79a84e1,left out by the 1000-image subsample
not_sampled,no_flood,,aider_raw/AIDER/normal/normal_image2512.jpg,afaaffafad60dbe9f1606bebb3967673,left out by the 1000-image subsample
not_sampled,no_flood,,aider_raw/AIDER/normal/normal_image2515.jpg,d35a3071a00ea212ef715d127be4f9fc,left out by the 1000-image subsample
not_sampled,no_flood,,aider_raw/AIDER/normal/normal_image2516.jpg,5cf66b1e68d7941737e4241b0d2de126,left out by the 1000-image subsample
not_sampled,no_flood,,aider_raw/AIDER/normal/normal_image2518.jpg,d27469595a6826f3c1d61d9663277caa,left out by the 1000-image subsample
not_sampled,no_flood,,aider_raw/AIDER/normal/normal_image2519.jpg,bde06c44e5bf0e5571c077ee8f97cc08,left out by the 1000-image subsample
not_sampled,no_flood,,aider_raw/AIDER/normal/normal_image2520.jpg,f7690d0a275903406dfdd8105e19e732,left out by the 1000-image subsample
not_sampled,no_flood,,aider_raw/AIDER/normal/normal_image2522.jpg,d1b7b143cf73f3e696c014e31035c790,left out by the 1000-image subsample
not_sampled,no_flood,,aider_raw/AIDER/normal/normal_image2523.jpg,e31d4ad8fd55c59a1349a6c552e1577d,left out by the 1000-image subsample
not_sampled,no_flood,,aider_raw/AIDER/normal/normal_image2524.jpg,3e2cd6a5f33fe170aadcce41aea74b72,left out by the 1000-image subsample
not_sampled,no_flood,,aider_raw/AIDER/normal/normal_image2527.jpg,e0429f23c7a3e076c32f5d91893367ad,left out by the 1000-image subsample
not_sampled,no_flood,,aider_raw/AIDER/normal/normal_image2530.jpg,1bafa42376323c6b478ef40591dbd637,left out by the 1000-image subsample
not_sampled,no_flood,,aider_raw/AIDER/normal/normal_image2531.jpg,4bef9530d43e78c21b26da8602654cbf,left out by the 1000-image subsample
not_sampled,no_flood,,aider_raw/AIDER/normal/normal_image2532.jpg,abdee9d95cd0d50ed9cd817f6c882566,left out by the 1000-image subsample
not_sampled,no_flood,,aider_raw/AIDER/normal/normal_image2533.jpg,a0624afeda88d98747dee711c267ce96,left out by the 1000-image subsample
not_sampled,no_flood,,aider_raw/AIDER/normal/normal_image2536.jpg,25b257520a85ee2a094034776a656c58,left out by the 1000-image subsample
not_sampled,no_flood,,aider_raw/AIDER/normal/normal_image2537.jpg,6e0ff51b8eb7e4d3f77336058b154aec,left out by the 1000-image subsample
not_sampled,no_flood,,aider_raw/AIDER/normal/normal_image2539.jpg,400a58913b731ba24d956a8b9302c22d,left out by the 1000-image subsample
not_sampled,no_flood,,aider_raw/AIDER/normal/normal_image2540.jpg,a7b2f7d6304a133cd603453000f34eee,left out by the 1000-image subsample
not_sampled,no_flood,,aider_raw/AIDER/normal/normal_image2541.jpg,42ab398d23fd37ae47b23a67f2f50ba1,left out by the 1000-image subsample
not_sampled,no_flood,,aider_raw/AIDER/normal/normal_image2542.jpg,85394650f9bea8e9891d0a5615da9ec0,left out by the 1000-image subsample
not_sampled,no_flood,,aider_raw/AIDER/normal/normal_image2543.jpg,8aec29254acecb2d0d3c2a18692fd444,left out by the 1000-image subsample
not_sampled,no_flood,,aider_raw/AIDER/normal/normal_image2545.jpg,c3c014f94a7e2c64aa4c8a22e0d956c7,left out by the 1000-image subsample
not_sampled,no_flood,,aider_raw/AIDER/normal/normal_image2546.jpg,33ef068d900e71e00bcb78cc49dd13e3,left out by the 1000-image subsample
not_sampled,no_flood,,aider_raw/AIDER/normal/normal_image2547.jpg,40ee7738d7c40db9e2991a2f8f7420ae,left out by the 1000-image subsample
not_sampled,no_flood,,aider_raw/AIDER/normal/normal_image2550.jpg,ee7b11320822cadad8a49529be41a0d9,left out by the 1000-image subsample
not_sampled,no_flood,,aider_raw/AIDER/normal/normal_image2551.jpg,f03557b919960eef2ae6ca76057d6f1e,left out by the 1000-image subsample
not_sampled,no_flood,,aider_raw/AIDER/normal/normal_image2553.jpg,6184a1132f88235d1a56e191bed4c696,left out by the 1000-image subsample
not_sampled,no_flood,,aider_raw/AIDER/normal/normal_image2554.jpg,638d3a3f27a3a3145f00a5551fba1182,left out by the 1000-image subsample
not_sampled,no_flood,,aider_raw/AIDER/normal/normal_image2555.jpg,ae41a6d55040b7107451cce183e95292,left out by the 1000-image subsample
not_sampled,no_flood,,aider_raw/AIDER/normal/normal_image2556.jpg,bd0d1b7758d7095d90773c22cc14f800,left out by the 1000-image subsample
not_sampled,no_flood,,aider_raw/AIDER/normal/normal_image2558.jpg,5be75637293f9c7030fe544c2e0105cb,left out by the 1000-image subsample
not_sampled,no_flood,,aider_raw/AIDER/normal/normal_image2560.jpg,db20ce995251db6faef48169c58df7da,left out by the 1000-image subsample
not_sampled,no_flood,,aider_raw/AIDER/normal/normal_image2562.jpg,4e62ad79264361e0f71b2b1f88b7e475,left out by the 1000-image subsample
not_sampled,no_flood,,aider_raw/AIDER/normal/normal_image2563.jpg,6ea44b7805d51340fdbdd69a42a41421,left out by the 1000-image subsample
not_sampled,no_flood,,aider_raw/AIDER/normal/normal_image2566.jpg,bb6fe41b6f446d28d04efba41dcece61,left out by the 1000-image subsample
not_sampled,no_flood,,aider_raw/AIDER/normal/normal_image2567.jpg,f2a2048b78be9c5179d51313b3823391,left out by the 1000-image subsample
not_sampled,no_flood,,aider_raw/AIDER/normal/normal_image2568.jpg,175dfb8a28d180b6e018cff97bbcb14a,left out by the 1000-image subsample
not_sampled,no_flood,,aider_raw/AIDER/normal/normal_image2569.jpg,caa9b50f9a38ffb30870369a004b2d5d,left out by the 1000-image subsample
not_sampled,no_flood,,aider_raw/AIDER/normal/normal_image2570.jpg,8c5ad72cefbd42887190b084beedd0ad,left out by the 1000-image subsample
not_sampled,no_flood,,aider_raw/AIDER/normal/normal_image2572.jpg,84c4454246677dc83f47201f4c58f050,left out by the 1000-image subsample
not_sampled,no_flood,,aider_raw/AIDER/normal/normal_image2574.jpg,a65bd609cdcc1b04f5408976c1a4240e,left out by the 1000-image subsample
not_sampled,no_flood,,aider_raw/AIDER/normal/normal_image2575.jpg,6f596fc42eb1d120677a7f939243e481,left out by the 1000-image subsample
not_sampled,no_flood,,aider_raw/AIDER/normal/normal_image2578.jpg,be0b7773949132232dafe993c0ed42f8,left out by the 1000-image subsample
not_sampled,no_flood,,aider_raw/AIDER/normal/normal_image2580.jpg,84a8079a26974f2fd316c095f441ef29,left out by the 1000-image subsample
not_sampled,no_flood,,aider_raw/AIDER/normal/normal_image2581.jpg,6b5729a6c2ebd2d28e067f2027380500,left out by the 1000-image subsample
not_sampled,no_flood,,aider_raw/AIDER/normal/normal_image2582.jpg,e3a0aea0dafdd108d16e0504d72449e0,left out by the 1000-image subsample
not_sampled,no_flood,,aider_raw/AIDER/normal/normal_image2583.jpg,79b563e98be6407a4ef870ffc98c1762,left out by the 1000-image subsample
not_sampled,no_flood,,aider_raw/AIDER/normal/normal_image2584.jpg,e0c86c76f5041df6ba6888261b3bf7b5,left out by the 1000-image subsample
not_sampled,no_flood,,aider_raw/AIDER/normal/normal_image2586.jpg,b9c76cda24e3e3f693e561fa6088e28d,left out by the 1000-image subsample
not_sampled,no_flood,,aider_raw/AIDER/normal/normal_image2587.jpg,cede7d522b9ccec975969e2e80a171f9,left out by the 1000-image subsample
not_sampled,no_flood,,aider_raw/AIDER/normal/normal_image2588.jpg,8e2b1a8615981c80dc4f9bcc88d0e3ad,left out by the 1000-image subsample
not_sampled,no_flood,,aider_raw/AIDER/normal/normal_image2589.jpg,122a4c390402d2a04e2efc95918156a0,left out by the 1000-image subsample
not_sampled,no_flood,,aider_raw/AIDER/normal/normal_image2590.jpg,3041ef077cf0ac352e0ce362736084e9,left out by the 1000-image subsample
not_sampled,no_flood,,aider_raw/AIDER/normal/normal_image2591.jpg,68bf2bbcbc9b61ca86af1a0de46ac500,left out by the 1000-image subsample
not_sampled,no_flood,,aider_raw/AIDER/normal/normal_image2592.jpg,784fac5f85956b5ce7586cdec8919635,left out by the 1000-image subsample
not_sampled,no_flood,,aider_raw/AIDER/normal/normal_image2593.jpg,5796db92a321632e19a6ede2491ef8ad,left out by the 1000-image subsample
not_sampled,no_flood,,aider_raw/AIDER/normal/normal_image2594.jpg,0d945106c3b3f0c8e4668ada7e2cffff,left out by the 1000-image subsample
not_sampled,no_flood,,aider_raw/AIDER/normal/normal_image2595.jpg,cfa002a9351b162dba2af51048785270,left out by the 1000-image subsample
not_sampled,no_flood,,aider_raw/AIDER/normal/normal_image2596.jpg,3582c9e649da3ed8025033d1f6f484d3,left out by the 1000-image subsample
not_sampled,no_flood,,aider_raw/AIDER/normal/normal_image2597.jpg,129b94a6b1977f4107e370bdf3ebfe52,left out by the 1000-image subsample
not_sampled,no_flood,,aider_raw/AIDER/normal/normal_image2598.jpg,ee614172f5aeafb333050a82e3e32248,left out by the 1000-image subsample
not_sampled,no_flood,,aider_raw/AIDER/normal/normal_image2599.jpg,87a0412ba8789e3f968b629d28af29bf,left out by the 1000-image subsample
not_sampled,no_flood,,aider_raw/AIDER/normal/normal_image2600.jpg,9a646c7bc094ef82f2c60d52ed7acf7a,left out by the 1000-image subsample
not_sampled,no_flood,,aider_raw/AIDER/normal/normal_image2601.jpg,c79e0d4e7fa12bfae92d265a3b689378,left out by the 1000-image subsample
not_sampled,no_flood,,aider_raw/AIDER/normal/normal_image2602.jpg,5145283bedf9f70840a70fd3e49953e7,left out by the 1000-image subsample
not_sampled,no_flood,,aider_raw/AIDER/normal/normal_image2603.jpg,8d7f3dc4148319848f47b5e20bfb4923,left out by the 1000-image subsample
not_sampled,no_flood,,aider_raw/AIDER/normal/normal_image2604.jpg,e3b3dd1ed5280b5fc993e6a11d4d273b,left out by the 1000-image subsample
not_sampled,no_flood,,aider_raw/AIDER/normal/normal_image2605.jpg,c7abc2e23fceebc2aa8f4236effe6943,left out by the 1000-image subsample
not_sampled,no_flood,,aider_raw/AIDER/normal/normal_image2606.jpg,ee5a0701eb0e421f722f44ae98b89b56,left out by the 1000-image subsample
not_sampled,no_flood,,aider_raw/AIDER/normal/normal_image2607.jpg,e299e85318fc648be85fe9dbdeef5751,left out by the 1000-image subsample
not_sampled,no_flood,,aider_raw/AIDER/normal/normal_image2608.jpg,6f2cd86e1b0de7c32e824670e8fa36bb,left out by the 1000-image subsample
not_sampled,no_flood,,aider_raw/AIDER/normal/normal_image2609.jpg,99107387eebb3bf4279f1ee35a9f5085,left out by the 1000-image subsample
not_sampled,no_flood,,aider_raw/AIDER/normal/normal_image2611.jpg,7697ea048461a90171ce2c5af2b8393b,left out by the 1000-image subsample
not_sampled,no_flood,,aider_raw/AIDER/normal/normal_image2612.jpg,4a9abe311e0f9d784b33a4a86182fa5a,left out by the 1000-image subsample
not_sampled,no_flood,,aider_raw/AIDER/normal/normal_image2614.jpg,7982dfccb41da53c21322e89c5404203,left out by the 1000-image subsample
not_sampled,no_flood,,aider_raw/AIDER/normal/normal_image2616.jpg,986ac5a95597d462bb7178b4f39c19e0,left out by the 1000-image subsample
not_sampled,no_flood,,aider_raw/AIDER/normal/normal_image2618.jpg,d87460e8226c6de739a209397b3ee0aa,left out by the 1000-image subsample
not_sampled,no_flood,,aider_raw/AIDER/normal/normal_image2619.jpg,49bbac1072ed330cff85b5d05c61b187,left out by the 1000-image subsample
not_sampled,no_flood,,aider_raw/AIDER/normal/normal_image2620.jpg,69b8b13969dcbd9f57525dc41f6937c7,left out by the 1000-image subsample
not_sampled,no_flood,,aider_raw/AIDER/normal/normal_image2621.jpg,7ed8d34ee277ba80ed84fa5ea2761699,left out by the 1000-image subsample
not_sampled,no_flood,,aider_raw/AIDER/normal/normal_image2623.jpg,06c6dceccabd33bca7a30749b9b4851b,left out by the 1000-image subsample
not_sampled,no_flood,,aider_raw/AIDER/normal/normal_image2625.jpg,d1aeddc0b13cfe053105a92d5a1c9124,left out by the 1000-image subsample
not_sampled,no_flood,,aider_raw/AIDER/normal/normal_image2626.jpg,ebb21329feb9606f75f8dbdb67c1c0e4,left out by the 1000-image subsample
not_sampled,no_flood,,aider_raw/AIDER/normal/normal_image2628.jpg,2f22628ad6e3e647bd0fced153afb668,left out by the 1000-image subsample
not_sampled,no_flood,,aider_raw/AIDER/normal/normal_image2629.jpg,808ab6b6b3df57361c8e94571345e8cf,left out by the 1000-image subsample
not_sampled,no_flood,,aider_raw/AIDER/normal/normal_image2630.jpg,ed125fae78deb76565ec27e5b08d6711,left out by the 1000-image subsample
not_sampled,no_flood,,aider_raw/AIDER/normal/normal_image2631.jpg,bd5e3ef140a8610266a1a3fac739bbc6,left out by the 1000-image subsample
not_sampled,no_flood,,aider_raw/AIDER/normal/normal_image2633.jpg,34ae97ec516ccd1ac1dd2502a3f144b6,left out by the 1000-image subsample
not_sampled,no_flood,,aider_raw/AIDER/normal/normal_image2634.jpg,0a76717d9d61bf7aeb038471bd0f4d6e,left out by the 1000-image subsample
not_sampled,no_flood,,aider_raw/AIDER/normal/normal_image2637.jpg,ab7ca3c2b7e6d21c40b944a3742933a3,left out by the 1000-image subsample
not_sampled,no_flood,,aider_raw/AIDER/normal/normal_image2638.jpg,f8f266954cd96dd6e5faa9e066cbc10b,left out by the 1000-image subsample
not_sampled,no_flood,,aider_raw/AIDER/normal/normal_image2639.jpg,25d41e1b588bbe24e58aa4c71a498d0a,left out by the 1000-image subsample
not_sampled,no_flood,,aider_raw/AIDER/normal/normal_image2640.jpg,eb3f6e3ba9ffd82b09c2081b8ebbee74,left out by the 1000-image subsample
not_sampled,no_flood,,aider_raw/AIDER/normal/normal_image2641.jpg,adca4dd423d1a5e65a8c0eb86eda9f22,left out by the 1000-image subsample
not_sampled,no_flood,,aider_raw/AIDER/normal/normal_image2642.jpg,188ad5aa08c6a9da841c27b54570b385,left out by the 1000-image subsample
not_sampled,no_flood,,aider_raw/AIDER/normal/normal_image2643.jpg,52f7093624309f79b73107e4bfed3ab5,left out by the 1000-image subsample
not_sampled,no_flood,,aider_raw/AIDER/normal/normal_image2644.jpg,7a85b3a89bd25d2a7866278553abd305,left out by the 1000-image subsample
not_sampled,no_flood,,aider_raw/AIDER/normal/normal_image2646.jpg,738aa3312dfcbe824e34494415468cff,left out by the 1000-image subsample
not_sampled,no_flood,,aider_raw/AIDER/normal/normal_image2647.jpg,39835e9abd5bd254dcf0c8791f6d2525,left out by the 1000-image subsample
not_sampled,no_flood,,aider_raw/AIDER/normal/normal_image2649.jpg,633b7ac8dbd9cb5ea3044ab6c659c4ba,left out by the 1000-image subsample
not_sampled,no_flood,,aider_raw/AIDER/normal/normal_image2650.jpg,eadff15a25afd23db165eba53e29b3aa,left out by the 1000-image subsample
not_sampled,no_flood,,aider_raw/AIDER/normal/normal_image2651.jpg,cedf6a5fd95c51e8fdcb61c34e4353f5,left out by the 1000-image subsample
not_sampled,no_flood,,aider_raw/AIDER/normal/normal_image2652.jpg,5d3395e5e463bf10648323dd77b89744,left out by the 1000-image subsample
not_sampled,no_flood,,aider_raw/AIDER/normal/normal_image2654.jpg,4c50b257117154e2211be0812ecddebf,left out by the 1000-image subsample
not_sampled,no_flood,,aider_raw/AIDER/normal/normal_image2655.jpg,380fa9ed4eff08926964639e87b1200c,left out by the 1000-image subsample
not_sampled,no_flood,,aider_raw/AIDER/normal/normal_image2656.jpg,cb1b9b52929bb34007e1914a5d6b7840,left out by the 1000-image subsample
not_sampled,no_flood,,aider_raw/AIDER/normal/normal_image2657.jpg,37b7f84b522118bc4428b5bb45c1774b,left out by the 1000-image subsample
not_sampled,no_flood,,aider_raw/AIDER/normal/normal_image2658.jpg,1487362e5b872408c1320205ab8d662a,left out by the 1000-image subsample
not_sampled,no_flood,,aider_raw/AIDER/normal/normal_image2659.jpg,d334a1ac666308e76273074f4ef64216,left out by the 1000-image subsample
not_sampled,no_flood,,aider_raw/AIDER/normal/normal_image2662.jpg,c017b8698a2b493171f59a4ea64a28c0,left out by the 1000-image subsample
not_sampled,no_flood,,aider_raw/AIDER/normal/normal_image2663.jpg,793c453fbba9b19e8bd07af90d3a6e9f,left out by the 1000-image subsample
not_sampled,no_flood,,aider_raw/AIDER/normal/normal_image2664.jpg,7fd1befa012c85e661f4e34aeeb56c83,left out by the 1000-image subsample
not_sampled,no_flood,,aider_raw/AIDER/normal/normal_image2666.jpg,477e464f28b88778ad9ad54114184ad0,left out by the 1000-image subsample
not_sampled,no_flood,,aider_raw/AIDER/normal/normal_image2667.jpg,5234640007e78a5ee3fc53b44ec66c18,left out by the 1000-image subsample
not_sampled,no_flood,,aider_raw/AIDER/normal/normal_image2668.jpg,fa8f6d978a3046bdd015a40631db4e10,left out by the 1000-image subsample
not_sampled,no_flood,,aider_raw/AIDER/normal/normal_image2669.jpg,182ffd458409351895265515615d4cb1,left out by the 1000-image subsample
not_sampled,no_flood,,aider_raw/AIDER/normal/normal_image2670.jpg,396c9ab68ad3e70357bf7c99b7a5e467,left out by the 1000-image subsample
not_sampled,no_flood,,aider_raw/AIDER/normal/normal_image2671.jpg,04f297a3372880b530203bf7b415a34e,left out by the 1000-image subsample
not_sampled,no_flood,,aider_raw/AIDER/normal/normal_image2672.jpg,a42d43f7df1fa2fbabd3218c73ed2d8f,left out by the 1000-image subsample
not_sampled,no_flood,,aider_raw/AIDER/normal/normal_image2673.jpg,187985386f2fd69ad1adc99ded1bf191,left out by the 1000-image subsample
not_sampled,no_flood,,aider_raw/AIDER/normal/normal_image2674.jpg,ddc12eb0def2e1a3f54ff1e46d7d4cc9,left out by the 1000-image subsample
not_sampled,no_flood,,aider_raw/AIDER/normal/normal_image2675.jpg,62cc30e3da2813e2e85a54d83be6c4de,left out by the 1000-image subsample
not_sampled,no_flood,,aider_raw/AIDER/normal/normal_image2677.jpg,74a954d561dfef16188b98ed0469665d,left out by the 1000-image subsample
not_sampled,no_flood,,aider_raw/AIDER/normal/normal_image2678.jpg,a29384afa5fa34ba5a1ad6aec5804332,left out by the 1000-image subsample
not_sampled,no_flood,,aider_raw/AIDER/normal/normal_image2680.jpg,21dfb8540e58e080e2344c581a924412,left out by the 1000-image subsample
not_sampled,no_flood,,aider_raw/AIDER/normal/normal_image2681.jpg,d82e00deaacfd0cf83e4307abe1be926,left out by the 1000-image subsample
not_sampled,no_flood,,aider_raw/AIDER/normal/normal_image2682.jpg,e118592f5bf87f8b249ccb5fe9f2143b,left out by the 1000-image subsample
not_sampled,no_flood,,aider_raw/AIDER/normal/normal_image2683.jpg,efae6d6ad47ea4dbbb7c91d336185c62,left out by the 1000-image subsample
not_sampled,no_flood,,aider_raw/AIDER/normal/normal_image2684.jpg,d95b19cde95707fb90f9a5ec84bffa6c,left out by the 1000-image subsample
not_sampled,no_flood,,aider_raw/AIDER/normal/normal_image2686.jpg,d3de48c5966a4a9fca951ae82252af51,left out by the 1000-image subsample
not_sampled,no_flood,,aider_raw/AIDER/normal/normal_image2688.jpg,9d2ecb6147db1693c52274b5ecb72c2d,left out by the 1000-image subsample
not_sampled,no_flood,,aider_raw/AIDER/normal/normal_image2689.jpg,8f84f20b1f4f8f7398974e152f3ca939,left out by the 1000-image subsample
not_sampled,no_flood,,aider_raw/AIDER/normal/normal_image2691.jpg,ececaa91aff2b0857bbc13fcdc19a85a,left out by the 1000-image subsample
not_sampled,no_flood,,aider_raw/AIDER/normal/normal_image2694.jpg,3d6b32e58e5ca300a082f6ad95c0529a,left out by the 1000-image subsample
not_sampled,no_flood,,aider_raw/AIDER/normal/normal_image2696.jpg,7d2218da108a0b53a62592230f5596aa,left out by the 1000-image subsample
not_sampled,no_flood,,aider_raw/AIDER/normal/normal_image2698.jpg,e50de5c88d2d3655b835047eb78c79ff,left out by the 1000-image subsample
not_sampled,no_flood,,aider_raw/AIDER/normal/normal_image2699.jpg,f44d62cf62a6d3788bb89b7aa20cdc81,left out by the 1000-image subsample
not_sampled,no_flood,,aider_raw/AIDER/normal/normal_image2700.jpg,e18ce89c3c2cd6932f31a82a60c23966,left out by the 1000-image subsample
not_sampled,no_flood,,aider_raw/AIDER/normal/normal_image2701.jpg,741b914ba0ba24ce7dd6ba5b028b0afc,left out by the 1000-image subsample
not_sampled,no_flood,,aider_raw/AIDER/normal/normal_image2702.jpg,da3e5bd64531acc607e2d62b572b7420,left out by the 1000-image subsample
not_sampled,no_flood,,aider_raw/AIDER/normal/normal_image2703.jpg,a67cb96b4f2f99c1ad04b075a8062bb4,left out by the 1000-image subsample
not_sampled,no_flood,,aider_raw/AIDER/normal/normal_image2705.jpg,95d5116f6ea9dd8d563b78b59ee9ccc9,left out by the 1000-image subsample
not_sampled,no_flood,,aider_raw/AIDER/normal/normal_image2706.jpg,1aeb0c45bc8d770dba50ae3090c57b11,left out by the 1000-image subsample
not_sampled,no_flood,,aider_raw/AIDER/normal/normal_image2707.jpg,6cc18e1af6e49dd3fc12de3275e86aa6,left out by the 1000-image subsample
not_sampled,no_flood,,aider_raw/AIDER/normal/normal_image2710.jpg,12a3caefae9c292560cad437faf3bbdd,left out by the 1000-image subsample
not_sampled,no_flood,,aider_raw/AIDER/normal/normal_image2713.jpg,008937040ed62816a6d2ed0588fb6524,left out by the 1000-image subsample
not_sampled,no_flood,,aider_raw/AIDER/normal/normal_image2714.jpg,716c44e8386c4d503afeec3787ea2ef0,left out by the 1000-image subsample
not_sampled,no_flood,,aider_raw/AIDER/normal/normal_image2715.jpg,99fec5eb45ccb74519f20a389250e958,left out by the 1000-image subsample
not_sampled,no_flood,,aider_raw/AIDER/normal/normal_image2716.jpg,ab3ba4581e26e9bc2f8da22e1bee3b23,left out by the 1000-image subsample
not_sampled,no_flood,,aider_raw/AIDER/normal/normal_image2717.jpg,c700420c89feb054c376d17f8427c42a,left out by the 1000-image subsample
not_sampled,no_flood,,aider_raw/AIDER/normal/normal_image2719.jpg,3a6aa793f4ca7316781b66b66427c49d,left out by the 1000-image subsample
not_sampled,no_flood,,aider_raw/AIDER/normal/normal_image2720.jpg,afd8f04125d9a4410d5d4052a9031362,left out by the 1000-image subsample
not_sampled,no_flood,,aider_raw/AIDER/normal/normal_image2721.jpg,05e0297d5bef914da02a3f3941e6c5b7,left out by the 1000-image subsample
not_sampled,no_flood,,aider_raw/AIDER/normal/normal_image2722.jpg,0a0d7bbc7e60334545d640fe7f8fca11,left out by the 1000-image subsample
not_sampled,no_flood,,aider_raw/AIDER/normal/normal_image2723.jpg,e1d6d53e6ff2dfe08ec261d7ddba4b11,left out by the 1000-image subsample
not_sampled,no_flood,,aider_raw/AIDER/normal/normal_image2726.jpg,c3fa159e4e0887702821eb2007268f9f,left out by the 1000-image subsample
not_sampled,no_flood,,aider_raw/AIDER/normal/normal_image2727.jpg,ead396a3f4af61a31c0b392a5cc899d2,left out by the 1000-image subsample
not_sampled,no_flood,,aider_raw/AIDER/normal/normal_image2728.jpg,1a48668a8c3d812bce8ca847ae66c0a9,left out by the 1000-image subsample
not_sampled,no_flood,,aider_raw/AIDER/normal/normal_image2729.jpg,86393a5a8e27f1838f7c8cb82b21f8c5,left out by the 1000-image subsample
not_sampled,no_flood,,aider_raw/AIDER/normal/normal_image2731.jpg,47b6bd0b3aca78be22269d454bf87fa6,left out by the 1000-image subsample
not_sampled,no_flood,,aider_raw/AIDER/normal/normal_image2732.jpg,bb0aab3111a574c9bedb46ee76b03f0b,left out by the 1000-image subsample
not_sampled,no_flood,,aider_raw/AIDER/normal/normal_image2733.jpg,44d6c5daefc3d77b3710e14108523289,left out by the 1000-image subsample
not_sampled,no_flood,,aider_raw/AIDER/normal/normal_image2734.jpg,014ab40090a096bccaa31e3d2c558ec9,left out by the 1000-image subsample
not_sampled,no_flood,,aider_raw/AIDER/normal/normal_image2736.jpg,09501ace2bafb68d88e4dbac610acdb1,left out by the 1000-image subsample
not_sampled,no_flood,,aider_raw/AIDER/normal/normal_image2737.jpg,2ea8fd47dada354d7ba6fa3ebbe22d6e,left out by the 1000-image subsample
not_sampled,no_flood,,aider_raw/AIDER/normal/normal_image2739.jpg,a5e9ec5832db726ff4b8b0511a4b5498,left out by the 1000-image subsample
not_sampled,no_flood,,aider_raw/AIDER/normal/normal_image2743.jpg,c6b790170d4397e9d5f57610e527196a,left out by the 1000-image subsample
not_sampled,no_flood,,aider_raw/AIDER/normal/normal_image2744.jpg,5b566a38a4e657e379c8924be71e08fc,left out by the 1000-image subsample
not_sampled,no_flood,,aider_raw/AIDER/normal/normal_image2745.jpg,764d1bbd895c0f8998d894be5ab67265,left out by the 1000-image subsample
not_sampled,no_flood,,aider_raw/AIDER/normal/normal_image2746.jpg,6e566dbb25f00d4388a73931ab2612c8,left out by the 1000-image subsample
not_sampled,no_flood,,aider_raw/AIDER/normal/normal_image2748.jpg,3dc1b84d7f5df0bba24706fabbdb7bc3,left out by the 1000-image subsample
not_sampled,no_flood,,aider_raw/AIDER/normal/normal_image2749.jpg,a65df0842ad4655fdc8036d76d340904,left out by the 1000-image subsample
not_sampled,no_flood,,aider_raw/AIDER/normal/normal_image2751.jpg,c52d70c2a772607543f301813be67eb5,left out by the 1000-image subsample
not_sampled,no_flood,,aider_raw/AIDER/normal/normal_image2752.jpg,46ea1236a13920eb8563e931a795b8a1,left out by the 1000-image subsample
not_sampled,no_flood,,aider_raw/AIDER/normal/normal_image2753.jpg,f359c699b30391129e75e24fb004481d,left out by the 1000-image subsample
not_sampled,no_flood,,aider_raw/AIDER/normal/normal_image2754.jpg,b783894adff8ff9de31bfa1e38334194,left out by the 1000-image subsample
not_sampled,no_flood,,aider_raw/AIDER/normal/normal_image2757.jpg,066d1d4c3f3b1d5d377235a6206fda02,left out by the 1000-image subsample
not_sampled,no_flood,,aider_raw/AIDER/normal/normal_image2759.jpg,8fda73e52dbc5c7ec21f2271ff666883,left out by the 1000-image subsample
not_sampled,no_flood,,aider_raw/AIDER/normal/normal_image2763.jpg,b938bf091dae253c4e8f2236e4bf680d,left out by the 1000-image subsample
not_sampled,no_flood,,aider_raw/AIDER/normal/normal_image2766.jpg,5a46d5b6950ece3288a993b6a2712ebd,left out by the 1000-image subsample
not_sampled,no_flood,,aider_raw/AIDER/normal/normal_image2767.jpg,1c87fa730d8d1e0e9097eacf6048c6c8,left out by the 1000-image subsample
not_sampled,no_flood,,aider_raw/AIDER/normal/normal_image2768.jpg,367cd39edf8b0749882001b72b88c15d,left out by the 1000-image subsample
not_sampled,no_flood,,aider_raw/AIDER/normal/normal_image2769.jpg,53f69a64cf64fba54bc70e9f60a947a2,left out by the 1000-image subsample
not_sampled,no_flood,,aider_raw/AIDER/normal/normal_image2770.jpg,b5d6665beec5ad9ae5ea65aca6088f42,left out by the 1000-image subsample
not_sampled,no_flood,,aider_raw/AIDER/normal/normal_image2771.jpg,e8440ee559dbc13e6abf9b78b0f92c6a,left out by the 1000-image subsample
not_sampled,no_flood,,aider_raw/AIDER/normal/normal_image2773.jpg,bad2df6dc86a0634325bc2aa13552e6d,left out by the 1000-image subsample
not_sampled,no_flood,,aider_raw/AIDER/normal/normal_image2774.jpg,d5d09bba66317f7233fcc206345f7de7,left out by the 1000-image subsample
not_sampled,no_flood,,aider_raw/AIDER/normal/normal_image2775.jpg,fd68d5b008b238c5e63c1ef035782465,left out by the 1000-image subsample
not_sampled,no_flood,,aider_raw/AIDER/normal/normal_image2776.jpg,f7a1cd8ec540d3f74eec71af070f91cb,left out by the 1000-image subsample
not_sampled,no_flood,,aider_raw/AIDER/normal/normal_image2777.jpg,02b3d9bf19c11017ae331e43023fe2e6,left out by the 1000-image subsample
not_sampled,no_flood,,aider_raw/AIDER/normal/normal_image2778.jpg,824ff5cefe338803e1058b76f6f70560,left out by the 1000-image subsample
not_sampled,no_flood,,aider_raw/AIDER/normal/normal_image2780.jpg,08b95a40514d13fb42b54705af391795,left out by the 1000-image subsample
not_sampled,no_flood,,aider_raw/AIDER/normal/normal_image2781.jpg,3b196794171bf3fa1adcc462334ba4f9,left out by the 1000-image subsample
not_sampled,no_flood,,aider_raw/AIDER/normal/normal_image2782.jpg,7d5d296c8c86f979788e0ff7e84661a1,left out by the 1000-image subsample
not_sampled,no_flood,,aider_raw/AIDER/normal/normal_image2784.jpg,61b0a77da2f367d4da20215bc2ab3957,left out by the 1000-image subsample
not_sampled,no_flood,,aider_raw/AIDER/normal/normal_image2787.jpg,966473a41cc90e4397e2da928e9dfbb5,left out by the 1000-image subsample
not_sampled,no_flood,,aider_raw/AIDER/normal/normal_image2788.jpg,4fa911c6d54f43749f60bbe26c4ce4ac,left out by the 1000-image subsample
not_sampled,no_flood,,aider_raw/AIDER/normal/normal_image2790.jpg,8143d83a378d60e6522ccbc8e048cf0c,left out by the 1000-image subsample
not_sampled,no_flood,,aider_raw/AIDER/normal/normal_image2793.jpg,ad6860349b0af812c18cfd9534fbf0b5,left out by the 1000-image subsample
not_sampled,no_flood,,aider_raw/AIDER/normal/normal_image2795.jpg,e2a1755e8fa101033fd55c2f5196251c,left out by the 1000-image subsample
not_sampled,no_flood,,aider_raw/AIDER/normal/normal_image2796.jpg,b4669a39b89c78b68820828b31a5a95b,left out by the 1000-image subsample
not_sampled,no_flood,,aider_raw/AIDER/normal/normal_image2797.jpg,962926d2493157c1edea1e3eca618775,left out by the 1000-image subsample
not_sampled,no_flood,,aider_raw/AIDER/normal/normal_image2798.jpg,9ac1f9c1662c93c3758ff1c5513361f8,left out by the 1000-image subsample
not_sampled,no_flood,,aider_raw/AIDER/normal/normal_image2801.jpg,13d6bc87f93e47dd8fb88d5d03b2118e,left out by the 1000-image subsample
not_sampled,no_flood,,aider_raw/AIDER/normal/normal_image2802.jpg,ef8a3e69bf2d7f612bf10ac6ca11669d,left out by the 1000-image subsample
not_sampled,no_flood,,aider_raw/AIDER/normal/normal_image2803.jpg,f792a4201209e08cf60f93a58e5be9d3,left out by the 1000-image subsample
not_sampled,no_flood,,aider_raw/AIDER/normal/normal_image2804.jpg,106bcf59aa6c3e92731f8d7e30781b4b,left out by the 1000-image subsample
not_sampled,no_flood,,aider_raw/AIDER/normal/normal_image2805.jpg,db9f4065ce9f501611f5baf42c8b4e48,left out by the 1000-image subsample
not_sampled,no_flood,,aider_raw/AIDER/normal/normal_image2806.jpg,eea1bc56bf9c238e7436baa46120b19d,left out by the 1000-image subsample
not_sampled,no_flood,,aider_raw/AIDER/normal/normal_image2807.jpg,d09982f67942d845e6def504f4f45469,left out by the 1000-image subsample
not_sampled,no_flood,,aider_raw/AIDER/normal/normal_image2808.jpg,e24de3d8c39169cb4672537c096a2856,left out by the 1000-image subsample
not_sampled,no_flood,,aider_raw/AIDER/normal/normal_image2809.jpg,6a1bb1472c8c0412b1fc533a55053ee8,left out by the 1000-image subsample
not_sampled,no_flood,,aider_raw/AIDER/normal/normal_image2811.jpg,6ea7388645a08491796fff66222aeb56,left out by the 1000-image subsample
not_sampled,no_flood,,aider_raw/AIDER/normal/normal_image2812.jpg,50a191be0823911661afa8c29b3eec6d,left out by the 1000-image subsample
not_sampled,no_flood,,aider_raw/AIDER/normal/normal_image2814.jpg,04a18a6b9e664de6033f1608a539c25d,left out by the 1000-image subsample
not_sampled,no_flood,,aider_raw/AIDER/normal/normal_image2815.jpg,f109ef9e6d383212429f31fc43519044,left out by the 1000-image subsample
not_sampled,no_flood,,aider_raw/AIDER/normal/normal_image2816.jpg,bc8c5f1d39d1a314f580b97c12a63e1c,left out by the 1000-image subsample
not_sampled,no_flood,,aider_raw/AIDER/normal/normal_image2817.jpg,351ed50384aae39a99e32e711847be5c,left out by the 1000-image subsample
not_sampled,no_flood,,aider_raw/AIDER/normal/normal_image2818.jpg,d11c07140b651d5ad40098cd3bd2282b,left out by the 1000-image subsample
not_sampled,no_flood,,aider_raw/AIDER/normal/normal_image2821.jpg,5d8d4c2e24c268394799cea6e74a0d00,left out by the 1000-image subsample
not_sampled,no_flood,,aider_raw/AIDER/normal/normal_image2823.jpg,005ec83831a6eec2b74fac7be99755f5,left out by the 1000-image subsample
not_sampled,no_flood,,aider_raw/AIDER/normal/normal_image2824.jpg,30d23be4fad2cbb473c8422aab5a99c1,left out by the 1000-image subsample
not_sampled,no_flood,,aider_raw/AIDER/normal/normal_image2826.jpg,ecc1d3b935c0f00f6d2dae80f701772e,left out by the 1000-image subsample
not_sampled,no_flood,,aider_raw/AIDER/normal/normal_image2827.jpg,cb93b431c9055617a5225a59e28597aa,left out by the 1000-image subsample
not_sampled,no_flood,,aider_raw/AIDER/normal/normal_image2828.jpg,707933438ca1d9b6610928c794553607,left out by the 1000-image subsample
not_sampled,no_flood,,aider_raw/AIDER/normal/normal_image2829.jpg,c402deb7a639eb638e41dab9803a9fcf,left out by the 1000-image subsample
not_sampled,no_flood,,aider_raw/AIDER/normal/normal_image2831.jpg,5bf325ac79eb458872868d9e917785f0,left out by the 1000-image subsample
not_sampled,no_flood,,aider_raw/AIDER/normal/normal_image2832.jpg,a40b6c3f5727ac73ca73690166bd580b,left out by the 1000-image subsample
not_sampled,no_flood,,aider_raw/AIDER/normal/normal_image2833.jpg,0ea2fac6371dc11c4e00224f6d7dba84,left out by the 1000-image subsample
not_sampled,no_flood,,aider_raw/AIDER/normal/normal_image2834.jpg,9ee6546619d25eb88fc56f2463ee6704,left out by the 1000-image subsample
not_sampled,no_flood,,aider_raw/AIDER/normal/normal_image2835.jpg,f2571078e58a9ed6e98c55c5e9505c0d,left out by the 1000-image subsample
not_sampled,no_flood,,aider_raw/AIDER/normal/normal_image2836.jpg,6a7e7a94567b77b65efd3d8aa85c90b2,left out by the 1000-image subsample
not_sampled,no_flood,,aider_raw/AIDER/normal/normal_image2837.jpg,e7c9e418b888ce798614a5ef0db71c71,left out by the 1000-image subsample
not_sampled,no_flood,,aider_raw/AIDER/normal/normal_image2838.jpg,57381bffdd36897ff3bd85ebff88fd75,left out by the 1000-image subsample
not_sampled,no_flood,,aider_raw/AIDER/normal/normal_image2839.jpg,a4d80a6c44db57b086c2b2a90fa1f84e,left out by the 1000-image subsample
not_sampled,no_flood,,aider_raw/AIDER/normal/normal_image2841.jpg,1e47cae6daa0c26fa2512290fabb3c63,left out by the 1000-image subsample
not_sampled,no_flood,,aider_raw/AIDER/normal/normal_image2843.jpg,c00f992cc342f944ef169cd553d24fee,left out by the 1000-image subsample
not_sampled,no_flood,,aider_raw/AIDER/normal/normal_image2844.jpg,6231484bfb1eb7b24b49b75cc3d1d7de,left out by the 1000-image subsample
not_sampled,no_flood,,aider_raw/AIDER/normal/normal_image2846.jpg,8bd4727b2a130c75d731dcb458cd1629,left out by the 1000-image subsample
not_sampled,no_flood,,aider_raw/AIDER/normal/normal_image2848.jpg,62f566c90da225edb63a32422b8f7a54,left out by the 1000-image subsample
not_sampled,no_flood,,aider_raw/AIDER/normal/normal_image2849.jpg,656d257f5fb10992ee42e9caaf78e436,left out by the 1000-image subsample
not_sampled,no_flood,,aider_raw/AIDER/normal/normal_image2852.jpg,e2bb0f790896723871a81cc43a331c34,left out by the 1000-image subsample
not_sampled,no_flood,,aider_raw/AIDER/normal/normal_image2853.jpg,91e37b092af981d578573b07a51fb739,left out by the 1000-image subsample
not_sampled,no_flood,,aider_raw/AIDER/normal/normal_image2855.jpg,bee93bbf14367990bcd79d9e3594344a,left out by the 1000-image subsample
not_sampled,no_flood,,aider_raw/AIDER/normal/normal_image2857.jpg,b957a8da9b2b31b7db5a9ed64a6b7705,left out by the 1000-image subsample
not_sampled,no_flood,,aider_raw/AIDER/normal/normal_image2858.jpg,1ca0be35b46f5d16c34cc43d8c567703,left out by the 1000-image subsample
not_sampled,no_flood,,aider_raw/AIDER/normal/normal_image2861.jpg,42df37925c9664a2297bbc57f1a6fcf0,left out by the 1000-image subsample
not_sampled,no_flood,,aider_raw/AIDER/normal/normal_image2862.jpg,16cf45ae9b67e885f4d8de1093aea78c,left out by the 1000-image subsample
not_sampled,no_flood,,aider_raw/AIDER/normal/normal_image2863.jpg,27807ec26be8fd6551bfce53db7cc942,left out by the 1000-image subsample
not_sampled,no_flood,,aider_raw/AIDER/normal/normal_image2865.jpg,f93a5e403af510de7eb62eec8e1d9bc2,left out by the 1000-image subsample
not_sampled,no_flood,,aider_raw/AIDER/normal/normal_image2866.jpg,77f25c4f4969d8225a88b9e426a4c9ef,left out by the 1000-image subsample
not_sampled,no_flood,,aider_raw/AIDER/normal/normal_image2867.jpg,7d2a00acb7e7229e607e9348260e3be9,left out by the 1000-image subsample
not_sampled,no_flood,,aider_raw/AIDER/normal/normal_image2868.jpg,302980efe080351e032897bf21795317,left out by the 1000-image subsample
not_sampled,no_flood,,aider_raw/AIDER/normal/normal_image2869.jpg,6589f549e7567395c5ed355c2375d02e,left out by the 1000-image subsample
not_sampled,no_flood,,aider_raw/AIDER/normal/normal_image2871.jpg,5e0e593804435a47500f9b9b697c23e1,left out by the 1000-image subsample
not_sampled,no_flood,,aider_raw/AIDER/normal/normal_image2872.jpg,c42348ef0b94b5bc5eb8fd4a6c9d0710,left out by the 1000-image subsample
not_sampled,no_flood,,aider_raw/AIDER/normal/normal_image2873.jpg,026cd812040f4b4d5806b0511eb1d599,left out by the 1000-image subsample
not_sampled,no_flood,,aider_raw/AIDER/normal/normal_image2875.jpg,656e079d5e6cb8c1108b4cde9277c205,left out by the 1000-image subsample
not_sampled,no_flood,,aider_raw/AIDER/normal/normal_image2876.jpg,d44afd61a5fca0ed6d38653731990695,left out by the 1000-image subsample
not_sampled,no_flood,,aider_raw/AIDER/normal/normal_image2877.jpg,7f3c563ce6863d9ec498daee691f6fad,left out by the 1000-image subsample
not_sampled,no_flood,,aider_raw/AIDER/normal/normal_image2879.jpg,b4b4606ad475d17539883b163ad2ba95,left out by the 1000-image subsample
not_sampled,no_flood,,aider_raw/AIDER/normal/normal_image2881.jpg,b96b18e1abecdcba090e95a93119680f,left out by the 1000-image subsample
not_sampled,no_flood,,aider_raw/AIDER/normal/normal_image2882.jpg,e593e73bbeb60442c22626bbe7dc7ff8,left out by the 1000-image subsample
not_sampled,no_flood,,aider_raw/AIDER/normal/normal_image2883.jpg,1c9c4aa0864c328a3928d80698140b70,left out by the 1000-image subsample
not_sampled,no_flood,,aider_raw/AIDER/normal/normal_image2884.jpg,82964f6de90d247b2311c62bee66e570,left out by the 1000-image subsample
not_sampled,no_flood,,aider_raw/AIDER/normal/normal_image2887.jpg,74f6bdc44cdd0aa360bc64e675a762e9,left out by the 1000-image subsample
not_sampled,no_flood,,aider_raw/AIDER/normal/normal_image2888.jpg,c314c1bbab5b8195c8493f01536f05ac,left out by the 1000-image subsample
not_sampled,no_flood,,aider_raw/AIDER/normal/normal_image2889.jpg,b1e85d352a735189818b36ce6ffeead8,left out by the 1000-image subsample
not_sampled,no_flood,,aider_raw/AIDER/normal/normal_image2890.jpg,42701cf3d91e5e983d394a586e0cc5f5,left out by the 1000-image subsample
not_sampled,no_flood,,aider_raw/AIDER/normal/normal_image2892.jpg,e25ffc773d8ffa3b2304915558a6cd48,left out by the 1000-image subsample
not_sampled,no_flood,,aider_raw/AIDER/normal/normal_image2893.jpg,defdb6292e645b1274bb5ea1051ac338,left out by the 1000-image subsample
not_sampled,no_flood,,aider_raw/AIDER/normal/normal_image2894.jpg,02577e4d112a59f274cc6990c4a10808,left out by the 1000-image subsample
not_sampled,no_flood,,aider_raw/AIDER/normal/normal_image2895.jpg,0ff4b20623fffd091abe35421a5f594b,left out by the 1000-image subsample
not_sampled,no_flood,,aider_raw/AIDER/normal/normal_image2896.jpg,c19fd5ccc663b0838aca8444f000eda1,left out by the 1000-image subsample
not_sampled,no_flood,,aider_raw/AIDER/normal/normal_image2897.jpg,ce239544cff042804ee2ae1934cf2795,left out by the 1000-image subsample
not_sampled,no_flood,,aider_raw/AIDER/normal/normal_image2898.jpg,a0fc3939f19e7ed1b6bb51506e196eb9,left out by the 1000-image subsample
not_sampled,no_flood,,aider_raw/AIDER/normal/normal_image2899.jpg,4b418e18346eddd4cf08c31e4f8414c9,left out by the 1000-image subsample
not_sampled,no_flood,,aider_raw/AIDER/normal/normal_image2900.jpg,21f8b076c3c43463d60a6be657d14ac4,left out by the 1000-image subsample
not_sampled,no_flood,,aider_raw/AIDER/normal/normal_image2901.jpg,adf455a3b0153b3451a704fbcaff905a,left out by the 1000-image subsample
not_sampled,no_flood,,aider_raw/AIDER/normal/normal_image2902.jpg,53df3f4abf4e1e588f5be9cda9ef7598,left out by the 1000-image subsample
not_sampled,no_flood,,aider_raw/AIDER/normal/normal_image2903.jpg,0eb6ef9d165b147998ec4a1d72015b9b,left out by the 1000-image subsample
not_sampled,no_flood,,aider_raw/AIDER/normal/normal_image2904.jpg,281e722426711ec9933965aa41ea94fe,left out by the 1000-image subsample
not_sampled,no_flood,,aider_raw/AIDER/normal/normal_image2905.jpg,3007d731dca38366a6d22b653e8b82f8,left out by the 1000-image subsample
not_sampled,no_flood,,aider_raw/AIDER/normal/normal_image2906.jpg,db69b937f816f06e2c770ed9419f2e39,left out by the 1000-image subsample
not_sampled,no_flood,,aider_raw/AIDER/normal/normal_image2907.jpg,a75e0a9454fb73e7589c7e5cfb13d7ca,left out by the 1000-image subsample
not_sampled,no_flood,,aider_raw/AIDER/normal/normal_image2908.jpg,8344f51739362018e75cc0382cd00885,left out by the 1000-image subsample
not_sampled,no_flood,,aider_raw/AIDER/normal/normal_image2910.jpg,17a00f03a31d63057030a49df610a0ac,left out by the 1000-image subsample
not_sampled,no_flood,,aider_raw/AIDER/normal/normal_image2911.jpg,a226c3e6691b9e553298759f3f26e115,left out by the 1000-image subsample
not_sampled,no_flood,,aider_raw/AIDER/normal/normal_image2912.jpg,032ab364d3d98d888bc81ca1e41287cd,left out by the 1000-image subsample
not_sampled,no_flood,,aider_raw/AIDER/normal/normal_image2913.jpg,3f572d9fc93b17270a42f8f4e31a24b6,left out by the 1000-image subsample
not_sampled,no_flood,,aider_raw/AIDER/normal/normal_image2914.jpg,0990763fde29cabbbf50009037c73582,left out by the 1000-image subsample
not_sampled,no_flood,,aider_raw/AIDER/normal/normal_image2915.jpg,cc1b518ef58d3e7b8b9d82a1fa5d4890,left out by the 1000-image subsample
not_sampled,no_flood,,aider_raw/AIDER/normal/normal_image2916.jpg,3a4e0a0c68c405d8bd9fa3638a863e16,left out by the 1000-image subsample
not_sampled,no_flood,,aider_raw/AIDER/normal/normal_image2918.jpg,c06d19f3b72a890330ffb5bf143e03e1,left out by the 1000-image subsample
not_sampled,no_flood,,aider_raw/AIDER/normal/normal_image2919.jpg,0d5a4689497d9207dd33394bb96785dd,left out by the 1000-image subsample
not_sampled,no_flood,,aider_raw/AIDER/normal/normal_image2921.jpg,2e52d00172f589ab90e1d9a966c7ad8f,left out by the 1000-image subsample
not_sampled,no_flood,,aider_raw/AIDER/normal/normal_image2923.jpg,b4aea368ec4cb277b6117a4775027cf8,left out by the 1000-image subsample
not_sampled,no_flood,,aider_raw/AIDER/normal/normal_image2924.jpg,2ba51d771970d580b61639a6f9300a48,left out by the 1000-image subsample
not_sampled,no_flood,,aider_raw/AIDER/normal/normal_image2925.jpg,ca73a647e25ca8834ea79bd99d7fe303,left out by the 1000-image subsample
not_sampled,no_flood,,aider_raw/AIDER/normal/normal_image2926.jpg,c184728904c21ff56653b93a698452f8,left out by the 1000-image subsample
not_sampled,no_flood,,aider_raw/AIDER/normal/normal_image2927.jpg,20e10d5f40cad74ae12c1b5f871e86b5,left out by the 1000-image subsample
not_sampled,no_flood,,aider_raw/AIDER/normal/normal_image2929.jpg,644b231a69e1ca8dc25b4017ebed2ddd,left out by the 1000-image subsample
not_sampled,no_flood,,aider_raw/AIDER/normal/normal_image2930.jpg,aec1faf41dd0c9713127c522732fcc42,left out by the 1000-image subsample
not_sampled,no_flood,,aider_raw/AIDER/normal/normal_image2933.jpg,948902b54c5c2ee3b3b44a7736138713,left out by the 1000-image subsample
not_sampled,no_flood,,aider_raw/AIDER/normal/normal_image2934.jpg,a5e7fcf3181b9bbc70238101c384e5f6,left out by the 1000-image subsample
not_sampled,no_flood,,aider_raw/AIDER/normal/normal_image2935.jpg,42de03afdef27fa252b9b5616beebe4d,left out by the 1000-image subsample
not_sampled,no_flood,,aider_raw/AIDER/normal/normal_image2936.jpg,af43d73b5d8ec8386394dfbf33a2756f,left out by the 1000-image subsample
not_sampled,no_flood,,aider_raw/AIDER/normal/normal_image2937.jpg,223901b7187af0c9a73f96f18eb65ee5,left out by the 1000-image subsample
not_sampled,no_flood,,aider_raw/AIDER/normal/normal_image2938.jpg,2b6a8f0e71cee0897da58ecbfe374c83,left out by the 1000-image subsample
not_sampled,no_flood,,aider_raw/AIDER/normal/normal_image2939.jpg,b548ba5afe22fd6a2c9ec19b921268d1,left out by the 1000-image subsample
not_sampled,no_flood,,aider_raw/AIDER/normal/normal_image2940.jpg,772a3da7ea91467b383cb6a7a0a258c1,left out by the 1000-image subsample
not_sampled,no_flood,,aider_raw/AIDER/normal/normal_image2941.jpg,483e419bd037d17567375b37b924d7a6,left out by the 1000-image subsample
not_sampled,no_flood,,aider_raw/AIDER/normal/normal_image2943.jpg,22d953623db54a4df88d2ea8cd36706c,left out by the 1000-image subsample
not_sampled,no_flood,,aider_raw/AIDER/normal/normal_image2944.jpg,61952e24dedfbd49872c02268a5dbe1b,left out by the 1000-image subsample
not_sampled,no_flood,,aider_raw/AIDER/normal/normal_image2945.jpg,ea61e7103fe61e97c60634eef3006f5b,left out by the 1000-image subsample
not_sampled,no_flood,,aider_raw/AIDER/normal/normal_image2946.jpg,9a46f34feb051daf0028d20fd2667d48,left out by the 1000-image subsample
not_sampled,no_flood,,aider_raw/AIDER/normal/normal_image2949.jpg,a32f762c1aec1d34025367538b635755,left out by the 1000-image subsample
not_sampled,no_flood,,aider_raw/AIDER/normal/normal_image2950.jpg,a5f141fdb74c905ef27b2639c529c256,left out by the 1000-image subsample
not_sampled,no_flood,,aider_raw/AIDER/normal/normal_image2952.jpg,a6a11c63fff9bd8e67d7996e582e7c4d,left out by the 1000-image subsample
not_sampled,no_flood,,aider_raw/AIDER/normal/normal_image2953.jpg,f764d736b27df3409c80801b0bb57a00,left out by the 1000-image subsample
not_sampled,no_flood,,aider_raw/AIDER/normal/normal_image2954.jpg,81c5faa7e1d4680537891a4f374e170c,left out by the 1000-image subsample
not_sampled,no_flood,,aider_raw/AIDER/normal/normal_image2955.jpg,c4364b2dd448048313362e0aef322b04,left out by the 1000-image subsample
not_sampled,no_flood,,aider_raw/AIDER/normal/normal_image2956.jpg,e9b9ec4e73bb00b752e281ad1b050657,left out by the 1000-image subsample
not_sampled,no_flood,,aider_raw/AIDER/normal/normal_image2958.jpg,953519899b5a374c53ea140582bf6e31,left out by the 1000-image subsample
not_sampled,no_flood,,aider_raw/AIDER/normal/normal_image2959.jpg,24f5e7e7df8043389188997484977ee4,left out by the 1000-image subsample
not_sampled,no_flood,,aider_raw/AIDER/normal/normal_image2960.jpg,43a0c2e059cb196039c6172fd3569e29,left out by the 1000-image subsample
not_sampled,no_flood,,aider_raw/AIDER/normal/normal_image2961.jpg,eca98059f173675e4e5d0e31e741d5ec,left out by the 1000-image subsample
not_sampled,no_flood,,aider_raw/AIDER/normal/normal_image2964.jpg,bc92caa4e7c503c986ba411fad5f7a20,left out by the 1000-image subsample
not_sampled,no_flood,,aider_raw/AIDER/normal/normal_image2965.jpg,362fe55d754e8132fbfb40d09449f8ab,left out by the 1000-image subsample
not_sampled,no_flood,,aider_raw/AIDER/normal/normal_image2968.jpg,c4a133905d2d4ac91c3d75f700ade1c9,left out by the 1000-image subsample
not_sampled,no_flood,,aider_raw/AIDER/normal/normal_image2969.jpg,af2806390aae55e414b3d703741c703f,left out by the 1000-image subsample
not_sampled,no_flood,,aider_raw/AIDER/normal/normal_image2970.jpg,dd9824ac2c4f837769f7fa14931f151d,left out by the 1000-image subsample
not_sampled,no_flood,,aider_raw/AIDER/normal/normal_image2971.jpg,e1de5f486a30aa532c6f4f98b392eba6,left out by the 1000-image subsample
not_sampled,no_flood,,aider_raw/AIDER/normal/normal_image2974.jpg,167f7667b8e04554302bcefe708bddc2,left out by the 1000-image subsample
not_sampled,no_flood,,aider_raw/AIDER/normal/normal_image2975.jpg,7dec01f444f9cdca1ddcb270aa4fd0af,left out by the 1000-image subsample
not_sampled,no_flood,,aider_raw/AIDER/normal/normal_image2978.jpg,ebfb5ee64bd69281cb66e4e6b8ba1a49,left out by the 1000-image subsample
not_sampled,no_flood,,aider_raw/AIDER/normal/normal_image2979.jpg,01752159f85dc503b255ea348dc1c504,left out by the 1000-image subsample
not_sampled,no_flood,,aider_raw/AIDER/normal/normal_image2980.jpg,16b042bba990f7e69ae2ff5df6b43ebd,left out by the 1000-image subsample
not_sampled,no_flood,,aider_raw/AIDER/normal/normal_image2981.jpg,7363efa02f33f80d839b7790252babf5,left out by the 1000-image subsample
not_sampled,no_flood,,aider_raw/AIDER/normal/normal_image2983.jpg,385c686e6045d1bad6b8d6000171cb00,left out by the 1000-image subsample
not_sampled,no_flood,,aider_raw/AIDER/normal/normal_image2984.jpg,ca6d5ed9813f5f3fbe331268e6383759,left out by the 1000-image subsample
not_sampled,no_flood,,aider_raw/AIDER/normal/normal_image2985.jpg,b77b40d593cb4c744ef65a17ed0b1356,left out by the 1000-image subsample
not_sampled,no_flood,,aider_raw/AIDER/normal/normal_image2986.jpg,0acc7d81edbb685c7503f243986d8432,left out by the 1000-image subsample
not_sampled,no_flood,,aider_raw/AIDER/normal/normal_image2988.jpg,94d0f00c115256bc3d5dc16f64a7f34e,left out by the 1000-image subsample
not_sampled,no_flood,,aider_raw/AIDER/normal/normal_image2989.jpg,6ce33982e787c65b0b04f603f272b5fc,left out by the 1000-image subsample
not_sampled,no_flood,,aider_raw/AIDER/normal/normal_image2990.jpg,827c165196356029fefb090bac7bbe0f,left out by the 1000-image subsample
not_sampled,no_flood,,aider_raw/AIDER/normal/normal_image2991.jpg,be0b80fa76e61131b685616064ddbd53,left out by the 1000-image subsample
not_sampled,no_flood,,aider_raw/AIDER/normal/normal_image2992.jpg,61b76a9d119c94309635e290110f2ce3,left out by the 1000-image subsample
not_sampled,no_flood,,aider_raw/AIDER/normal/normal_image2993.jpg,0d43f7809c05b9e32dbb7c3f91fd0813,left out by the 1000-image subsample
not_sampled,no_flood,,aider_raw/AIDER/normal/normal_image2994.jpg,e1374e0dea43384d8bd8f5b8358ac044,left out by the 1000-image subsample
not_sampled,no_flood,,aider_raw/AIDER/normal/normal_image2996.jpg,b513126fb0f8fd4a3078a7b716b40662,left out by the 1000-image subsample
not_sampled,no_flood,,aider_raw/AIDER/normal/normal_image2998.jpg,3510eb612f11150374af219634f11bdc,left out by the 1000-image subsample
not_sampled,no_flood,,aider_raw/AIDER/normal/normal_image2999.jpg,a01117810f35676f7dfb2107154d5bea,left out by the 1000-image subsample
not_sampled,no_flood,,aider_raw/AIDER/normal/normal_image3000.jpg,fda5e7c12801f1d5c3ab9cad79ea3815,left out by the 1000-image subsample
not_sampled,no_flood,,aider_raw/AIDER/normal/normal_image3002.jpg,856fee684d14e63c4b97a520a4267381,left out by the 1000-image subsample
not_sampled,no_flood,,aider_raw/AIDER/normal/normal_image3007.jpg,9d0e29a8a861f8d1fbbe60d9b3b80f01,left out by the 1000-image subsample
not_sampled,no_flood,,aider_raw/AIDER/normal/normal_image3008.jpg,3c77d80dcbb5e8cfe9fb75d24aa8e062,left out by the 1000-image subsample
not_sampled,no_flood,,aider_raw/AIDER/normal/normal_image3009.jpg,cc907cb9253ccf1f795bf306e7e50538,left out by the 1000-image subsample
not_sampled,no_flood,,aider_raw/AIDER/normal/normal_image3010.jpg,d2347456a70786ba365601d2ced71cc8,left out by the 1000-image subsample
not_sampled,no_flood,,aider_raw/AIDER/normal/normal_image3011.jpg,e4666cf7055c8188f662567c5bcd7481,left out by the 1000-image subsample
not_sampled,no_flood,,aider_raw/AIDER/normal/normal_image3013.jpg,43e575af514a48e606664e119f123457,left out by the 1000-image subsample
not_sampled,no_flood,,aider_raw/AIDER/normal/normal_image3014.jpg,46feff7385390317f9341ef29c3b24f7,left out by the 1000-image subsample
not_sampled,no_flood,,aider_raw/AIDER/normal/normal_image3015.jpg,79656f95819997952194f33a5755d14a,left out by the 1000-image subsample
not_sampled,no_flood,,aider_raw/AIDER/normal/normal_image3016.jpg,6e8c5ed4883eeafddb2e8a54672e15fc,left out by the 1000-image subsample
not_sampled,no_flood,,aider_raw/AIDER/normal/normal_image3017.jpg,bcbaaa20e2e07fa3cfd97fe7a158c80e,left out by the 1000-image subsample
not_sampled,no_flood,,aider_raw/AIDER/normal/normal_image3019.jpg,c0feb4277eb06b3bfb4db58608eaa20e,left out by the 1000-image subsample
not_sampled,no_flood,,aider_raw/AIDER/normal/normal_image3020.jpg,abcec280a5f0587663becbd74d2248f7,left out by the 1000-image subsample
not_sampled,no_flood,,aider_raw/AIDER/normal/normal_image3022.jpg,2762d65b9188c5da1f0aefb21ec08004,left out by the 1000-image subsample
not_sampled,no_flood,,aider_raw/AIDER/normal/normal_image3023.jpg,7e65399fe64003678b454b2b51248abf,left out by the 1000-image subsample
not_sampled,no_flood,,aider_raw/AIDER/normal/normal_image3024.jpg,a35441a5d1394b5c409e251326d83fcb,left out by the 1000-image subsample
not_sampled,no_flood,,aider_raw/AIDER/normal/normal_image3025.jpg,e7dab364ddaa7563b57326bba154986c,left out by the 1000-image subsample
not_sampled,no_flood,,aider_raw/AIDER/normal/normal_image3026.jpg,af4de93f300ef5365441b193ed52c68b,left out by the 1000-image subsample
not_sampled,no_flood,,aider_raw/AIDER/normal/normal_image3028.jpg,c3224692013e562a2efa622e210c85c8,left out by the 1000-image subsample
not_sampled,no_flood,,aider_raw/AIDER/normal/normal_image3029.jpg,8ad4ce7150728704627ced0491a2c625,left out by the 1000-image subsample
not_sampled,no_flood,,aider_raw/AIDER/normal/normal_image3032.jpg,be560fd0c21e8830c12c675ab31a2955,left out by the 1000-image subsample
not_sampled,no_flood,,aider_raw/AIDER/normal/normal_image3033.jpg,accce7a7f2c9fb590c4341530f9fdc66,left out by the 1000-image subsample
not_sampled,no_flood,,aider_raw/AIDER/normal/normal_image3034.jpg,ab3a2f0d8e31234595c7e753857f7df4,left out by the 1000-image subsample
not_sampled,no_flood,,aider_raw/AIDER/normal/normal_image3035.jpg,94e225a8f3c6d7830579dc7d3a3db1c8,left out by the 1000-image subsample
not_sampled,no_flood,,aider_raw/AIDER/normal/normal_image3036.jpg,08e28eeb337ebb4bc7b761bcd9e994bd,left out by the 1000-image subsample
not_sampled,no_flood,,aider_raw/AIDER/normal/normal_image3037.jpg,477909dd4f55bc40515ed62035fd0b51,left out by the 1000-image subsample
not_sampled,no_flood,,aider_raw/AIDER/normal/normal_image3038.jpg,72d002461f80dcdb81e56657a14cc885,left out by the 1000-image subsample
not_sampled,no_flood,,aider_raw/AIDER/normal/normal_image3039.jpg,6d54e42d2cb0de1db327303a1030f48a,left out by the 1000-image subsample
not_sampled,no_flood,,aider_raw/AIDER/normal/normal_image3040.jpg,38c60d0464a3e6e45fbca40825ad46ef,left out by the 1000-image subsample
not_sampled,no_flood,,aider_raw/AIDER/normal/normal_image3041.jpg,0391635aa9867cdb8923b73085ba2efa,left out by the 1000-image subsample
not_sampled,no_flood,,aider_raw/AIDER/normal/normal_image3042.jpg,41f6c8c0fe16c24268af10f166898d7d,left out by the 1000-image subsample
not_sampled,no_flood,,aider_raw/AIDER/normal/normal_image3043.jpg,925872a58ea84bae50e922baaeb295b5,left out by the 1000-image subsample
not_sampled,no_flood,,aider_raw/AIDER/normal/normal_image3044.jpg,6e7381558804a4e9924f7422d4407b1d,left out by the 1000-image subsample
not_sampled,no_flood,,aider_raw/AIDER/normal/normal_image3046.jpg,6b897c68adadf446ccabf531826c1465,left out by the 1000-image subsample
not_sampled,no_flood,,aider_raw/AIDER/normal/normal_image3047.jpg,c28735311eb5ca373900d778f6f5e266,left out by the 1000-image subsample
not_sampled,no_flood,,aider_raw/AIDER/normal/normal_image3050.jpg,5cd41032d77cc4ce8b7527cf2cb7a9a4,left out by the 1000-image subsample
not_sampled,no_flood,,aider_raw/AIDER/normal/normal_image3051.jpg,0093d81c2f3d50c0df72fca535f530e2,left out by the 1000-image subsample
not_sampled,no_flood,,aider_raw/AIDER/normal/normal_image3053.jpg,25190f1dacb8fa57354229e7382914a2,left out by the 1000-image subsample
not_sampled,no_flood,,aider_raw/AIDER/normal/normal_image3054.jpg,e2463c29b0a6555e4081788d38025066,left out by the 1000-image subsample
not_sampled,no_flood,,aider_raw/AIDER/normal/normal_image3055.jpg,fb5fab256bff77a28cc086e5c2398c5d,left out by the 1000-image subsample
not_sampled,no_flood,,aider_raw/AIDER/normal/normal_image3056.jpg,45a413bae669679701a519a0bc1b54d2,left out by the 1000-image subsample
not_sampled,no_flood,,aider_raw/AIDER/normal/normal_image3057.jpg,385f7fb3c19280e56b70fd3ee4cb16ca,left out by the 1000-image subsample
not_sampled,no_flood,,aider_raw/AIDER/normal/normal_image3058.jpg,cf743f10f8ab35cac996f09296629c4d,left out by the 1000-image subsample
not_sampled,no_flood,,aider_raw/AIDER/normal/normal_image3059.jpg,8ef4bf76a3d2c952cf2c362f426eda26,left out by the 1000-image subsample
not_sampled,no_flood,,aider_raw/AIDER/normal/normal_image3060.jpg,9626bbd07f212452900917db6ba738a4,left out by the 1000-image subsample
not_sampled,no_flood,,aider_raw/AIDER/normal/normal_image3061.jpg,ee14a2eed521e1b3da4f1def3b5e43b6,left out by the 1000-image subsample
not_sampled,no_flood,,aider_raw/AIDER/normal/normal_image3063.jpg,0efdf52c8274413d42b0a4c795eb3d66,left out by the 1000-image subsample
not_sampled,no_flood,,aider_raw/AIDER/normal/normal_image3064.jpg,e9960c37a78443a4a59ac68883dcc049,left out by the 1000-image subsample
not_sampled,no_flood,,aider_raw/AIDER/normal/normal_image3066.jpg,6fd4b3306d479385bbfc84d1c0e642dd,left out by the 1000-image subsample
not_sampled,no_flood,,aider_raw/AIDER/normal/normal_image3067.jpg,734a4f620f3fa6541f2bfbccf305d923,left out by the 1000-image subsample
not_sampled,no_flood,,aider_raw/AIDER/normal/normal_image3069.jpg,a6f31fd63d8573fde0857102cd9f1354,left out by the 1000-image subsample
not_sampled,no_flood,,aider_raw/AIDER/normal/normal_image3071.jpg,6159069c384d55ff66cf7e0cf6908dd7,left out by the 1000-image subsample
not_sampled,no_flood,,aider_raw/AIDER/normal/normal_image3074.jpg,cfa0799df0e5028d577ece0585be223b,left out by the 1000-image subsample
not_sampled,no_flood,,aider_raw/AIDER/normal/normal_image3078.jpg,b7e1a7e215ebf8331ed6d4b9a8c75a77,left out by the 1000-image subsample
not_sampled,no_flood,,aider_raw/AIDER/normal/normal_image3079.jpg,6f2d3f8d4c604ec82a9d989a2b1482f7,left out by the 1000-image subsample
not_sampled,no_flood,,aider_raw/AIDER/normal/normal_image3080.jpg,8a82243b39f622d2d109e56d9d856f9a,left out by the 1000-image subsample
not_sampled,no_flood,,aider_raw/AIDER/normal/normal_image3081.jpg,74713e8070f674f2d14bd9b96c4bfd49,left out by the 1000-image subsample
not_sampled,no_flood,,aider_raw/AIDER/normal/normal_image3082.jpg,24aa4b89f0e3aace51e41a6b19c98435,left out by the 1000-image subsample
not_sampled,no_flood,,aider_raw/AIDER/normal/normal_image3083.jpg,083e7dd52c617dbb3af285bf6182fe28,left out by the 1000-image subsample
not_sampled,no_flood,,aider_raw/AIDER/normal/normal_image3084.jpg,4a7d0aea9b140224eefcdcf8d6cd774d,left out by the 1000-image subsample
not_sampled,no_flood,,aider_raw/AIDER/normal/normal_image3085.jpg,3b499116ad98f63f8319438d943b7ca9,left out by the 1000-image subsample
not_sampled,no_flood,,aider_raw/AIDER/normal/normal_image3087.jpg,186a670dd41e183a440a4fdfd682025c,left out by the 1000-image subsample
not_sampled,no_flood,,aider_raw/AIDER/normal/normal_image3088.jpg,5d6226ab70b16eb8b135f651ff6e5d60,left out by the 1000-image subsample
not_sampled,no_flood,,aider_raw/AIDER/normal/normal_image3089.jpg,0a0cb60b5a955c014f16cdd1d40b6310,left out by the 1000-image subsample
not_sampled,no_flood,,aider_raw/AIDER/normal/normal_image3090.jpg,f544add978670c525a0c2bef927f7de9,left out by the 1000-image subsample
not_sampled,no_flood,,aider_raw/AIDER/normal/normal_image3091.jpg,8966b2bdae9f91e941c7c4c925a7de89,left out by the 1000-image subsample
not_sampled,no_flood,,aider_raw/AIDER/normal/normal_image3092.jpg,7c21bae8205094864b90f7e6b8005b7a,left out by the 1000-image subsample
not_sampled,no_flood,,aider_raw/AIDER/normal/normal_image3093.jpg,8d562f3232143a128d1dff1bf7682e92,left out by the 1000-image subsample
not_sampled,no_flood,,aider_raw/AIDER/normal/normal_image3095.jpg,1f573e949aa44db5ff6e36f24bcdc998,left out by the 1000-image subsample
not_sampled,no_flood,,aider_raw/AIDER/normal/normal_image3097.jpg,db2702d9bb191c164eb05527a4662ab5,left out by the 1000-image subsample
not_sampled,no_flood,,aider_raw/AIDER/normal/normal_image3098.jpg,c084bfd14998f8fdfa83cea5dcafe45d,left out by the 1000-image subsample
not_sampled,no_flood,,aider_raw/AIDER/normal/normal_image3099.jpg,83a8f778660a548a641f705bfe4cb487,left out by the 1000-image subsample
not_sampled,no_flood,,aider_raw/AIDER/normal/normal_image3100.jpg,a63acdd03a998bb46c1438c4526a4a96,left out by the 1000-image subsample
not_sampled,no_flood,,aider_raw/AIDER/normal/normal_image3102.jpg,891e053567d752e724c812df0eaef4b5,left out by the 1000-image subsample
not_sampled,no_flood,,aider_raw/AIDER/normal/normal_image3103.jpg,0dfaf2515b9f3441d1b6f3e7bd1e3b32,left out by the 1000-image subsample
not_sampled,no_flood,,aider_raw/AIDER/normal/normal_image3104.jpg,5be4f6e3effffa530b4852adbf1d49a3,left out by the 1000-image subsample
not_sampled,no_flood,,aider_raw/AIDER/normal/normal_image3106.jpg,c48a78da3df604a15bbb2a9f35cba147,left out by the 1000-image subsample
not_sampled,no_flood,,aider_raw/AIDER/normal/normal_image3107.jpg,81a782e6e0f98a343d23085679c97f21,left out by the 1000-image subsample
not_sampled,no_flood,,aider_raw/AIDER/normal/normal_image3108.jpg,6ff5a2b6f99ad695065a23334e36a232,left out by the 1000-image subsample
not_sampled,no_flood,,aider_raw/AIDER/normal/normal_image3109.jpg,bae9899a32a104e0a4d1bbf902555475,left out by the 1000-image subsample
not_sampled,no_flood,,aider_raw/AIDER/normal/normal_image3110.jpg,ed9bd92dc39b891581fe36aa8638d8e7,left out by the 1000-image subsample
not_sampled,no_flood,,aider_raw/AIDER/normal/normal_image3111.jpg,b24f4648a7e553f4afbf26d69093b939,left out by the 1000-image subsample
not_sampled,no_flood,,aider_raw/AIDER/normal/normal_image3112.jpg,b8f66e2a050a7d12ba74ed1ca9c3eb18,left out by the 1000-image subsample
not_sampled,no_flood,,aider_raw/AIDER/normal/normal_image3113.jpg,268a008d377ee118496d64d98938e08c,left out by the 1000-image subsample
not_sampled,no_flood,,aider_raw/AIDER/normal/normal_image3114.jpg,f90bcbc4524b50dc2f7f5c3ea1949f65,left out by the 1000-image subsample
not_sampled,no_flood,,aider_raw/AIDER/normal/normal_image3116.jpg,02953c9d09ff07f25edc9b51971e7d9f,left out by the 1000-image subsample
not_sampled,no_flood,,aider_raw/AIDER/normal/normal_image3118.jpg,f5432104df009239fcbbfe34dda5dc09,left out by the 1000-image subsample
not_sampled,no_flood,,aider_raw/AIDER/normal/normal_image3119.jpg,503bbda082df1d9ec24e19a007a5c3a9,left out by the 1000-image subsample
not_sampled,no_flood,,aider_raw/AIDER/normal/normal_image3120.jpg,628a53d72f75f69483ca6057a6e1005a,left out by the 1000-image subsample
not_sampled,no_flood,,aider_raw/AIDER/normal/normal_image3123.jpg,0bce33b5c529dc646cf9446381015c7e,left out by the 1000-image subsample
not_sampled,no_flood,,aider_raw/AIDER/normal/normal_image3124.jpg,7cb70a7a991ec48f0000b2dc5623259b,left out by the 1000-image subsample
not_sampled,no_flood,,aider_raw/AIDER/normal/normal_image3126.jpg,b080a8d75926cadbed4bdcdd0ad3cc3d,left out by the 1000-image subsample
not_sampled,no_flood,,aider_raw/AIDER/normal/normal_image3128.jpg,6f2e18ff6751e21476ad94ff7f154f39,left out by the 1000-image subsample
not_sampled,no_flood,,aider_raw/AIDER/normal/normal_image3129.jpg,defea9e02661a60e8edbcd0f923ed696,left out by the 1000-image subsample
not_sampled,no_flood,,aider_raw/AIDER/normal/normal_image3130.jpg,26905981bb25d4a27349263f76499b2f,left out by the 1000-image subsample
not_sampled,no_flood,,aider_raw/AIDER/normal/normal_image3131.jpg,887c7a98fbc82cb5daa94a3755370fab,left out by the 1000-image subsample
not_sampled,no_flood,,aider_raw/AIDER/normal/normal_image3132.jpg,156227aa8cc611646a9af28a3e9d6f1e,left out by the 1000-image subsample
not_sampled,no_flood,,aider_raw/AIDER/normal/normal_image3133.jpg,af5d9e03c2e975bdf7ecd7246db4fa76,left out by the 1000-image subsample
not_sampled,no_flood,,aider_raw/AIDER/normal/normal_image3134.jpg,f3c32f90f1af8bee6e0c19e7a882e0d5,left out by the 1000-image subsample
not_sampled,no_flood,,aider_raw/AIDER/normal/normal_image3135.jpg,493e223e5a9255d3fe3f00d0b7598b72,left out by the 1000-image subsample
not_sampled,no_flood,,aider_raw/AIDER/normal/normal_image3136.jpg,77ed24058dd20438b13412bfb08fefb0,left out by the 1000-image subsample
not_sampled,no_flood,,aider_raw/AIDER/normal/normal_image3137.jpg,12e8cefadf47c76eade09ec5d14c67c0,left out by the 1000-image subsample
not_sampled,no_flood,,aider_raw/AIDER/normal/normal_image3138.jpg,12538644e55cd89baf06045545e4e585,left out by the 1000-image subsample
not_sampled,no_flood,,aider_raw/AIDER/normal/normal_image3139.jpg,7208617fd3134e594012deab02f47f90,left out by the 1000-image subsample
not_sampled,no_flood,,aider_raw/AIDER/normal/normal_image3140.jpg,ef4d787aadf4954580665aee8df0eccb,left out by the 1000-image subsample
not_sampled,no_flood,,aider_raw/AIDER/normal/normal_image3141.jpg,0444b27c11782f7eb315114e0a59da20,left out by the 1000-image subsample
not_sampled,no_flood,,aider_raw/AIDER/normal/normal_image3142.jpg,f3c47fdb8e3cab9209d8c682c97e7781,left out by the 1000-image subsample
not_sampled,no_flood,,aider_raw/AIDER/normal/normal_image3143.jpg,3dc5620f52ec66223ed5499a593f96c9,left out by the 1000-image subsample
not_sampled,no_flood,,aider_raw/AIDER/normal/normal_image3144.jpg,a58cdaa614209cf31be3d6b9a68acd5e,left out by the 1000-image subsample
not_sampled,no_flood,,aider_raw/AIDER/normal/normal_image3145.jpg,fa0cbf159a00d560637cb372c4251139,left out by the 1000-image subsample
not_sampled,no_flood,,aider_raw/AIDER/normal/normal_image3146.jpg,15b9073c2ec6e65b1df16e632184ebc6,left out by the 1000-image subsample
not_sampled,no_flood,,aider_raw/AIDER/normal/normal_image3148.jpg,3e015b2eb82edaddd012df00ec361fbe,left out by the 1000-image subsample
not_sampled,no_flood,,aider_raw/AIDER/normal/normal_image3149.jpg,c2fb377d41973f00d389d4ade17bfba9,left out by the 1000-image subsample
not_sampled,no_flood,,aider_raw/AIDER/normal/normal_image3151.jpg,ec938ac6d8a9218729d46bb0604c2686,left out by the 1000-image subsample
not_sampled,no_flood,,aider_raw/AIDER/normal/normal_image3152.jpg,07b2e5876adaa2c0e50b65365839198c,left out by the 1000-image subsample
not_sampled,no_flood,,aider_raw/AIDER/normal/normal_image3153.jpg,06078b6857562c06c68a67877c49d28b,left out by the 1000-image subsample
not_sampled,no_flood,,aider_raw/AIDER/normal/normal_image3155.jpg,86a65936dbca071458326f70672cf947,left out by the 1000-image subsample
not_sampled,no_flood,,aider_raw/AIDER/normal/normal_image3156.jpg,4e9c310105ee0b99bec22418589c831f,left out by the 1000-image subsample
not_sampled,no_flood,,aider_raw/AIDER/normal/normal_image3161.jpg,936255eb297e8157b0785883b927694b,left out by the 1000-image subsample
not_sampled,no_flood,,aider_raw/AIDER/normal/normal_image3163.jpg,2ce50edebe15bf2b95626a0943903981,left out by the 1000-image subsample
not_sampled,no_flood,,aider_raw/AIDER/normal/normal_image3164.jpg,edf4d617cd7f5f2446077bace71c5eca,left out by the 1000-image subsample
not_sampled,no_flood,,aider_raw/AIDER/normal/normal_image3165.jpg,f35832d04b78ea77c336b6558a74b52c,left out by the 1000-image subsample
not_sampled,no_flood,,aider_raw/AIDER/normal/normal_image3166.jpg,2219b1cae60185a12cf821e9dfd5c7cc,left out by the 1000-image subsample
not_sampled,no_flood,,aider_raw/AIDER/normal/normal_image3167.jpg,e94cec03a7510c90ca371cc8f5456a88,left out by the 1000-image subsample
not_sampled,no_flood,,aider_raw/AIDER/normal/normal_image3168.jpg,fd6a3da79c87de36bd422d89f7976988,left out by the 1000-image subsample
not_sampled,no_flood,,aider_raw/AIDER/normal/normal_image3170.jpg,ec8cac23ad584a4ff3fb82ceef4cb453,left out by the 1000-image subsample
not_sampled,no_flood,,aider_raw/AIDER/normal/normal_image3171.jpg,bb89197c7dd86130463bc46ccf406df4,left out by the 1000-image subsample
not_sampled,no_flood,,aider_raw/AIDER/normal/normal_image3172.jpg,a3739ef9e1a43db5d92bb9d8328c1b81,left out by the 1000-image subsample
not_sampled,no_flood,,aider_raw/AIDER/normal/normal_image3173.jpg,826c0ec72358cb3cdbc416f299f438d4,left out by the 1000-image subsample
not_sampled,no_flood,,aider_raw/AIDER/normal/normal_image3174.jpg,7bc58355d05e53f643a0c60785da68f4,left out by the 1000-image subsample
not_sampled,no_flood,,aider_raw/AIDER/normal/normal_image3175.jpg,ee732f1f299c68c5d200780072957b82,left out by the 1000-image subsample
not_sampled,no_flood,,aider_raw/AIDER/normal/normal_image3176.jpg,97dfc07181112f6b71cf1eba9593b7ec,left out by the 1000-image subsample
not_sampled,no_flood,,aider_raw/AIDER/normal/normal_image3177.jpg,cf0d233879b872b49a1477e793c57892,left out by the 1000-image subsample
not_sampled,no_flood,,aider_raw/AIDER/normal/normal_image3178.jpg,3c88e01cc66caecb43af9dc20f57df34,left out by the 1000-image subsample
not_sampled,no_flood,,aider_raw/AIDER/normal/normal_image3179.jpg,2b0febe77c04a4b9016f8fc24f2da297,left out by the 1000-image subsample
not_sampled,no_flood,,aider_raw/AIDER/normal/normal_image3180.jpg,c80110c1b6a046d5296a6a3cb7e642c5,left out by the 1000-image subsample
not_sampled,no_flood,,aider_raw/AIDER/normal/normal_image3181.jpg,8e404788ca8549829c1a03ca50060b17,left out by the 1000-image subsample
not_sampled,no_flood,,aider_raw/AIDER/normal/normal_image3182.jpg,df8ba2587be39ef4eaea21d0f2a2d49f,left out by the 1000-image subsample
not_sampled,no_flood,,aider_raw/AIDER/normal/normal_image3183.jpg,4a623cd27952eff9deaa77870bad4cfd,left out by the 1000-image subsample
not_sampled,no_flood,,aider_raw/AIDER/normal/normal_image3184.jpg,a0ce10e44f6b353c9499c45a7ed22a8e,left out by the 1000-image subsample
not_sampled,no_flood,,aider_raw/AIDER/normal/normal_image3187.jpg,8207aa9f5b471089616243ecfb398d1a,left out by the 1000-image subsample
not_sampled,no_flood,,aider_raw/AIDER/normal/normal_image3188.jpg,b218c20a937786f59c5239ed8dde1c8a,left out by the 1000-image subsample
not_sampled,no_flood,,aider_raw/AIDER/normal/normal_image3189.jpg,26725f6fbeee20d80d47b350988fa411,left out by the 1000-image subsample
not_sampled,no_flood,,aider_raw/AIDER/normal/normal_image3190.jpg,e82f2367f40a5be5d6d9a6d0362b84f4,left out by the 1000-image subsample
not_sampled,no_flood,,aider_raw/AIDER/normal/normal_image3194.jpg,23cb3d51fad0807232da7738af64aed0,left out by the 1000-image subsample
not_sampled,no_flood,,aider_raw/AIDER/normal/normal_image3195.jpg,74b975aece91c401525e64475825950c,left out by the 1000-image subsample
not_sampled,no_flood,,aider_raw/AIDER/normal/normal_image3196.jpg,04ea538191942f34d4ddfb465c0b7364,left out by the 1000-image subsample
not_sampled,no_flood,,aider_raw/AIDER/normal/normal_image3198.jpg,d691b3ddbe6147812034a4ed54bb9056,left out by the 1000-image subsample
not_sampled,no_flood,,aider_raw/AIDER/normal/normal_image3199.jpg,c32d4fe527f6794e3dbbb38c71a036e1,left out by the 1000-image subsample
not_sampled,no_flood,,aider_raw/AIDER/normal/normal_image3200.jpg,efb0d9f899f61b959c85351729a0e566,left out by the 1000-image subsample
not_sampled,no_flood,,aider_raw/AIDER/normal/normal_image3202.jpg,863a9c9262f4c390ddbf365c0013815b,left out by the 1000-image subsample
not_sampled,no_flood,,aider_raw/AIDER/normal/normal_image3204.jpg,d2f1f2814c3548011de229e0780803a1,left out by the 1000-image subsample
not_sampled,no_flood,,aider_raw/AIDER/normal/normal_image3205.jpg,ef0bea7a25c96afac24efbd0cab216f0,left out by the 1000-image subsample
not_sampled,no_flood,,aider_raw/AIDER/normal/normal_image3206.jpg,50368a555f19fd99ad15cf790f1ca48f,left out by the 1000-image subsample
not_sampled,no_flood,,aider_raw/AIDER/normal/normal_image3208.jpg,df24d578083a464031483c16341373a5,left out by the 1000-image subsample
not_sampled,no_flood,,aider_raw/AIDER/normal/normal_image3209.jpg,fd756311f00223b2a987cdb3fd904f02,left out by the 1000-image subsample
not_sampled,no_flood,,aider_raw/AIDER/normal/normal_image3210.jpg,3f271858b949621a5508d8ffe235eb05,left out by the 1000-image subsample
not_sampled,no_flood,,aider_raw/AIDER/normal/normal_image3211.jpg,30077d60010ba533cd1103800d23ff4a,left out by the 1000-image subsample
not_sampled,no_flood,,aider_raw/AIDER/normal/normal_image3213.jpg,f079f6f8470a1d076a1bbacb1439f48a,left out by the 1000-image subsample
not_sampled,no_flood,,aider_raw/AIDER/normal/normal_image3214.jpg,40bda089489437d47c08bb4e8f83dd61,left out by the 1000-image subsample
not_sampled,no_flood,,aider_raw/AIDER/normal/normal_image3215.jpg,68a073b68cfeff893a40eff826b5db2e,left out by the 1000-image subsample
not_sampled,no_flood,,aider_raw/AIDER/normal/normal_image3216.jpg,d31513c199be0e1a9040a64a10ea4921,left out by the 1000-image subsample
not_sampled,no_flood,,aider_raw/AIDER/normal/normal_image3217.jpg,8d623b891b1ad33bdad786c2c1ad6212,left out by the 1000-image subsample
not_sampled,no_flood,,aider_raw/AIDER/normal/normal_image3219.jpg,6067137786cca3a6f7924184a47c3788,left out by the 1000-image subsample
not_sampled,no_flood,,aider_raw/AIDER/normal/normal_image3220.jpg,e35b8e5141afcc8d0666c9afffe7816b,left out by the 1000-image subsample
not_sampled,no_flood,,aider_raw/AIDER/normal/normal_image3221.jpg,646ca27dfa9ad2571ab37e1c5e62d057,left out by the 1000-image subsample
not_sampled,no_flood,,aider_raw/AIDER/normal/normal_image3222.jpg,c851216210a4df1ab79b34aea04dc570,left out by the 1000-image subsample
not_sampled,no_flood,,aider_raw/AIDER/normal/normal_image3223.jpg,8dd13f35f22c445d56b5c8992c7a4619,left out by the 1000-image subsample
not_sampled,no_flood,,aider_raw/AIDER/normal/normal_image3224.jpg,e62a773995b607e19439254e43ab11f0,left out by the 1000-image subsample
not_sampled,no_flood,,aider_raw/AIDER/normal/normal_image3225.jpg,125a47ca908fc73c00bdb6f5324b40e3,left out by the 1000-image subsample
not_sampled,no_flood,,aider_raw/AIDER/normal/normal_image3227.jpg,b41eeb9aafe4c6b234cfb8799744cec4,left out by the 1000-image subsample
not_sampled,no_flood,,aider_raw/AIDER/normal/normal_image3228.jpg,456019a4b8757ee4a53e11380448d4b8,left out by the 1000-image subsample
not_sampled,no_flood,,aider_raw/AIDER/normal/normal_image3232.jpg,ae497c47576b835042cf3eb2ff162f6c,left out by the 1000-image subsample
not_sampled,no_flood,,aider_raw/AIDER/normal/normal_image3233.jpg,4427f8fef14f0b1c85da8c3bd24598b9,left out by the 1000-image subsample
not_sampled,no_flood,,aider_raw/AIDER/normal/normal_image3234.jpg,abaedee007833e1a0f8f9494ffbedc93,left out by the 1000-image subsample
not_sampled,no_flood,,aider_raw/AIDER/normal/normal_image3235.jpg,17dd627a1716bb9e3a083633b8ecbfa4,left out by the 1000-image subsample
not_sampled,no_flood,,aider_raw/AIDER/normal/normal_image3236.jpg,27b71c0a9a495ed75775f150a6f0e45c,left out by the 1000-image subsample
not_sampled,no_flood,,aider_raw/AIDER/normal/normal_image3237.jpg,e345965fd336269cdb461161e8cd429e,left out by the 1000-image subsample
not_sampled,no_flood,,aider_raw/AIDER/normal/normal_image3238.jpg,f59e192fb1d8411d9015ea19c5293718,left out by the 1000-image subsample
not_sampled,no_flood,,aider_raw/AIDER/normal/normal_image3240.jpg,2421916458959782b77c0c2b6ac86b93,left out by the 1000-image subsample
not_sampled,no_flood,,aider_raw/AIDER/normal/normal_image3242.jpg,7e5adc133676710fcaed349702ca602c,left out by the 1000-image subsample
not_sampled,no_flood,,aider_raw/AIDER/normal/normal_image3243.jpg,5af89a3a5e13f376ce114c5de8b01246,left out by the 1000-image subsample
not_sampled,no_flood,,aider_raw/AIDER/normal/normal_image3244.jpg,4f8b531a7ea7dbe5db7d8e38c99e46ca,left out by the 1000-image subsample
not_sampled,no_flood,,aider_raw/AIDER/normal/normal_image3245.jpg,677a84a499e14cb4445b431fe494cdfb,left out by the 1000-image subsample
not_sampled,no_flood,,aider_raw/AIDER/normal/normal_image3246.jpg,c26293365f32a879454de651b921d7bb,left out by the 1000-image subsample
not_sampled,no_flood,,aider_raw/AIDER/normal/normal_image3250.jpg,a2278aa25c47d3093e2ac0087b204440,left out by the 1000-image subsample
not_sampled,no_flood,,aider_raw/AIDER/normal/normal_image3251.jpg,ffc019de3a68315275f4c2aa47e9fd74,left out by the 1000-image subsample
not_sampled,no_flood,,aider_raw/AIDER/normal/normal_image3254.jpg,a8a1308694423fabcb94754e2432170c,left out by the 1000-image subsample
not_sampled,no_flood,,aider_raw/AIDER/normal/normal_image3258.jpg,9a3b7cca5d6229a60fd74eb3368d3bb5,left out by the 1000-image subsample
not_sampled,no_flood,,aider_raw/AIDER/normal/normal_image3259.jpg,dec2ecb5689051b8216dbda176307cc4,left out by the 1000-image subsample
not_sampled,no_flood,,aider_raw/AIDER/normal/normal_image3261.jpg,11bbf51768d50d805b970198334dd686,left out by the 1000-image subsample
not_sampled,no_flood,,aider_raw/AIDER/normal/normal_image3263.jpg,135a00a4f0caccbdee433ebf2defcb67,left out by the 1000-image subsample
not_sampled,no_flood,,aider_raw/AIDER/normal/normal_image3264.jpg,af8ddca6b7423ae7f91be5828c53c4bd,left out by the 1000-image subsample
not_sampled,no_flood,,aider_raw/AIDER/normal/normal_image3265.jpg,2514fbad4d15a38d930a29af61dd39f2,left out by the 1000-image subsample
not_sampled,no_flood,,aider_raw/AIDER/normal/normal_image3266.jpg,b6575e30906b2f08769eb1b7fb0ad325,left out by the 1000-image subsample
not_sampled,no_flood,,aider_raw/AIDER/normal/normal_image3268.jpg,4822c305768536bda5cd1bdc8d902e84,left out by the 1000-image subsample
not_sampled,no_flood,,aider_raw/AIDER/normal/normal_image3270.jpg,82d1d11ce37b806a43b9b69c7a60ccff,left out by the 1000-image subsample
not_sampled,no_flood,,aider_raw/AIDER/normal/normal_image3271.jpg,5294c411716b047887c0ebf992bae8f3,left out by the 1000-image subsample
not_sampled,no_flood,,aider_raw/AIDER/normal/normal_image3272.jpg,978fee5cc34b6101646b0118549a84d5,left out by the 1000-image subsample
not_sampled,no_flood,,aider_raw/AIDER/normal/normal_image3273.jpg,7ce249e0c234bd7bfe8f75484fd8fe11,left out by the 1000-image subsample
not_sampled,no_flood,,aider_raw/AIDER/normal/normal_image3275.jpg,39f8dfedf614270c8e49979b2b51b03c,left out by the 1000-image subsample
not_sampled,no_flood,,aider_raw/AIDER/normal/normal_image3276.jpg,aa33513f9320e7439971cc70cd6fb7e8,left out by the 1000-image subsample
not_sampled,no_flood,,aider_raw/AIDER/normal/normal_image3277.jpg,3eff839caf3f0d5c76e25f9567c093dd,left out by the 1000-image subsample
not_sampled,no_flood,,aider_raw/AIDER/normal/normal_image3278.jpg,da505c636d7101d09930278abb93622b,left out by the 1000-image subsample
not_sampled,no_flood,,aider_raw/AIDER/normal/normal_image3279.jpg,8c7a4f7e99caceca554d4ee3ff640e0d,left out by the 1000-image subsample
not_sampled,no_flood,,aider_raw/AIDER/normal/normal_image3280.jpg,d211c74acc3a567048b18a22c9936fdb,left out by the 1000-image subsample
not_sampled,no_flood,,aider_raw/AIDER/normal/normal_image3281.jpg,a448ac55ac24abeaf6e893dba7498483,left out by the 1000-image subsample
not_sampled,no_flood,,aider_raw/AIDER/normal/normal_image3282.jpg,2d666f1ef937cb4869a3221e73fd471f,left out by the 1000-image subsample
not_sampled,no_flood,,aider_raw/AIDER/normal/normal_image3283.jpg,4586120b8d3d671d258fbcf94256d736,left out by the 1000-image subsample
not_sampled,no_flood,,aider_raw/AIDER/normal/normal_image3286.jpg,57d738d7410b30feac3f417d1f31960b,left out by the 1000-image subsample
not_sampled,no_flood,,aider_raw/AIDER/normal/normal_image3287.jpg,95b580b61120880b233c07fa5966cdce,left out by the 1000-image subsample
not_sampled,no_flood,,aider_raw/AIDER/normal/normal_image3291.jpg,fd3d71539ab356cabb5a6da303227393,left out by the 1000-image subsample
not_sampled,no_flood,,aider_raw/AIDER/normal/normal_image3292.jpg,3cc1b7c2686aea110dbebf168a50b628,left out by the 1000-image subsample
not_sampled,no_flood,,aider_raw/AIDER/normal/normal_image3293.jpg,08dc515f7ff5d320fdc5add200533a61,left out by the 1000-image subsample
not_sampled,no_flood,,aider_raw/AIDER/normal/normal_image3295.jpg,41772c5b4056389b54d55086207b1041,left out by the 1000-image subsample
not_sampled,no_flood,,aider_raw/AIDER/normal/normal_image3296.jpg,b6a8d4b2e35d8bb5cbf935fedd267b3f,left out by the 1000-image subsample
not_sampled,no_flood,,aider_raw/AIDER/normal/normal_image3297.jpg,2891b71171b5daf26811d1d6d5bbc52d,left out by the 1000-image subsample
not_sampled,no_flood,,aider_raw/AIDER/normal/normal_image3298.jpg,d10b30037d275e8e8aa1aa934add359c,left out by the 1000-image subsample
not_sampled,no_flood,,aider_raw/AIDER/normal/normal_image3299.jpg,82268a7c3931d17e73cbcf86af347482,left out by the 1000-image subsample
not_sampled,no_flood,,aider_raw/AIDER/normal/normal_image3300.jpg,a0f7cd996a54ba6b896b4f54fea6ffe6,left out by the 1000-image subsample
not_sampled,no_flood,,aider_raw/AIDER/normal/normal_image3302.jpg,bb7e83ce4e939ed9a90b1c49d0c0261c,left out by the 1000-image subsample
not_sampled,no_flood,,aider_raw/AIDER/normal/normal_image3303.jpg,3bbb53ceef6ae890d0e4baa5e9826cb6,left out by the 1000-image subsample
not_sampled,no_flood,,aider_raw/AIDER/normal/normal_image3304.jpg,4b69416b4698bbf226f9eb185c577c52,left out by the 1000-image subsample
not_sampled,no_flood,,aider_raw/AIDER/normal/normal_image3305.jpg,eaedaa69d628434604a1546f99f466c9,left out by the 1000-image subsample
not_sampled,no_flood,,aider_raw/AIDER/normal/normal_image3306.jpg,1f341e4985fd0f389de5a8f894aceac9,left out by the 1000-image subsample
not_sampled,no_flood,,aider_raw/AIDER/normal/normal_image3307.jpg,703b12b57245914ea6c9db9aa06a900d,left out by the 1000-image subsample
not_sampled,no_flood,,aider_raw/AIDER/normal/normal_image3308.jpg,f2f285cd24912ab0e01dac8ed6838ab0,left out by the 1000-image subsample
not_sampled,no_flood,,aider_raw/AIDER/normal/normal_image3309.jpg,927ec739a1108b5dc30a58d76b878738,left out by the 1000-image subsample
not_sampled,no_flood,,aider_raw/AIDER/normal/normal_image3310.jpg,43c9e2bc9792cc146bc65a6659de27f1,left out by the 1000-image subsample
not_sampled,no_flood,,aider_raw/AIDER/normal/normal_image3311.jpg,c35ee153f251bd2dc23f3628f002a018,left out by the 1000-image subsample
not_sampled,no_flood,,aider_raw/AIDER/normal/normal_image3312.jpg,fee44a78d90c95970b72039c59ee35a7,left out by the 1000-image subsample
not_sampled,no_flood,,aider_raw/AIDER/normal/normal_image3313.jpg,e2256bb8efa5a373d71848b9bebc6bd7,left out by the 1000-image subsample
not_sampled,no_flood,,aider_raw/AIDER/normal/normal_image3315.jpg,fd525a5e12e5aeb6f88e34d1485ba83c,left out by the 1000-image subsample
not_sampled,no_flood,,aider_raw/AIDER/normal/normal_image3316.jpg,a1296bce569b7f0b00ff7cd9c4baa6f5,left out by the 1000-image subsample
not_sampled,no_flood,,aider_raw/AIDER/normal/normal_image3319.jpg,3caf0bc3a7381b93243ac0b7cef4a1d3,left out by the 1000-image subsample
not_sampled,no_flood,,aider_raw/AIDER/normal/normal_image3320.jpg,20963c491bd2fd06422fdbdb1d312f2e,left out by the 1000-image subsample
not_sampled,no_flood,,aider_raw/AIDER/normal/normal_image3322.jpg,3d96a72683405f69b27a21e1d9e1e78e,left out by the 1000-image subsample
not_sampled,no_flood,,aider_raw/AIDER/normal/normal_image3323.jpg,6d90feebe66f60be6fe417d6cfe39a42,left out by the 1000-image subsample
not_sampled,no_flood,,aider_raw/AIDER/normal/normal_image3324.jpg,8240b6fa7b865a729590192c5b4890c4,left out by the 1000-image subsample
not_sampled,no_flood,,aider_raw/AIDER/normal/normal_image3325.jpg,b9041258eee1705a8002e3172b4f6989,left out by the 1000-image subsample
not_sampled,no_flood,,aider_raw/AIDER/normal/normal_image3326.jpg,84459beeda2983ce43bd3ecc3ff3f0a3,left out by the 1000-image subsample
not_sampled,no_flood,,aider_raw/AIDER/normal/normal_image3328.jpg,0e6666ecabc51ed5855ecccfa044ac98,left out by the 1000-image subsample
not_sampled,no_flood,,aider_raw/AIDER/normal/normal_image3329.jpg,0d11e16d4e414672514a11047baee39c,left out by the 1000-image subsample
not_sampled,no_flood,,aider_raw/AIDER/normal/normal_image3331.jpg,52ef48926ccd66a6e5fc006fd1fa232f,left out by the 1000-image subsample
not_sampled,no_flood,,aider_raw/AIDER/normal/normal_image3332.jpg,89e1ec5a2334d751fa8c747d3b7afd7e,left out by the 1000-image subsample
not_sampled,no_flood,,aider_raw/AIDER/normal/normal_image3333.jpg,599d08628353a16bc0e9bc61988407ff,left out by the 1000-image subsample
not_sampled,no_flood,,aider_raw/AIDER/normal/normal_image3334.jpg,3961e7515899dd001aca5000409f238d,left out by the 1000-image subsample
not_sampled,no_flood,,aider_raw/AIDER/normal/normal_image3335.jpg,d558c9e4d2d76c222510105894c77b70,left out by the 1000-image subsample
not_sampled,no_flood,,aider_raw/AIDER/normal/normal_image3336.jpg,0f9ab0609e83bf2a5b52464db293582f,left out by the 1000-image subsample
not_sampled,no_flood,,aider_raw/AIDER/normal/normal_image3337.jpg,bc090eaa998e3e298cf90d83eed1c1d7,left out by the 1000-image subsample
not_sampled,no_flood,,aider_raw/AIDER/normal/normal_image3339.jpg,ab5269133a16e077d951f01a098970d9,left out by the 1000-image subsample
not_sampled,no_flood,,aider_raw/AIDER/normal/normal_image3340.jpg,87fe5adee7bbfdb0a1ce471a4a6deeb4,left out by the 1000-image subsample
not_sampled,no_flood,,aider_raw/AIDER/normal/normal_image3341.jpg,6143910de1f89859257076323d1c2a9e,left out by the 1000-image subsample
not_sampled,no_flood,,aider_raw/AIDER/normal/normal_image3342.jpg,e0be92afa267c24c5931bed42e6320da,left out by the 1000-image subsample
not_sampled,no_flood,,aider_raw/AIDER/normal/normal_image3343.jpg,7e3fc629f85e7a615e83d21b589e9890,left out by the 1000-image subsample
not_sampled,no_flood,,aider_raw/AIDER/normal/normal_image3345.jpg,087350518703b5e7cbd6a51060af090a,left out by the 1000-image subsample
not_sampled,no_flood,,aider_raw/AIDER/normal/normal_image3346.jpg,7b4e9b2f679e5bb18ec379a0d2a2b04e,left out by the 1000-image subsample
not_sampled,no_flood,,aider_raw/AIDER/normal/normal_image3348.jpg,f3955f8b55adba0e95de52cdce5b4b0f,left out by the 1000-image subsample
not_sampled,no_flood,,aider_raw/AIDER/normal/normal_image3349.jpg,044f50515f744adba6385cb76e18c8c1,left out by the 1000-image subsample
not_sampled,no_flood,,aider_raw/AIDER/normal/normal_image3350.jpg,255dbaf752965b22447f055f496c506d,left out by the 1000-image subsample
not_sampled,no_flood,,aider_raw/AIDER/normal/normal_image3351.jpg,bc15d96a659dbf0a79572b3d0d35daae,left out by the 1000-image subsample
not_sampled,no_flood,,aider_raw/AIDER/normal/normal_image3352.jpg,2b278714b481935443548abf13f1addb,left out by the 1000-image subsample
not_sampled,no_flood,,aider_raw/AIDER/normal/normal_image3353.jpg,6e82d9c68f9508ddde1903e200eeb45a,left out by the 1000-image subsample
not_sampled,no_flood,,aider_raw/AIDER/normal/normal_image3354.jpg,a4d4d5b73f5e36e7572cc6056ef56a1d,left out by the 1000-image subsample
not_sampled,no_flood,,aider_raw/AIDER/normal/normal_image3355.jpg,e4910924616200654fc1ed38508fc2e4,left out by the 1000-image subsample
not_sampled,no_flood,,aider_raw/AIDER/normal/normal_image3356.jpg,69f348b6b02df5865d8500dda5fc9c38,left out by the 1000-image subsample
not_sampled,no_flood,,aider_raw/AIDER/normal/normal_image3357.jpg,a8aa8bad9371e41ac153f343126427d8,left out by the 1000-image subsample
not_sampled,no_flood,,aider_raw/AIDER/normal/normal_image3358.jpg,6a5acf5acc764c4b165d2094f1a5e66d,left out by the 1000-image subsample
not_sampled,no_flood,,aider_raw/AIDER/normal/normal_image3359.jpg,686dd1a8223c3092a62681b145a39cc3,left out by the 1000-image subsample
not_sampled,no_flood,,aider_raw/AIDER/normal/normal_image3360.jpg,30a28c78c550c5eb4478befac6429de9,left out by the 1000-image subsample
not_sampled,no_flood,,aider_raw/AIDER/normal/normal_image3361.jpg,e8b4d76b8ec5255ac196d617cbc69651,left out by the 1000-image subsample
not_sampled,no_flood,,aider_raw/AIDER/normal/normal_image3362.jpg,3ca9c9ec3bc1fb3fe1eb6c99f67ece60,left out by the 1000-image subsample
not_sampled,no_flood,,aider_raw/AIDER/normal/normal_image3363.jpg,98cf1176baba2dced6de7ffb09d5f0f3,left out by the 1000-image subsample
not_sampled,no_flood,,aider_raw/AIDER/normal/normal_image3364.jpg,391290ca1b4a456f976985456b2e0169,left out by the 1000-image subsample
not_sampled,no_flood,,aider_raw/AIDER/normal/normal_image3366.jpg,832ad65c03b44c27409b975c7cf92ce2,left out by the 1000-image subsample
not_sampled,no_flood,,aider_raw/AIDER/normal/normal_image3367.jpg,ab2844f577279af6f5e5a9981ab33042,left out by the 1000-image subsample
not_sampled,no_flood,,aider_raw/AIDER/normal/normal_image3368.jpg,fd61662776a0a2a60d74d23bed9ba026,left out by the 1000-image subsample
not_sampled,no_flood,,aider_raw/AIDER/normal/normal_image3370.jpg,fa8da442313e7246975239aa681219f5,left out by the 1000-image subsample
not_sampled,no_flood,,aider_raw/AIDER/normal/normal_image3371.jpg,4b490c39bb16f75beae20d6b5dc92c60,left out by the 1000-image subsample
not_sampled,no_flood,,aider_raw/AIDER/normal/normal_image3372.jpg,31827c055dabb64a27b1a8eb91b7280b,left out by the 1000-image subsample
not_sampled,no_flood,,aider_raw/AIDER/normal/normal_image3373.jpg,07086d65175caaf06c0b87a333bd17e5,left out by the 1000-image subsample
not_sampled,no_flood,,aider_raw/AIDER/normal/normal_image3375.jpg,5c6e73f2ea905065a7f840e076dfed0b,left out by the 1000-image subsample
not_sampled,no_flood,,aider_raw/AIDER/normal/normal_image3376.jpg,105f36713a7556538393e0ca3b43a837,left out by the 1000-image subsample
not_sampled,no_flood,,aider_raw/AIDER/normal/normal_image3377.jpg,6d8ec5b415b1128aa64796b3da63b7e5,left out by the 1000-image subsample
not_sampled,no_flood,,aider_raw/AIDER/normal/normal_image3378.jpg,c1781b870a60848b7dc4ebd4479aca2f,left out by the 1000-image subsample
not_sampled,no_flood,,aider_raw/AIDER/normal/normal_image3379.jpg,a787a7c3a0566a0dc8a270c0400cdc20,left out by the 1000-image subsample
not_sampled,no_flood,,aider_raw/AIDER/normal/normal_image3380.jpg,a757d1b872628c1e00c16bfb16b18963,left out by the 1000-image subsample
not_sampled,no_flood,,aider_raw/AIDER/normal/normal_image3383.jpg,53d9fa3803f0c75797c0e49dd4e458bd,left out by the 1000-image subsample
not_sampled,no_flood,,aider_raw/AIDER/normal/normal_image3387.jpg,e3c71af90a8532a2b8130b0e0498bf16,left out by the 1000-image subsample
not_sampled,no_flood,,aider_raw/AIDER/normal/normal_image3388.jpg,90fe63e9e7d73d7916c9e9add2dac47c,left out by the 1000-image subsample
not_sampled,no_flood,,aider_raw/AIDER/normal/normal_image3389.jpg,76302b8b41969a4fb11ef429c67227ff,left out by the 1000-image subsample
not_sampled,no_flood,,aider_raw/AIDER/normal/normal_image3390.jpg,fac728bc3585272160418b2bfa400f96,left out by the 1000-image subsample
not_sampled,no_flood,,aider_raw/AIDER/normal/normal_image3391.jpg,37f345585cb2051ffe14d6ee0025a259,left out by the 1000-image subsample
not_sampled,no_flood,,aider_raw/AIDER/normal/normal_image3392.jpg,a31c6b6fcb4dc54ab6d403eaf8a22c3e,left out by the 1000-image subsample
not_sampled,no_flood,,aider_raw/AIDER/normal/normal_image3393.jpg,92f88b7497aa4d96cc450359870acdc3,left out by the 1000-image subsample
not_sampled,no_flood,,aider_raw/AIDER/normal/normal_image3395.jpg,0776cb5b59558799f90713345bb55760,left out by the 1000-image subsample
not_sampled,no_flood,,aider_raw/AIDER/normal/normal_image3396.jpg,d3dde190999d86e6468cb2d99a1b133e,left out by the 1000-image subsample
not_sampled,no_flood,,aider_raw/AIDER/normal/normal_image3397.jpg,52c7f55ce8ff399a4e5217a876708e22,left out by the 1000-image subsample
not_sampled,no_flood,,aider_raw/AIDER/normal/normal_image3398.jpg,55dec956bedaad1f526cc579fb9a9ab7,left out by the 1000-image subsample
not_sampled,no_flood,,aider_raw/AIDER/normal/normal_image3401.jpg,dc59705f0641d2cdbd9055491f49372a,left out by the 1000-image subsample
not_sampled,no_flood,,aider_raw/AIDER/normal/normal_image3402.jpg,9f7f3f7bcc79a9230565710268ea5ee8,left out by the 1000-image subsample
not_sampled,no_flood,,aider_raw/AIDER/normal/normal_image3403.jpg,2e5142348ffcba1a058bd73afb877d78,left out by the 1000-image subsample
not_sampled,no_flood,,aider_raw/AIDER/normal/normal_image3404.jpg,6589ce6688a2acd29797b676473daa91,left out by the 1000-image subsample
not_sampled,no_flood,,aider_raw/AIDER/normal/normal_image3407.jpg,3333ee19b31773cf2217c1e504cba91b,left out by the 1000-image subsample
not_sampled,no_flood,,aider_raw/AIDER/normal/normal_image3408.jpg,ef507d5488b58d7996da497d10bd9055,left out by the 1000-image subsample
not_sampled,no_flood,,aider_raw/AIDER/normal/normal_image3409.jpg,dc340bb49cab00b4c2412ea34a3ad068,left out by the 1000-image subsample
not_sampled,no_flood,,aider_raw/AIDER/normal/normal_image3410.jpg,17a67c894975af06ffbc9134935af58f,left out by the 1000-image subsample
not_sampled,no_flood,,aider_raw/AIDER/normal/normal_image3411.jpg,b5567ec973841830ae8f1f441e3fde9f,left out by the 1000-image subsample
not_sampled,no_flood,,aider_raw/AIDER/normal/normal_image3412.jpg,e3458f5dfcdcadd8a3c009a41c3614aa,left out by the 1000-image subsample
not_sampled,no_flood,,aider_raw/AIDER/normal/normal_image3413.jpg,c00a1583819fe0a475d9dba8852ce585,left out by the 1000-image subsample
not_sampled,no_flood,,aider_raw/AIDER/normal/normal_image3415.jpg,9de7fe46d70e872e574a9be27a9e34b8,left out by the 1000-image subsample
not_sampled,no_flood,,aider_raw/AIDER/normal/normal_image3416.jpg,5f35854dd614699ca870afe0ecf092ea,left out by the 1000-image subsample
not_sampled,no_flood,,aider_raw/AIDER/normal/normal_image3419.jpg,32ab2ecfe24ac9b6bff619a7a25afaa0,left out by the 1000-image subsample
not_sampled,no_flood,,aider_raw/AIDER/normal/normal_image3422.jpg,de4982c02e9e8a05246278821816487e,left out by the 1000-image subsample
not_sampled,no_flood,,aider_raw/AIDER/normal/normal_image3423.jpg,5b9514c41719f03c04711f7ccc0d5ad2,left out by the 1000-image subsample
not_sampled,no_flood,,aider_raw/AIDER/normal/normal_image3424.jpg,4424b98d56ec16dd71aaeaf92d3b9a88,left out by the 1000-image subsample
not_sampled,no_flood,,aider_raw/AIDER/normal/normal_image3425.jpg,6ef6b58c7628b06e0329f498a26e9328,left out by the 1000-image subsample
not_sampled,no_flood,,aider_raw/AIDER/normal/normal_image3426.jpg,01438219e9b76d5aec02347a79ac7933,left out by the 1000-image subsample
not_sampled,no_flood,,aider_raw/AIDER/normal/normal_image3427.jpg,ad4b02e6ab8a0718b5bf0ab17d2a8852,left out by the 1000-image subsample
not_sampled,no_flood,,aider_raw/AIDER/normal/normal_image3428.jpg,6f712f2c42afa76050e5f5dd00c4d3a2,left out by the 1000-image subsample
not_sampled,no_flood,,aider_raw/AIDER/normal/normal_image3429.jpg,b3c9c175da855f5adf2416ad421ed62f,left out by the 1000-image subsample
not_sampled,no_flood,,aider_raw/AIDER/normal/normal_image3430.jpg,2a8b753dcee832ab4b24ecbffc6f1172,left out by the 1000-image subsample
not_sampled,no_flood,,aider_raw/AIDER/normal/normal_image3431.jpg,0bf659e3b8871245f92307e4fff9264a,left out by the 1000-image subsample
not_sampled,no_flood,,aider_raw/AIDER/normal/normal_image3432.jpg,bc059fba4df0b2acd0f8ea53950de1f8,left out by the 1000-image subsample
not_sampled,no_flood,,aider_raw/AIDER/normal/normal_image3434.jpg,9ab456e5f11b26449268e8db64803c35,left out by the 1000-image subsample
not_sampled,no_flood,,aider_raw/AIDER/normal/normal_image3435.jpg,06cf4a25d52dcd34e02fdc14e90e15ae,left out by the 1000-image subsample
not_sampled,no_flood,,aider_raw/AIDER/normal/normal_image3436.jpg,93f73c9966f1f56dad0dc91cd1ff1fa4,left out by the 1000-image subsample
not_sampled,no_flood,,aider_raw/AIDER/normal/normal_image3440.jpg,a6d5f267874d6e1bc56ba2db2254cf36,left out by the 1000-image subsample
not_sampled,no_flood,,aider_raw/AIDER/normal/normal_image3441.jpg,6463195fa837e1f59eca6c83a6efb4b2,left out by the 1000-image subsample
not_sampled,no_flood,,aider_raw/AIDER/normal/normal_image3443.jpg,ac7a17a95483db6580911bc5995789d4,left out by the 1000-image subsample
not_sampled,no_flood,,aider_raw/AIDER/normal/normal_image3444.jpg,44447ba4e0b50676642bacbf2562a13b,left out by the 1000-image subsample
not_sampled,no_flood,,aider_raw/AIDER/normal/normal_image3445.jpg,5e1ced5370b8353fa8de5db743932d3e,left out by the 1000-image subsample
not_sampled,no_flood,,aider_raw/AIDER/normal/normal_image3446.jpg,efd2f6d4bd739ad19d63bb9a8ea0a4b9,left out by the 1000-image subsample
not_sampled,no_flood,,aider_raw/AIDER/normal/normal_image3447.jpg,d0732b426d74f675636464617393cecb,left out by the 1000-image subsample
not_sampled,no_flood,,aider_raw/AIDER/normal/normal_image3450.jpg,37c76dd81c89ed6b905f9bc111b5c246,left out by the 1000-image subsample
not_sampled,no_flood,,aider_raw/AIDER/normal/normal_image3451.jpg,34f29d2be8114099c934cda96197c9a8,left out by the 1000-image subsample
not_sampled,no_flood,,aider_raw/AIDER/normal/normal_image3452.jpg,28b0d3a0e5ebae411ec0fe316bf723b0,left out by the 1000-image subsample
not_sampled,no_flood,,aider_raw/AIDER/normal/normal_image3454.jpg,0f5709437ba497ce92fb48099c1258f9,left out by the 1000-image subsample
not_sampled,no_flood,,aider_raw/AIDER/normal/normal_image3455.jpg,b681d588e8d1a7dd3c0f82d75b85ecb4,left out by the 1000-image subsample
not_sampled,no_flood,,aider_raw/AIDER/normal/normal_image3456.jpg,a6c967e83859a07cc8ee0568c947a17a,left out by the 1000-image subsample
not_sampled,no_flood,,aider_raw/AIDER/normal/normal_image3457.jpg,b28c98edfcd3ca80a225950eae686987,left out by the 1000-image subsample
not_sampled,no_flood,,aider_raw/AIDER/normal/normal_image3458.jpg,4f5b31d9aefe97b7bff750f75e9b2ec9,left out by the 1000-image subsample
not_sampled,no_flood,,aider_raw/AIDER/normal/normal_image3459.jpg,dc365dfa5b2b23380ad15f20c3031cab,left out by the 1000-image subsample
not_sampled,no_flood,,aider_raw/AIDER/normal/normal_image3460.jpg,f3cd224b1000ad639d1ee34971752be2,left out by the 1000-image subsample
not_sampled,no_flood,,aider_raw/AIDER/normal/normal_image3461.jpg,86d2c2e39cf0dc3c9e44f20fb9e7fd10,left out by the 1000-image subsample
not_sampled,no_flood,,aider_raw/AIDER/normal/normal_image3462.jpg,336221518b3bafb83d8fbd5c70421f1a,left out by the 1000-image subsample
not_sampled,no_flood,,aider_raw/AIDER/normal/normal_image3463.jpg,3ba05fc8c17703c0d9ed3f2f8a03af83,left out by the 1000-image subsample
not_sampled,no_flood,,aider_raw/AIDER/normal/normal_image3464.jpg,b2de44d88439d32398f39aeb6849076c,left out by the 1000-image subsample
not_sampled,no_flood,,aider_raw/AIDER/normal/normal_image3467.jpg,4d328f51ed5045605398fa35d0c0cd33,left out by the 1000-image subsample
not_sampled,no_flood,,aider_raw/AIDER/normal/normal_image3468.jpg,398a5ed383bcc8da0e0b8f359ff5ff4c,left out by the 1000-image subsample
not_sampled,no_flood,,aider_raw/AIDER/normal/normal_image3469.jpg,98aec6e14b6de45c468dfd160134539d,left out by the 1000-image subsample
not_sampled,no_flood,,aider_raw/AIDER/normal/normal_image3470.jpg,cc5f242a7c72af1ace1817ea3b62f457,left out by the 1000-image subsample
not_sampled,no_flood,,aider_raw/AIDER/normal/normal_image3471.jpg,8dab5f08c7732d42e5137a36ad75fcd8,left out by the 1000-image subsample
not_sampled,no_flood,,aider_raw/AIDER/normal/normal_image3472.jpg,4153184db4e1efc001f4a8118fa5b13a,left out by the 1000-image subsample
not_sampled,no_flood,,aider_raw/AIDER/normal/normal_image3473.jpg,23ba64201320ee29322015aee868d85c,left out by the 1000-image subsample
not_sampled,no_flood,,aider_raw/AIDER/normal/normal_image3475.jpg,b80e49a4f30012ffb9dc89e5b056e75e,left out by the 1000-image subsample
not_sampled,no_flood,,aider_raw/AIDER/normal/normal_image3476.jpg,2c5062e26e8bd16334da0c2d6417e9e4,left out by the 1000-image subsample
not_sampled,no_flood,,aider_raw/AIDER/normal/normal_image3478.jpg,5810da35df7a79fa87c767133397ade2,left out by the 1000-image subsample
not_sampled,no_flood,,aider_raw/AIDER/normal/normal_image3479.jpg,2b140f3e78eeb7b2c9da8a2a3807fcae,left out by the 1000-image subsample
not_sampled,no_flood,,aider_raw/AIDER/normal/normal_image3481.jpg,0128062212b659d6035df152b2e37c76,left out by the 1000-image subsample
not_sampled,no_flood,,aider_raw/AIDER/normal/normal_image3482.jpg,8a2d5d4e4f1b8d050ee3b79c534425c9,left out by the 1000-image subsample
not_sampled,no_flood,,aider_raw/AIDER/normal/normal_image3485.jpg,03b3f47f145912f0f2fe374bf7d5ec3d,left out by the 1000-image subsample
not_sampled,no_flood,,aider_raw/AIDER/normal/normal_image3486.jpg,a1dbdff0ae13422d3023fc4711e66da0,left out by the 1000-image subsample
not_sampled,no_flood,,aider_raw/AIDER/normal/normal_image3487.jpg,a2aeafd26ab5fd3a8a9bb7f68bb4b1f3,left out by the 1000-image subsample
not_sampled,no_flood,,aider_raw/AIDER/normal/normal_image3488.jpg,7308830ad55010d08ec765ae351b1e40,left out by the 1000-image subsample
not_sampled,no_flood,,aider_raw/AIDER/normal/normal_image3489.jpg,c304ce41717b67d8225d37d9b8574ab7,left out by the 1000-image subsample
not_sampled,no_flood,,aider_raw/AIDER/normal/normal_image3492.jpg,4dee2485f6d8761f5f8e9d5fc4f8e64b,left out by the 1000-image subsample
not_sampled,no_flood,,aider_raw/AIDER/normal/normal_image3494.jpg,b2081f79bd330569abcc18684ecdc066,left out by the 1000-image subsample
not_sampled,no_flood,,aider_raw/AIDER/normal/normal_image3497.jpg,e2689c2c255554b5e5c17aca8a80f722,left out by the 1000-image subsample
not_sampled,no_flood,,aider_raw/AIDER/normal/normal_image3498.jpg,1a0ebbbd18190ec0334a7db4de6f09c5,left out by the 1000-image subsample
not_sampled,no_flood,,aider_raw/AIDER/normal/normal_image3499.jpg,28f1dcdf220a03c9ea8969eab75f225c,left out by the 1000-image subsample
not_sampled,no_flood,,aider_raw/AIDER/normal/normal_image3500.jpg,4f58b4058b62db82c083c0e232fd7635,left out by the 1000-image subsample
not_sampled,no_flood,,aider_raw/AIDER/normal/normal_image3501.jpg,ec9fe44e7bb2a4ef58f6ed6289343a04,left out by the 1000-image subsample
not_sampled,no_flood,,aider_raw/AIDER/normal/normal_image3502.jpg,037a0505b2da029ed088292879e74f17,left out by the 1000-image subsample
not_sampled,no_flood,,aider_raw/AIDER/normal/normal_image3503.jpg,1b05238bee996ef03c73a99bfd79b05d,left out by the 1000-image subsample
not_sampled,no_flood,,aider_raw/AIDER/normal/normal_image3505.jpg,fd050fc78d565708dda4065e2f0b13e9,left out by the 1000-image subsample
not_sampled,no_flood,,aider_raw/AIDER/normal/normal_image3506.jpg,f7f54b8c37d2b40f979114431af0ac77,left out by the 1000-image subsample
not_sampled,no_flood,,aider_raw/AIDER/normal/normal_image3507.jpg,4105051ed3b1c89a97026d95dce39e05,left out by the 1000-image subsample
not_sampled,no_flood,,aider_raw/AIDER/normal/normal_image3508.jpg,967f60aec088f25c18144d2a26acad99,left out by the 1000-image subsample
not_sampled,no_flood,,aider_raw/AIDER/normal/normal_image3509.jpg,681b8f05f023e0908fde4cf0a76bf8a7,left out by the 1000-image subsample
not_sampled,no_flood,,aider_raw/AIDER/normal/normal_image3510.jpg,c64a3a2282df6a4078599c104d033298,left out by the 1000-image subsample
not_sampled,no_flood,,aider_raw/AIDER/normal/normal_image3511.jpg,34942dd579f8028b9f43a7e90b5c5315,left out by the 1000-image subsample
not_sampled,no_flood,,aider_raw/AIDER/normal/normal_image3512.jpg,146edd4a11ea90120e10d61c81dd201e,left out by the 1000-image subsample
not_sampled,no_flood,,aider_raw/AIDER/normal/normal_image3515.jpg,68799c6d64f745b956c7843aa1a902af,left out by the 1000-image subsample
not_sampled,no_flood,,aider_raw/AIDER/normal/normal_image3516.jpg,10336789e5aa77bb7e684262378f079c,left out by the 1000-image subsample
not_sampled,no_flood,,aider_raw/AIDER/normal/normal_image3517.jpg,909dccf4498cd19e8f515a73d63ca49f,left out by the 1000-image subsample
not_sampled,no_flood,,aider_raw/AIDER/normal/normal_image3518.jpg,02e7e82774d54b480c258aa5ca42c068,left out by the 1000-image subsample
not_sampled,no_flood,,aider_raw/AIDER/normal/normal_image3519.jpg,fcd7ac6435438881b42a0179047244be,left out by the 1000-image subsample
not_sampled,no_flood,,aider_raw/AIDER/normal/normal_image3520.jpg,0c4fbc38b92dd010015f45bc0de94c13,left out by the 1000-image subsample
not_sampled,no_flood,,aider_raw/AIDER/normal/normal_image3521.jpg,da9aa84c8a83c4656044cd38acea42b8,left out by the 1000-image subsample
not_sampled,no_flood,,aider_raw/AIDER/normal/normal_image3522.jpg,aa51e2956f7ca6ec76c89fc9301c31d3,left out by the 1000-image subsample
not_sampled,no_flood,,aider_raw/AIDER/normal/normal_image3523.jpg,0b64d53c1a53de192b1b4e2fad33239a,left out by the 1000-image subsample
not_sampled,no_flood,,aider_raw/AIDER/normal/normal_image3524.jpg,3bf469ddef97bf43d72ef9739a125ac8,left out by the 1000-image subsample
not_sampled,no_flood,,aider_raw/AIDER/normal/normal_image3526.jpg,8cc9a3882efec952f949177aeb7c24ef,left out by the 1000-image subsample
not_sampled,no_flood,,aider_raw/AIDER/normal/normal_image3530.jpg,81a1d6a72270cbba01c630a4cc490739,left out by the 1000-image subsample
not_sampled,no_flood,,aider_raw/AIDER/normal/normal_image3532.jpg,3b568874068623e70d66757ce912e2eb,left out by the 1000-image subsample
not_sampled,no_flood,,aider_raw/AIDER/normal/normal_image3533.jpg,60af54981b31ebd45698f71222ccdfd2,left out by the 1000-image subsample
not_sampled,no_flood,,aider_raw/AIDER/normal/normal_image3534.jpg,fa71015afaaa976f8e89df54a792e4a5,left out by the 1000-image subsample
not_sampled,no_flood,,aider_raw/AIDER/normal/normal_image3535.jpg,09ce797c1eb5c0fe30972812a8b46ddc,left out by the 1000-image subsample
not_sampled,no_flood,,aider_raw/AIDER/normal/normal_image3536.jpg,19f4e41473a13715f959c99bb45ebb3c,left out by the 1000-image subsample
not_sampled,no_flood,,aider_raw/AIDER/normal/normal_image3537.jpg,90377dd46191caf18c29be4a7974e374,left out by the 1000-image subsample
not_sampled,no_flood,,aider_raw/AIDER/normal/normal_image3538.jpg,7ece00bb63d9bc1aa5594cc52f805493,left out by the 1000-image subsample
not_sampled,no_flood,,aider_raw/AIDER/normal/normal_image3540.jpg,f7cb40bcc8eafff3c3fd5e1127cf49e6,left out by the 1000-image subsample
not_sampled,no_flood,,aider_raw/AIDER/normal/normal_image3543.jpg,0f902548b8e6979144e166c70019f7ee,left out by the 1000-image subsample
not_sampled,no_flood,,aider_raw/AIDER/normal/normal_image3546.jpg,cf54afb894497b5359d93343e4d580b0,left out by the 1000-image subsample
not_sampled,no_flood,,aider_raw/AIDER/normal/normal_image3548.jpg,0ccf78d43dbd9b527d952e9bc86f540a,left out by the 1000-image subsample
not_sampled,no_flood,,aider_raw/AIDER/normal/normal_image3549.jpg,0970eb7196902e0c69db28ca95abc6f4,left out by the 1000-image subsample
not_sampled,no_flood,,aider_raw/AIDER/normal/normal_image3550.jpg,ea8741d054f97ec727b1fe6d6720deae,left out by the 1000-image subsample
not_sampled,no_flood,,aider_raw/AIDER/normal/normal_image3551.jpg,bfad923e1cc4269c7ef1172a040af9e6,left out by the 1000-image subsample
not_sampled,no_flood,,aider_raw/AIDER/normal/normal_image3552.jpg,35bc7e1fae25f94dc5b77ba50fb9831e,left out by the 1000-image subsample
not_sampled,no_flood,,aider_raw/AIDER/normal/normal_image3556.jpg,ed61f2d0b30281fcf884efc8c2a6d726,left out by the 1000-image subsample
not_sampled,no_flood,,aider_raw/AIDER/normal/normal_image3557.jpg,a963cbc070aeff4e45521af1f6d58c4d,left out by the 1000-image subsample
not_sampled,no_flood,,aider_raw/AIDER/normal/normal_image3558.jpg,4fd595edfe0fbcd0c50dac625357d340,left out by the 1000-image subsample
not_sampled,no_flood,,aider_raw/AIDER/normal/normal_image3561.jpg,a8d9af8975ebe4c8444f8531a43a5eb0,left out by the 1000-image subsample
not_sampled,no_flood,,aider_raw/AIDER/normal/normal_image3562.jpg,264f6f567a695a30afdea82a556bd7ab,left out by the 1000-image subsample
not_sampled,no_flood,,aider_raw/AIDER/normal/normal_image3565.jpg,740ab6cf6eb43d53d9b8a60b8c74054f,left out by the 1000-image subsample
not_sampled,no_flood,,aider_raw/AIDER/normal/normal_image3568.jpg,81d37ec842819736b18b2ab6e53e3935,left out by the 1000-image subsample
not_sampled,no_flood,,aider_raw/AIDER/normal/normal_image3569.jpg,a762896029762811e5429f12c48c9017,left out by the 1000-image subsample
not_sampled,no_flood,,aider_raw/AIDER/normal/normal_image3570.jpg,df8d94619eca7a5905db711a9706c6ea,left out by the 1000-image subsample
not_sampled,no_flood,,aider_raw/AIDER/normal/normal_image3571.jpg,18de378d3796ac3a91ce19c4693aaa49,left out by the 1000-image subsample
not_sampled,no_flood,,aider_raw/AIDER/normal/normal_image3572.jpg,6b9159802b1e771a0373b57f1bdbe685,left out by the 1000-image subsample
not_sampled,no_flood,,aider_raw/AIDER/normal/normal_image3573.jpg,b2b0d98a5c79ee3444aca1b061f2bb7a,left out by the 1000-image subsample
not_sampled,no_flood,,aider_raw/AIDER/normal/normal_image3575.jpg,244c29d3aefcff61da12f8a2cb3c73fa,left out by the 1000-image subsample
not_sampled,no_flood,,aider_raw/AIDER/normal/normal_image3584.jpg,3dc7455fcf3a93a39fa6b7a27448e3ff,left out by the 1000-image subsample
not_sampled,no_flood,,aider_raw/AIDER/normal/normal_image3588.jpg,580a2af7d228600db2905fdb4206f4db,left out by the 1000-image subsample
not_sampled,no_flood,,aider_raw/AIDER/normal/normal_image3593.jpg,3569ed747168b7e5d06de9a89e03b90f,left out by the 1000-image subsample
not_sampled,no_flood,,aider_raw/AIDER/normal/normal_image3595.jpg,771a2ff9d7fc03b820d261b87182434f,left out by the 1000-image subsample
not_sampled,no_flood,,aider_raw/AIDER/normal/normal_image3599.jpg,aaf74fe994baf9b1c1866285ba862d71,left out by the 1000-image subsample
not_sampled,no_flood,,aider_raw/AIDER/normal/normal_image3601.jpg,798f78e4dc3eadad7a927ee640c04184,left out by the 1000-image subsample
not_sampled,no_flood,,aider_raw/AIDER/normal/normal_image3610.jpg,96dce13245025b6e28cc87cd9e12dcea,left out by the 1000-image subsample
not_sampled,no_flood,,aider_raw/AIDER/normal/normal_image3611.jpg,7e360b27d9c8f11343079c73b0c4ed23,left out by the 1000-image subsample
not_sampled,no_flood,,aider_raw/AIDER/normal/normal_image3612.jpg,8cfa3eccb6799bf5d10321f7cac2c82a,left out by the 1000-image subsample
not_sampled,no_flood,,aider_raw/AIDER/normal/normal_image3613.jpg,d4380ef43bd0bd3438f5fe6b80294c30,left out by the 1000-image subsample
not_sampled,no_flood,,aider_raw/AIDER/normal/normal_image3614.jpg,dc62d77e714b9a6907a8894326d3458c,left out by the 1000-image subsample
not_sampled,no_flood,,aider_raw/AIDER/normal/normal_image3615.jpg,be121003133457bcf42987e8899df91e,left out by the 1000-image subsample
not_sampled,no_flood,,aider_raw/AIDER/normal/normal_image3617.jpg,38a99de681cd3931f7d2270de14d95ed,left out by the 1000-image subsample
not_sampled,no_flood,,aider_raw/AIDER/normal/normal_image3618.jpg,9efd6bd69a418906d10b744f76d5ce36,left out by the 1000-image subsample
not_sampled,no_flood,,aider_raw/AIDER/normal/normal_image3619.jpg,4fd1fbb9de7a0dcaf71cbc7533ee921e,left out by the 1000-image subsample
not_sampled,no_flood,,aider_raw/AIDER/normal/normal_image3620.jpg,9100bb1ea4e7d1356de99afa812207c8,left out by the 1000-image subsample
not_sampled,no_flood,,aider_raw/AIDER/normal/normal_image3621.jpg,4dc5525005f219b6ef50df7115c2f1aa,left out by the 1000-image subsample
not_sampled,no_flood,,aider_raw/AIDER/normal/normal_image3623.jpg,5b8a2720de101489afe4798b58844d3f,left out by the 1000-image subsample
not_sampled,no_flood,,aider_raw/AIDER/normal/normal_image3625.jpg,b83c2cb5e333b6c1546140a52a86ebd3,left out by the 1000-image subsample
not_sampled,no_flood,,aider_raw/AIDER/normal/normal_image3627.jpg,8cac1b1b0c4c902e88ffbbbfc1aa1043,left out by the 1000-image subsample
not_sampled,no_flood,,aider_raw/AIDER/normal/normal_image3628.jpg,015b76abbf2820946db0f4f2c8994062,left out by the 1000-image subsample
not_sampled,no_flood,,aider_raw/AIDER/normal/normal_image3631.jpg,2365e1ed3c4fa2ffbc8c826954230501,left out by the 1000-image subsample
not_sampled,no_flood,,aider_raw/AIDER/normal/normal_image3632.jpg,2c3a9bbd99fda42478b2899752cbf14a,left out by the 1000-image subsample
not_sampled,no_flood,,aider_raw/AIDER/normal/normal_image3634.jpg,daecb68a45cab7389ce367138f9d93e9,left out by the 1000-image subsample
not_sampled,no_flood,,aider_raw/AIDER/normal/normal_image3636.jpg,ed59c1edbdc9df62f48f4c7c7f8c6b63,left out by the 1000-image subsample
not_sampled,no_flood,,aider_raw/AIDER/normal/normal_image3637.jpg,45205b33f6d46cae8068033350a23306,left out by the 1000-image subsample
not_sampled,no_flood,,aider_raw/AIDER/normal/normal_image3639.jpg,d45d47ba46a651972a993df8c34f19e6,left out by the 1000-image subsample
not_sampled,no_flood,,aider_raw/AIDER/normal/normal_image3640.jpg,382630b65dc8515629493de5234b1ec8,left out by the 1000-image subsample
not_sampled,no_flood,,aider_raw/AIDER/normal/normal_image3641.jpg,ef5f42aadc09545309cdbe4e260472fc,left out by the 1000-image subsample
not_sampled,no_flood,,aider_raw/AIDER/normal/normal_image3642.jpg,244410ad9cd3327aee4fc17085ead14c,left out by the 1000-image subsample
not_sampled,no_flood,,aider_raw/AIDER/normal/normal_image3643.jpg,db80ab7589a8f264e64a1cae76a3b775,left out by the 1000-image subsample
not_sampled,no_flood,,aider_raw/AIDER/normal/normal_image3644.jpg,cec867cbfaacc3886d040d4565334610,left out by the 1000-image subsample
not_sampled,no_flood,,aider_raw/AIDER/normal/normal_image3645.jpg,f4c94fb86ec27c066d590d5a986a6da6,left out by the 1000-image subsample
not_sampled,no_flood,,aider_raw/AIDER/normal/normal_image3646.jpg,c42aca955248c1dbaf4e306a6942992a,left out by the 1000-image subsample
not_sampled,no_flood,,aider_raw/AIDER/normal/normal_image3647.jpg,2a2e30b9da1382bbc61e3d731138cb6e,left out by the 1000-image subsample
not_sampled,no_flood,,aider_raw/AIDER/normal/normal_image3651.jpg,f6c6ecf1d9bf5ae95ed80d752e2a6041,left out by the 1000-image subsample
not_sampled,no_flood,,aider_raw/AIDER/normal/normal_image3652.jpg,dfcfa8f4ef39b902637791b9279ad370,left out by the 1000-image subsample
not_sampled,no_flood,,aider_raw/AIDER/normal/normal_image3653.jpg,2dd5a0c642e9159277a3337a6e69642b,left out by the 1000-image subsample
not_sampled,no_flood,,aider_raw/AIDER/normal/normal_image3656.jpg,e72a9d899c0c75fc1cc8db31276a7a4d,left out by the 1000-image subsample
not_sampled,no_flood,,aider_raw/AIDER/normal/normal_image3660.jpg,39de40be612ce12f60afd42fbcb31447,left out by the 1000-image subsample
not_sampled,no_flood,,aider_raw/AIDER/normal/normal_image3661.jpg,1b529e13556483dbbb391a2c8aeebabb,left out by the 1000-image subsample
not_sampled,no_flood,,aider_raw/AIDER/normal/normal_image3663.jpg,019d66cbd2c1c8f1915decdfd4afb1d1,left out by the 1000-image subsample
not_sampled,no_flood,,aider_raw/AIDER/normal/normal_image3664.jpg,d67a6794958bab0d46d217c06ce627d3,left out by the 1000-image subsample
not_sampled,no_flood,,aider_raw/AIDER/normal/normal_image3665.jpg,62ed2a009c3e88900f93ba6a284a6a79,left out by the 1000-image subsample
not_sampled,no_flood,,aider_raw/AIDER/normal/normal_image3666.jpg,26f7d2c8330f76b007631ef823ecd095,left out by the 1000-image subsample
not_sampled,no_flood,,aider_raw/AIDER/normal/normal_image3668.jpg,bc96ea0bde1f80a27d6bb2dea944f42b,left out by the 1000-image subsample
not_sampled,no_flood,,aider_raw/AIDER/normal/normal_image3669.jpg,231bceac2ad2f95644d36b5576c1cabf,left out by the 1000-image subsample
not_sampled,no_flood,,aider_raw/AIDER/normal/normal_image3670.jpg,dfc804b45f543d9e967d72f33095e530,left out by the 1000-image subsample
not_sampled,no_flood,,aider_raw/AIDER/normal/normal_image3672.jpg,c7900655103433bcdabccc63f6224ffc,left out by the 1000-image subsample
not_sampled,no_flood,,aider_raw/AIDER/normal/normal_image3675.jpg,8b36d9d874ec3cac952e4f58e3eb01b8,left out by the 1000-image subsample
not_sampled,no_flood,,aider_raw/AIDER/normal/normal_image3676.jpg,75ee28cc94ac1d31b344c870ed34cc3e,left out by the 1000-image subsample
not_sampled,no_flood,,aider_raw/AIDER/normal/normal_image3677.jpg,9adb5485f36cc83715c80e884a66b3a4,left out by the 1000-image subsample
not_sampled,no_flood,,aider_raw/AIDER/normal/normal_image3678.jpg,3ceb2bc4ba0019e49fb807c1cfb44812,left out by the 1000-image subsample
not_sampled,no_flood,,aider_raw/AIDER/normal/normal_image3681.jpg,428c3f88e0a2c5e531819e9cd5c86133,left out by the 1000-image subsample
not_sampled,no_flood,,aider_raw/AIDER/normal/normal_image3682.jpg,ff9e0ca87df8824e39888cb9528291a9,left out by the 1000-image subsample
not_sampled,no_flood,,aider_raw/AIDER/normal/normal_image3683.jpg,147fa857581bbaba0d5f3d43be851246,left out by the 1000-image subsample
not_sampled,no_flood,,aider_raw/AIDER/normal/normal_image3684.jpg,9ddd138b6c6e619a996513e7df1a9e87,left out by the 1000-image subsample
not_sampled,no_flood,,aider_raw/AIDER/normal/normal_image3685.jpg,c4ec2ec87264d60b54eb9a5914fba165,left out by the 1000-image subsample
not_sampled,no_flood,,aider_raw/AIDER/normal/normal_image3687.jpg,0f05ea57a1fe09fc27dcc3cf0f0b6a83,left out by the 1000-image subsample
not_sampled,no_flood,,aider_raw/AIDER/normal/normal_image3688.jpg,432df15adefc6017dbe91434fee338b9,left out by the 1000-image subsample
not_sampled,no_flood,,aider_raw/AIDER/normal/normal_image3689.jpg,ea76a924ecc7496549bfdab915956fa9,left out by the 1000-image subsample
not_sampled,no_flood,,aider_raw/AIDER/normal/normal_image3690.jpg,cf11f0dffa9a7def8926dfa294720a7c,left out by the 1000-image subsample
not_sampled,no_flood,,aider_raw/AIDER/normal/normal_image3691.jpg,e011e6d33b074c3a0e78b59635998b50,left out by the 1000-image subsample
not_sampled,no_flood,,aider_raw/AIDER/normal/normal_image3692.jpg,5da473fc63eb26d35d45643cc2d47c53,left out by the 1000-image subsample
not_sampled,no_flood,,aider_raw/AIDER/normal/normal_image3693.jpg,0fdb7f14af714ff9ad6f373af4bb350a,left out by the 1000-image subsample
not_sampled,no_flood,,aider_raw/AIDER/normal/normal_image3694.jpg,dd835d6402255c2ebc6f887dbcd9afec,left out by the 1000-image subsample
not_sampled,no_flood,,aider_raw/AIDER/normal/normal_image3695.jpg,39f3df3b844ee81136da4d92806c1901,left out by the 1000-image subsample
not_sampled,no_flood,,aider_raw/AIDER/normal/normal_image3696.jpg,7855b87232d9cdb39b1bab5680334d58,left out by the 1000-image subsample
not_sampled,no_flood,,aider_raw/AIDER/normal/normal_image3697.jpg,cf8c66003fa0344fdee05f479c9325e7,left out by the 1000-image subsample
not_sampled,no_flood,,aider_raw/AIDER/normal/normal_image3699.jpg,1d3bb2375deaf21eb7371a39a0809236,left out by the 1000-image subsample
not_sampled,no_flood,,aider_raw/AIDER/normal/normal_image3702.jpg,d6f67ef9c945ab5e36dd67a54b610e06,left out by the 1000-image subsample
not_sampled,no_flood,,aider_raw/AIDER/normal/normal_image3703.jpg,f01d5c6c5a76e284abd2ef7183b73998,left out by the 1000-image subsample
not_sampled,no_flood,,aider_raw/AIDER/normal/normal_image3704.jpg,5a631fcca64ddfce8681176b07bc9d77,left out by the 1000-image subsample
not_sampled,no_flood,,aider_raw/AIDER/normal/normal_image3705.jpg,91cf5a488cb134340746272018e73421,left out by the 1000-image subsample
not_sampled,no_flood,,aider_raw/AIDER/normal/normal_image3706.jpg,92ffd195641acc1f94e3d734f209bb06,left out by the 1000-image subsample
not_sampled,no_flood,,aider_raw/AIDER/normal/normal_image3707.jpg,13547c2731e6e2844e1928c382de09ae,left out by the 1000-image subsample
not_sampled,no_flood,,aider_raw/AIDER/normal/normal_image3708.jpg,6dbe1453b45ae76a6572cf5d8b94930e,left out by the 1000-image subsample
not_sampled,no_flood,,aider_raw/AIDER/normal/normal_image3709.jpg,2a891758e7e7ee8a8328a699d9fc514a,left out by the 1000-image subsample
not_sampled,no_flood,,aider_raw/AIDER/normal/normal_image3711.jpg,0763656265f97469fe7bdd2189a649d9,left out by the 1000-image subsample
not_sampled,no_flood,,aider_raw/AIDER/normal/normal_image3712.jpg,709429632cac57bcbec0cf32408c99a0,left out by the 1000-image subsample
not_sampled,no_flood,,aider_raw/AIDER/normal/normal_image3713.jpg,475d95f9f9fbc184bfde74073c81457a,left out by the 1000-image subsample
not_sampled,no_flood,,aider_raw/AIDER/normal/normal_image3715.jpg,2092bfe4aa8eaac157689f11e48342fa,left out by the 1000-image subsample
not_sampled,no_flood,,aider_raw/AIDER/normal/normal_image3716.jpg,a771aa04d2affae820e3a5215a5deade,left out by the 1000-image subsample
not_sampled,no_flood,,aider_raw/AIDER/normal/normal_image3717.jpg,e3a7e22083499646fef5fc56f5de5c11,left out by the 1000-image subsample
not_sampled,no_flood,,aider_raw/AIDER/normal/normal_image3718.jpg,435b9492969ce83b7a264c2763fa734d,left out by the 1000-image subsample
not_sampled,no_flood,,aider_raw/AIDER/normal/normal_image3719.jpg,89a0e96a6e8c530987594b9e0719af3a,left out by the 1000-image subsample
not_sampled,no_flood,,aider_raw/AIDER/normal/normal_image3720.jpg,d94656c06572d37fe83afdc19bb7f1df,left out by the 1000-image subsample
not_sampled,no_flood,,aider_raw/AIDER/normal/normal_image3724.jpg,b674cacf1fcbf87c0fa58de674cd361d,left out by the 1000-image subsample
not_sampled,no_flood,,aider_raw/AIDER/normal/normal_image3725.jpg,f596972d457bbb37512ff360e7103533,left out by the 1000-image subsample
not_sampled,no_flood,,aider_raw/AIDER/normal/normal_image3727.jpg,c34f83e7439ef24e4f596d4b17a7274f,left out by the 1000-image subsample
not_sampled,no_flood,,aider_raw/AIDER/normal/normal_image3728.jpg,425bb0e8c391e4d49e82fcafa82dcd93,left out by the 1000-image subsample
not_sampled,no_flood,,aider_raw/AIDER/normal/normal_image3730.jpg,0b41717234b5fc3025809d5e867274b3,left out by the 1000-image subsample
not_sampled,no_flood,,aider_raw/AIDER/normal/normal_image3731.jpg,55d8409e230065b89aac6b9d69d76a42,left out by the 1000-image subsample
not_sampled,no_flood,,aider_raw/AIDER/normal/normal_image3732.jpg,3a809a526ffca6ba8ffd9be76232287b,left out by the 1000-image subsample
not_sampled,no_flood,,aider_raw/AIDER/normal/normal_image3733.jpg,310ed9ccad3c46b6e4d043390e78dcfb,left out by the 1000-image subsample
not_sampled,no_flood,,aider_raw/AIDER/normal/normal_image3734.jpg,fcd3f2a30d937a2706e974466d2eeb2b,left out by the 1000-image subsample
not_sampled,no_flood,,aider_raw/AIDER/normal/normal_image3735.jpg,6904cb9c5dc1c6fbcb85950785939da4,left out by the 1000-image subsample
not_sampled,no_flood,,aider_raw/AIDER/normal/normal_image3737.jpg,584bd326efcf6ab3fce8d5f5dde006b5,left out by the 1000-image subsample
not_sampled,no_flood,,aider_raw/AIDER/normal/normal_image3738.jpg,86789c6aea13ac24c0acae1e1e53e4ab,left out by the 1000-image subsample
not_sampled,no_flood,,aider_raw/AIDER/normal/normal_image3739.jpg,54db064aabe0573549a23bcbd9125c16,left out by the 1000-image subsample
not_sampled,no_flood,,aider_raw/AIDER/normal/normal_image3740.jpg,7e50710f24efb57adb3a680036b3a640,left out by the 1000-image subsample
not_sampled,no_flood,,aider_raw/AIDER/normal/normal_image3741.jpg,6794d6e6f890d471dc9e3a2d2af3f6f1,left out by the 1000-image subsample
not_sampled,no_flood,,aider_raw/AIDER/normal/normal_image3742.jpg,53720680a3534a8e0be7aa2796005893,left out by the 1000-image subsample
not_sampled,no_flood,,aider_raw/AIDER/normal/normal_image3743.jpg,5cf900e8e4203b1f5ee528de4b38e950,left out by the 1000-image subsample
not_sampled,no_flood,,aider_raw/AIDER/normal/normal_image3744.jpg,f7c358c0d8dc041f76b849e1cf3eac64,left out by the 1000-image subsample
not_sampled,no_flood,,aider_raw/AIDER/normal/normal_image3745.jpg,8529a7027e1f42e76a4d56615571efff,left out by the 1000-image subsample
not_sampled,no_flood,,aider_raw/AIDER/normal/normal_image3746.jpg,6b6355f08b7887d0fb43860eda626f1c,left out by the 1000-image subsample
not_sampled,no_flood,,aider_raw/AIDER/normal/normal_image3747.jpg,c1360c553ff59481d30597f170b476b0,left out by the 1000-image subsample
not_sampled,no_flood,,aider_raw/AIDER/normal/normal_image3748.jpg,c9b22b453a22822a80fad0efe76d48a7,left out by the 1000-image subsample
not_sampled,no_flood,,aider_raw/AIDER/normal/normal_image3749.jpg,cb51c3c259ac6352695078b4460cec9d,left out by the 1000-image subsample
not_sampled,no_flood,,aider_raw/AIDER/normal/normal_image3750.jpg,185fa671500c9498da72de4b1ce70b28,left out by the 1000-image subsample
not_sampled,no_flood,,aider_raw/AIDER/normal/normal_image3752.jpg,0e15736a67351586abd2a1724695f553,left out by the 1000-image subsample
not_sampled,no_flood,,aider_raw/AIDER/normal/normal_image3753.jpg,2c57de30efa50b5a65b458b7f6641155,left out by the 1000-image subsample
not_sampled,no_flood,,aider_raw/AIDER/normal/normal_image3754.jpg,2507a6266e2ed7805beac96ae37dc78c,left out by the 1000-image subsample
not_sampled,no_flood,,aider_raw/AIDER/normal/normal_image3756.jpg,1bc0402048e66a30b4d9a0c0e26b04f4,left out by the 1000-image subsample
not_sampled,no_flood,,aider_raw/AIDER/normal/normal_image3757.jpg,c64bc66deae6bdec821a7fec9d0aa107,left out by the 1000-image subsample
not_sampled,no_flood,,aider_raw/AIDER/normal/normal_image3758.jpg,171c4376484d4a2de0cfbb2328ff2ecf,left out by the 1000-image subsample
not_sampled,no_flood,,aider_raw/AIDER/normal/normal_image3759.jpg,b82c81d3ebdca9bc7bdee8a07f53b9f8,left out by the 1000-image subsample
not_sampled,no_flood,,aider_raw/AIDER/normal/normal_image3760.jpg,7ece3b41e917fe3ea7412238b7d6259d,left out by the 1000-image subsample
not_sampled,no_flood,,aider_raw/AIDER/normal/normal_image3762.jpg,47302dc74a5be4ed34f8bfe12e014c9d,left out by the 1000-image subsample
not_sampled,no_flood,,aider_raw/AIDER/normal/normal_image3763.jpg,3fc3e1a25ac6a7b7cfac41af3af6cffc,left out by the 1000-image subsample
not_sampled,no_flood,,aider_raw/AIDER/normal/normal_image3764.jpg,22c73a41231282a9a86ba6b2d81586b3,left out by the 1000-image subsample
not_sampled,no_flood,,aider_raw/AIDER/normal/normal_image3765.jpg,30c9f7340cf9411f98ad1570660f438f,left out by the 1000-image subsample
not_sampled,no_flood,,aider_raw/AIDER/normal/normal_image3767.jpg,198f1e45d7ba94fea5179f0c60d62033,left out by the 1000-image subsample
not_sampled,no_flood,,aider_raw/AIDER/normal/normal_image3768.jpg,72613f4ab42c64bca7785540784b935f,left out by the 1000-image subsample
not_sampled,no_flood,,aider_raw/AIDER/normal/normal_image3769.jpg,80bf05472da24c6ca61410196059d614,left out by the 1000-image subsample
not_sampled,no_flood,,aider_raw/AIDER/normal/normal_image3771.jpg,b9969d6c51460a968adf8bbd79f8e595,left out by the 1000-image subsample
not_sampled,no_flood,,aider_raw/AIDER/normal/normal_image3773.jpg,2e4070de7cf350fe405403d36c729dbe,left out by the 1000-image subsample
not_sampled,no_flood,,aider_raw/AIDER/normal/normal_image3774.jpg,54e25046d7f4b8c9d6c22e0c11611f21,left out by the 1000-image subsample
not_sampled,no_flood,,aider_raw/AIDER/normal/normal_image3775.jpg,9d8a9aa719983a4e20b0eca72fe1a1b9,left out by the 1000-image subsample
not_sampled,no_flood,,aider_raw/AIDER/normal/normal_image3776.jpg,53338e396ff228b356442c2b0a8a14a2,left out by the 1000-image subsample
not_sampled,no_flood,,aider_raw/AIDER/normal/normal_image3777.jpg,f0af923fd382199abe3fbd7b1622fb48,left out by the 1000-image subsample
not_sampled,no_flood,,aider_raw/AIDER/normal/normal_image3778.jpg,ea1572ed502e8aca99e06cbeed699e2e,left out by the 1000-image subsample
not_sampled,no_flood,,aider_raw/AIDER/normal/normal_image3779.jpg,4a7312f074b83fc7af2cfb8d03cd8a31,left out by the 1000-image subsample
not_sampled,no_flood,,aider_raw/AIDER/normal/normal_image3780.jpg,5879e084998e35a2612e689a687277b5,left out by the 1000-image subsample
not_sampled,no_flood,,aider_raw/AIDER/normal/normal_image3781.jpg,958240c2797f7ad9b01ee7fe5e2c9b0a,left out by the 1000-image subsample
not_sampled,no_flood,,aider_raw/AIDER/normal/normal_image3783.jpg,8cbac42f309febb6db388f3e6eb014ed,left out by the 1000-image subsample
not_sampled,no_flood,,aider_raw/AIDER/normal/normal_image3786.jpg,6afe0d60df274276263901e7090eb44b,left out by the 1000-image subsample
not_sampled,no_flood,,aider_raw/AIDER/normal/normal_image3787.jpg,2219145f73c7a4fc7a2f290b39b6ba22,left out by the 1000-image subsample
not_sampled,no_flood,,aider_raw/AIDER/normal/normal_image3789.jpg,7d0e332f80993f1506139101bd4165e6,left out by the 1000-image subsample
not_sampled,no_flood,,aider_raw/AIDER/normal/normal_image3790.jpg,98f0e83ab17cb151f7fbc4b672b9d16c,left out by the 1000-image subsample
not_sampled,no_flood,,aider_raw/AIDER/normal/normal_image3792.jpg,fb3bcf14006c30ca0e70b5a1545ff9b5,left out by the 1000-image subsample
not_sampled,no_flood,,aider_raw/AIDER/normal/normal_image3793.jpg,544c46266f7342d955cf81e5757f528d,left out by the 1000-image subsample
not_sampled,no_flood,,aider_raw/AIDER/normal/normal_image3794.jpg,541253a27ac3c507d7f403711ebd8db8,left out by the 1000-image subsample
not_sampled,no_flood,,aider_raw/AIDER/normal/normal_image3795.jpg,f3126c204ade084afc0c8a96842f5f10,left out by the 1000-image subsample
not_sampled,no_flood,,aider_raw/AIDER/normal/normal_image3796.jpg,d475e61d8d9e733cad2c28f25551c385,left out by the 1000-image subsample
not_sampled,no_flood,,aider_raw/AIDER/normal/normal_image3797.jpg,3c1c07b3019b975d0ee4fa13b8ae28d3,left out by the 1000-image subsample
not_sampled,no_flood,,aider_raw/AIDER/normal/normal_image3798.jpg,457572834202f5f2e8c7fd7194c13792,left out by the 1000-image subsample
not_sampled,no_flood,,aider_raw/AIDER/normal/normal_image3799.jpg,a715a7903bc6976f21a51a576b5da372,left out by the 1000-image subsample
not_sampled,no_flood,,aider_raw/AIDER/normal/normal_image3800.jpg,76da5e70cd5b59ae20fbe2139bf6c7ad,left out by the 1000-image subsample
not_sampled,no_flood,,aider_raw/AIDER/normal/normal_image3801.jpg,12ca0d84de33d8d6fd23ac0649c1b738,left out by the 1000-image subsample
not_sampled,no_flood,,aider_raw/AIDER/normal/normal_image3802.jpg,b96f203767831db4627483504d2e19d1,left out by the 1000-image subsample
not_sampled,no_flood,,aider_raw/AIDER/normal/normal_image3804.jpg,846bae25de09c5ab6561f5138c39238d,left out by the 1000-image subsample
not_sampled,no_flood,,aider_raw/AIDER/normal/normal_image3805.jpg,082c13434e4c9c2fbf51622c5b727e2f,left out by the 1000-image subsample
not_sampled,no_flood,,aider_raw/AIDER/normal/normal_image3806.jpg,f5100b04761b87fd279996a2cd76d63f,left out by the 1000-image subsample
not_sampled,no_flood,,aider_raw/AIDER/normal/normal_image3807.jpg,9b24bd59779d81ee7ad9583115633d24,left out by the 1000-image subsample
not_sampled,no_flood,,aider_raw/AIDER/normal/normal_image3808.jpg,8adf2d65ef81ea59031f1294706de1f2,left out by the 1000-image subsample
not_sampled,no_flood,,aider_raw/AIDER/normal/normal_image3810.jpg,4515fc4a66c1056e8023e97483b5d004,left out by the 1000-image subsample
not_sampled,no_flood,,aider_raw/AIDER/normal/normal_image3813.jpg,ec7b73a29049d0de02b826f09072e19c,left out by the 1000-image subsample
not_sampled,no_flood,,aider_raw/AIDER/normal/normal_image3815.jpg,cda9cc21fab7bf8bcddfec588c4b584f,left out by the 1000-image subsample
not_sampled,no_flood,,aider_raw/AIDER/normal/normal_image3816.jpg,5beb3a8f892c7249e2525917329bc034,left out by the 1000-image subsample
not_sampled,no_flood,,aider_raw/AIDER/normal/normal_image3817.jpg,1cb3cd6d1bc36ad327d3150b4d3ebd6f,left out by the 1000-image subsample
not_sampled,no_flood,,aider_raw/AIDER/normal/normal_image3818.jpg,4e9fd5e75177cab8c9208cdaf2f9da33,left out by the 1000-image subsample
not_sampled,no_flood,,aider_raw/AIDER/normal/normal_image3819.jpg,4fedb4ce31cb14fd9272e9b9b43fe5a8,left out by the 1000-image subsample
not_sampled,no_flood,,aider_raw/AIDER/normal/normal_image3820.jpg,7decc3286b14bd39498c02da142432bb,left out by the 1000-image subsample
not_sampled,no_flood,,aider_raw/AIDER/normal/normal_image3821.jpg,45c8eda78a41036c0df47553ad10e715,left out by the 1000-image subsample
not_sampled,no_flood,,aider_raw/AIDER/normal/normal_image3825.jpg,2ac4684d7758622f296bdbd1325fa212,left out by the 1000-image subsample
not_sampled,no_flood,,aider_raw/AIDER/normal/normal_image3827.jpg,42a6753ecbc738d6e75cae5bec5edc16,left out by the 1000-image subsample
not_sampled,no_flood,,aider_raw/AIDER/normal/normal_image3829.jpg,c155aecdbf385b2345d25aeb4eaec4c4,left out by the 1000-image subsample
not_sampled,no_flood,,aider_raw/AIDER/normal/normal_image3830.jpg,64e0a5e903fec437e3fbddc082aab6b1,left out by the 1000-image subsample
not_sampled,no_flood,,aider_raw/AIDER/normal/normal_image3831.jpg,89838f02f07c5a31b53ff0a3652bd482,left out by the 1000-image subsample
not_sampled,no_flood,,aider_raw/AIDER/normal/normal_image3832.jpg,e3fc43f64c0b5f060cb7401ff9be5009,left out by the 1000-image subsample
not_sampled,no_flood,,aider_raw/AIDER/normal/normal_image3833.jpg,3a411e1469b4702fdb994e4aec694cf5,left out by the 1000-image subsample
not_sampled,no_flood,,aider_raw/AIDER/normal/normal_image3834.jpg,aa91774e556624648533aeaad2922cc5,left out by the 1000-image subsample
not_sampled,no_flood,,aider_raw/AIDER/normal/normal_image3835.jpg,134c0e7edde68e8eea83f28235d94910,left out by the 1000-image subsample
not_sampled,no_flood,,aider_raw/AIDER/normal/normal_image3836.jpg,bb3e07ab8c96ca5b24e7a863e70b06cd,left out by the 1000-image subsample
not_sampled,no_flood,,aider_raw/AIDER/normal/normal_image3837.jpg,153bc1d1a3fc85f07066242f08489ffe,left out by the 1000-image subsample
not_sampled,no_flood,,aider_raw/AIDER/normal/normal_image3838.jpg,777dfa7cba99e60abd1d09ef621d70f6,left out by the 1000-image subsample
not_sampled,no_flood,,aider_raw/AIDER/normal/normal_image3839.jpg,95e954f9a4dddfa6fdf90a17c919c76f,left out by the 1000-image subsample
not_sampled,no_flood,,aider_raw/AIDER/normal/normal_image3840.jpg,2fef53711787d29abb243afb89b818b3,left out by the 1000-image subsample
not_sampled,no_flood,,aider_raw/AIDER/normal/normal_image3841.jpg,2176e035cf2764dd289cbc619d6c21e6,left out by the 1000-image subsample
not_sampled,no_flood,,aider_raw/AIDER/normal/normal_image3846.jpg,db5a4b70663c0dd5b3965ce21d61b27c,left out by the 1000-image subsample
not_sampled,no_flood,,aider_raw/AIDER/normal/normal_image3847.jpg,c58f3876c1cf6cb21d7fcc855ac5a9a6,left out by the 1000-image subsample
not_sampled,no_flood,,aider_raw/AIDER/normal/normal_image3850.jpg,6514292c99f1b6fa9fcd9c4e033fb635,left out by the 1000-image subsample
not_sampled,no_flood,,aider_raw/AIDER/normal/normal_image3851.jpg,ba23b64f18d63ea7a7295162cb40f033,left out by the 1000-image subsample
not_sampled,no_flood,,aider_raw/AIDER/normal/normal_image3853.jpg,3e64e8468498fa2d15a3cf4ac3c42e58,left out by the 1000-image subsample
not_sampled,no_flood,,aider_raw/AIDER/normal/normal_image3857.jpg,ba3c7033a8042febfceaba376908c0ef,left out by the 1000-image subsample
not_sampled,no_flood,,aider_raw/AIDER/normal/normal_image3858.jpg,5e5144ba24f68999fc4bcdb67cb2a898,left out by the 1000-image subsample
not_sampled,no_flood,,aider_raw/AIDER/normal/normal_image3859.jpg,2c0716a261a739607a305383636745fb,left out by the 1000-image subsample
not_sampled,no_flood,,aider_raw/AIDER/normal/normal_image3860.jpg,25f9b89f87dce73f7b45eff60848fe96,left out by the 1000-image subsample
not_sampled,no_flood,,aider_raw/AIDER/normal/normal_image3863.jpg,12b69904707532b24031f499c3a36884,left out by the 1000-image subsample
not_sampled,no_flood,,aider_raw/AIDER/normal/normal_image3864.jpg,aff39cba65bf53ceee95256a8f7dd6a1,left out by the 1000-image subsample
not_sampled,no_flood,,aider_raw/AIDER/normal/normal_image3865.jpg,b5ad37869c40c20809edd6d760320257,left out by the 1000-image subsample
not_sampled,no_flood,,aider_raw/AIDER/normal/normal_image3866.jpg,5336b47aa53709fe233d9a3457e8db66,left out by the 1000-image subsample
not_sampled,no_flood,,aider_raw/AIDER/normal/normal_image3868.jpg,f591597c18bae9435c1ac88b6a6c1e71,left out by the 1000-image subsample
not_sampled,no_flood,,aider_raw/AIDER/normal/normal_image3869.jpg,00f2db5f2ede15611dacde24f5ce1bb9,left out by the 1000-image subsample
not_sampled,no_flood,,aider_raw/AIDER/normal/normal_image3871.jpg,44037671e1e9b58afa37c3efe7854bf4,left out by the 1000-image subsample
not_sampled,no_flood,,aider_raw/AIDER/normal/normal_image3872.jpg,a581ad53d34e42e9e6bde41e0bc69943,left out by the 1000-image subsample
not_sampled,no_flood,,aider_raw/AIDER/normal/normal_image3873.jpg,b9c9e853d87d2fdc69b4a2f38b7c8ff7,left out by the 1000-image subsample
not_sampled,no_flood,,aider_raw/AIDER/normal/normal_image3874.jpg,ec6c916ad0dc0c5ad0e29dd6762f5127,left out by the 1000-image subsample
not_sampled,no_flood,,aider_raw/AIDER/normal/normal_image3875.jpg,c0698a8287e0d813e9225f7b8f887744,left out by the 1000-image subsample
not_sampled,no_flood,,aider_raw/AIDER/normal/normal_image3877.jpg,bd9efa430717b59862b54de5c20e5d1e,left out by the 1000-image subsample
not_sampled,no_flood,,aider_raw/AIDER/normal/normal_image3878.jpg,fec685fe685907f761a6f825d250ceb7,left out by the 1000-image subsample
not_sampled,no_flood,,aider_raw/AIDER/normal/normal_image3879.jpg,7f8cf530eee6d317daaa86aa04a91fa9,left out by the 1000-image subsample
not_sampled,no_flood,,aider_raw/AIDER/normal/normal_image3880.jpg,5407a58cdffc648c338a798f0c8c2787,left out by the 1000-image subsample
not_sampled,no_flood,,aider_raw/AIDER/normal/normal_image3882.jpg,8a4a3ed8a4d95879d883b19921f16051,left out by the 1000-image subsample
not_sampled,no_flood,,aider_raw/AIDER/normal/normal_image3883.jpg,3f2cce17081faf89a36e49c5ef42825c,left out by the 1000-image subsample
not_sampled,no_flood,,aider_raw/AIDER/normal/normal_image3884.jpg,93271c9a8b6d4f47b2ff0ec122ed91f0,left out by the 1000-image subsample
not_sampled,no_flood,,aider_raw/AIDER/normal/normal_image3886.jpg,0c726f817dd74a593cbe8d9c285e369d,left out by the 1000-image subsample
not_sampled,no_flood,,aider_raw/AIDER/normal/normal_image3887.jpg,0216fb9816e27c62210780b608aac074,left out by the 1000-image subsample
not_sampled,no_flood,,aider_raw/AIDER/normal/normal_image3889.jpg,fcf8ad419da7b19fb55f009b3a75d9e8,left out by the 1000-image subsample
not_sampled,no_flood,,aider_raw/AIDER/normal/normal_image3891.jpg,cf0186f0d3e7905bdad793e47420d62c,left out by the 1000-image subsample
not_sampled,no_flood,,aider_raw/AIDER/normal/normal_image3892.jpg,9121d5ea85df13cba35bdb5e032d477d,left out by the 1000-image subsample
not_sampled,no_flood,,aider_raw/AIDER/normal/normal_image3895.jpg,07e9430b8bd56d2ec9e077d76e110edc,left out by the 1000-image subsample
not_sampled,no_flood,,aider_raw/AIDER/normal/normal_image3896.jpg,6c24b4c2edbb68da81a2335541bf5358,left out by the 1000-image subsample
not_sampled,no_flood,,aider_raw/AIDER/normal/normal_image3897.jpg,cb20eadbd8bed49410e7c51e53d2ccb2,left out by the 1000-image subsample
not_sampled,no_flood,,aider_raw/AIDER/normal/normal_image3898.jpg,32798671a005c5b22fa9d8e9c010aece,left out by the 1000-image subsample
not_sampled,no_flood,,aider_raw/AIDER/normal/normal_image3899.jpg,4a3ce808cb880f71e0ce8d88c2d5fe15,left out by the 1000-image subsample
not_sampled,no_flood,,aider_raw/AIDER/normal/normal_image3901.jpg,95e0783c6bf4d04fb403cb7cd71dff67,left out by the 1000-image subsample
not_sampled,no_flood,,aider_raw/AIDER/normal/normal_image3902.jpg,e757551851efcd0417d9a584d7a8caf3,left out by the 1000-image subsample
not_sampled,no_flood,,aider_raw/AIDER/normal/normal_image3903.jpg,c5a270c0b8ebbd8fcaf1a6d1ee562c08,left out by the 1000-image subsample
not_sampled,no_flood,,aider_raw/AIDER/normal/normal_image3904.jpg,13de623db95049d954aa41a5f925d03d,left out by the 1000-image subsample
not_sampled,no_flood,,aider_raw/AIDER/normal/normal_image3905.jpg,a1a6deef63a160d596d62608e0b08ddb,left out by the 1000-image subsample
not_sampled,no_flood,,aider_raw/AIDER/normal/normal_image3907.jpg,0f5c3f220a3f8abb34bb7c636b4943a4,left out by the 1000-image subsample
not_sampled,no_flood,,aider_raw/AIDER/normal/normal_image3908.jpg,56e4f877a4091c7ec82dc14377d79f4b,left out by the 1000-image subsample
not_sampled,no_flood,,aider_raw/AIDER/normal/normal_image3909.jpg,a21ec2bc03a56152784a5e53d961381f,left out by the 1000-image subsample
not_sampled,no_flood,,aider_raw/AIDER/normal/normal_image3910.jpg,32b3ec62e488ef8ba1c58bb8f507b0d9,left out by the 1000-image subsample
not_sampled,no_flood,,aider_raw/AIDER/normal/normal_image3917.jpg,0a8a735a895043cf9814a25e4e977d1e,left out by the 1000-image subsample
not_sampled,no_flood,,aider_raw/AIDER/normal/normal_image3918.jpg,6c9d8c90f37b8f17feb161ec2f3681b1,left out by the 1000-image subsample
not_sampled,no_flood,,aider_raw/AIDER/normal/normal_image3921.jpg,03891ad518e11ade0d5d16ba292ab7db,left out by the 1000-image subsample
not_sampled,no_flood,,aider_raw/AIDER/normal/normal_image3922.jpg,b21c3ef1131ecfba7a1c28f8e54ae057,left out by the 1000-image subsample
not_sampled,no_flood,,aider_raw/AIDER/normal/normal_image3923.jpg,5348e71d1bb47683075c07d4ff725b7c,left out by the 1000-image subsample
not_sampled,no_flood,,aider_raw/AIDER/normal/normal_image3924.jpg,a9a86ec7942aa5b798887377e8d1ac0f,left out by the 1000-image subsample
not_sampled,no_flood,,aider_raw/AIDER/normal/normal_image3925.jpg,13ea20238353e4effdeddb33d483e975,left out by the 1000-image subsample
not_sampled,no_flood,,aider_raw/AIDER/normal/normal_image3926.jpg,cde0713e2e5b2b2060626e516be8d99a,left out by the 1000-image subsample
not_sampled,no_flood,,aider_raw/AIDER/normal/normal_image3927.jpg,694e2267221ab0f5993a62e2caf19531,left out by the 1000-image subsample
not_sampled,no_flood,,aider_raw/AIDER/normal/normal_image3928.jpg,d085ad7874a9d22c9d9cf2c629d2e8f8,left out by the 1000-image subsample
not_sampled,no_flood,,aider_raw/AIDER/normal/normal_image3930.jpg,d10bbb0402e9dffe78cd983fbc533f26,left out by the 1000-image subsample
not_sampled,no_flood,,aider_raw/AIDER/normal/normal_image3931.jpg,ef39a4980032c45fcc981f6664090402,left out by the 1000-image subsample
not_sampled,no_flood,,aider_raw/AIDER/normal/normal_image3932.jpg,8ea2b213a075746ec1513e2de6443b52,left out by the 1000-image subsample
not_sampled,no_flood,,aider_raw/AIDER/normal/normal_image3933.jpg,ebf96610660e6976a659bc5b6ab54fe6,left out by the 1000-image subsample
not_sampled,no_flood,,aider_raw/AIDER/normal/normal_image3934.jpg,9564b56a52206d2c19fe94dc0c99eea2,left out by the 1000-image subsample
not_sampled,no_flood,,aider_raw/AIDER/normal/normal_image3935.jpg,ae614a5c364a6594a34e9d2ee218c7fb,left out by the 1000-image subsample
not_sampled,no_flood,,aider_raw/AIDER/normal/normal_image3937.jpg,b2c8baef5d1132f90db72b1e281b4577,left out by the 1000-image subsample
not_sampled,no_flood,,aider_raw/AIDER/normal/normal_image3938.jpg,e046b67263e222598b6758fc893929a3,left out by the 1000-image subsample
not_sampled,no_flood,,aider_raw/AIDER/normal/normal_image3940.jpg,acc5d2ed4471042c7715a100b580e021,left out by the 1000-image subsample
not_sampled,no_flood,,aider_raw/AIDER/normal/normal_image3941.jpg,fc4fb3dd6e3489c559fa32a06c8919e0,left out by the 1000-image subsample
not_sampled,no_flood,,aider_raw/AIDER/normal/normal_image3942.jpg,fd1290e4b89b076bcaebfdd0fa11a9d9,left out by the 1000-image subsample
not_sampled,no_flood,,aider_raw/AIDER/normal/normal_image3943.jpg,ab417a632561aa8702a864533afddd2d,left out by the 1000-image subsample
not_sampled,no_flood,,aider_raw/AIDER/normal/normal_image3946.jpg,120bda5c32086e1bb1fae1a274961286,left out by the 1000-image subsample
not_sampled,no_flood,,aider_raw/AIDER/normal/normal_image3947.jpg,267989c1798f2ce565e3a732897b501f,left out by the 1000-image subsample
not_sampled,no_flood,,aider_raw/AIDER/normal/normal_image3948.jpg,339a0ac24abde31e26c5c46244893014,left out by the 1000-image subsample
not_sampled,no_flood,,aider_raw/AIDER/normal/normal_image3949.jpg,f4fe6c0356928bf3bc0dff715169dce2,left out by the 1000-image subsample
not_sampled,no_flood,,aider_raw/AIDER/normal/normal_image3950.jpg,26ad91dd88735cf8afece4b862ed3809,left out by the 1000-image subsample
not_sampled,no_flood,,aider_raw/AIDER/normal/normal_image3951.jpg,fa94f1e9e119e41d67ac18c6c48518de,left out by the 1000-image subsample
not_sampled,no_flood,,aider_raw/AIDER/normal/normal_image3953.jpg,e48b0e79893f99e57557f3026eb72162,left out by the 1000-image subsample
not_sampled,no_flood,,aider_raw/AIDER/normal/normal_image3954.jpg,37962f995f4f50f01ff72e0b8dd902e4,left out by the 1000-image subsample
not_sampled,no_flood,,aider_raw/AIDER/normal/normal_image3955.jpg,c42a76c23e066d21dd44574f99628919,left out by the 1000-image subsample
not_sampled,no_flood,,aider_raw/AIDER/normal/normal_image3956.jpg,f1e7fff348a9bcf8cad31733cdba8f6d,left out by the 1000-image subsample
not_sampled,no_flood,,aider_raw/AIDER/normal/normal_image3957.jpg,176fb7b64da3f742a04ce3652dd7e3e4,left out by the 1000-image subsample
not_sampled,no_flood,,aider_raw/AIDER/normal/normal_image3959.jpg,b3e7eccf8cda3ae771f053513bec2c41,left out by the 1000-image subsample
not_sampled,no_flood,,aider_raw/AIDER/normal/normal_image3960.jpg,0d7fc45ea4d62174ac484f69ba5b2a32,left out by the 1000-image subsample
not_sampled,no_flood,,aider_raw/AIDER/normal/normal_image3963.jpg,21f0ed234b004b9fe5ce7bc5474e34cc,left out by the 1000-image subsample
not_sampled,no_flood,,aider_raw/AIDER/normal/normal_image3965.jpg,28b5afed663a398d077a7dea7cc03a3e,left out by the 1000-image subsample
not_sampled,no_flood,,aider_raw/AIDER/normal/normal_image3966.jpg,ec98fdb714be73d999b707aef220ab9e,left out by the 1000-image subsample
not_sampled,no_flood,,aider_raw/AIDER/normal/normal_image3967.jpg,a0412521e2bad73ff8a4d5d6ac8feff2,left out by the 1000-image subsample
not_sampled,no_flood,,aider_raw/AIDER/normal/normal_image3968.jpg,11194b3d1cc69b4d3450dadcc90b826e,left out by the 1000-image subsample
not_sampled,no_flood,,aider_raw/AIDER/normal/normal_image3969.jpg,41308ddc83657b23a0f23ed0494633a7,left out by the 1000-image subsample
not_sampled,no_flood,,aider_raw/AIDER/normal/normal_image3970.jpg,297ce52c9da6e9b714e9d64c2eed8c82,left out by the 1000-image subsample
not_sampled,no_flood,,aider_raw/AIDER/normal/normal_image3971.jpg,2968eb94a1b906755b55937537606eef,left out by the 1000-image subsample
not_sampled,no_flood,,aider_raw/AIDER/normal/normal_image3972.jpg,af39d705f12c92bae19c17735e2df75c,left out by the 1000-image subsample
not_sampled,no_flood,,aider_raw/AIDER/normal/normal_image3973.jpg,6a3b2b64764643fd990e09949d2881ab,left out by the 1000-image subsample
not_sampled,no_flood,,aider_raw/AIDER/normal/normal_image3975.jpg,53da77413e65f42127d28a5256a383ed,left out by the 1000-image subsample
not_sampled,no_flood,,aider_raw/AIDER/normal/normal_image3977.jpg,96e3fe4e57679274c4a1f37584529d91,left out by the 1000-image subsample
not_sampled,no_flood,,aider_raw/AIDER/normal/normal_image3978.jpg,a0acb87afc7370e7f9b180d886261216,left out by the 1000-image subsample
not_sampled,no_flood,,aider_raw/AIDER/normal/normal_image3979.jpg,35b0a357185ce9f2e0d361a60f1edac0,left out by the 1000-image subsample
not_sampled,no_flood,,aider_raw/AIDER/normal/normal_image3980.jpg,7eef628626606f882dffc2a494120363,left out by the 1000-image subsample
not_sampled,no_flood,,aider_raw/AIDER/normal/normal_image3981.jpg,c988e4731055be3cf72b8b5a11be7c9b,left out by the 1000-image subsample
not_sampled,no_flood,,aider_raw/AIDER/normal/normal_image3982.jpg,ef3e048aaf9f1cb8ba15f12adddd456c,left out by the 1000-image subsample
not_sampled,no_flood,,aider_raw/AIDER/normal/normal_image3984.jpg,38187918df6b9a9c464bbc8dfbece240,left out by the 1000-image subsample
not_sampled,no_flood,,aider_raw/AIDER/normal/normal_image3985.jpg,ff0410fe58aae49a7ac9952360456b5f,left out by the 1000-image subsample
not_sampled,no_flood,,aider_raw/AIDER/normal/normal_image3986.jpg,1aabd312f17affa07720b9febc02a748,left out by the 1000-image subsample
not_sampled,no_flood,,aider_raw/AIDER/normal/normal_image3987.jpg,5d00e5d3ec104ed1d86d9658e8ee3739,left out by the 1000-image subsample
not_sampled,no_flood,,aider_raw/AIDER/normal/normal_image3988.jpg,adac06d4fdd24c39284494d934c3bcbc,left out by the 1000-image subsample
not_sampled,no_flood,,aider_raw/AIDER/normal/normal_image3989.jpg,286a04db913c95f9dca986ef36f94620,left out by the 1000-image subsample
not_sampled,no_flood,,aider_raw/AIDER/normal/normal_image3990.jpg,d291caeb35d65df6845aba45ccdc1e66,left out by the 1000-image subsample
not_sampled,no_flood,,aider_raw/AIDER/normal/normal_image3992.jpg,7eea15c0b06081a2a447d6bcd4f32e7d,left out by the 1000-image subsample
not_sampled,no_flood,,aider_raw/AIDER/normal/normal_image3993.jpg,b8cac856572c84dae1313be8aefc396d,left out by the 1000-image subsample
not_sampled,no_flood,,aider_raw/AIDER/normal/normal_image3994.jpg,048157e03dee57878ebc3eb3aa5375c0,left out by the 1000-image subsample
not_sampled,no_flood,,aider_raw/AIDER/normal/normal_image3995.jpg,ea77743882ea297442242b339e6e50b1,left out by the 1000-image subsample
not_sampled,no_flood,,aider_raw/AIDER/normal/normal_image3996.jpg,4d710bffd27f4831dff3753136c52abc,left out by the 1000-image subsample
not_sampled,no_flood,,aider_raw/AIDER/normal/normal_image3997.jpg,96533799dc991a33a6ddcd520ef50919,left out by the 1000-image subsample
not_sampled,no_flood,,aider_raw/AIDER/normal/normal_image3998.jpg,42e2e7c2a2237adedd30e8a052d85893,left out by the 1000-image subsample
not_sampled,no_flood,,aider_raw/AIDER/normal/normal_image3999.jpg,4bcaeb33100550f60cfc44361cce36db,left out by the 1000-image subsample
not_sampled,no_flood,,aider_raw/AIDER/normal/normal_image4000.jpg,4b24cf5c9461510ded640e4db53b6b7c,left out by the 1000-image subsample
not_sampled,no_flood,,aider_raw/AIDER/normal/normal_image4001.jpg,82218526406ec91381bab3d1b25ede5f,left out by the 1000-image subsample
not_sampled,no_flood,,aider_raw/AIDER/normal/normal_image4002.jpg,e4cdc43c807e816b504cb0a7b302634e,left out by the 1000-image subsample
not_sampled,no_flood,,aider_raw/AIDER/normal/normal_image4003.jpg,7ba4e92f430a1a0a2a5bdba2336c69bb,left out by the 1000-image subsample
not_sampled,no_flood,,aider_raw/AIDER/normal/normal_image4004.jpg,e92c7044dfc1193123b33a11c4d11257,left out by the 1000-image subsample
not_sampled,no_flood,,aider_raw/AIDER/normal/normal_image4008.jpg,cdee8e098302db769d4e1f39f677ae9b,left out by the 1000-image subsample
not_sampled,no_flood,,aider_raw/AIDER/normal/normal_image4009.jpg,a7eb259622847b890412f0ad709f68c9,left out by the 1000-image subsample
not_sampled,no_flood,,aider_raw/AIDER/normal/normal_image4010.jpg,4dcd8acf3676a6bbb7f881bd64f3cb35,left out by the 1000-image subsample
not_sampled,no_flood,,aider_raw/AIDER/normal/normal_image4011.jpg,f5553aa5b9491d0e5f4423d3f2559565,left out by the 1000-image subsample
not_sampled,no_flood,,aider_raw/AIDER/normal/normal_image4012.jpg,ad92b1f74a9f77eed4f71aa4c6296180,left out by the 1000-image subsample
not_sampled,no_flood,,aider_raw/AIDER/normal/normal_image4013.jpg,5fde45192e79df9c580bfc3dfa547156,left out by the 1000-image subsample
not_sampled,no_flood,,aider_raw/AIDER/normal/normal_image4014.jpg,0698d7f32ec0a1449a8862a8b1f61215,left out by the 1000-image subsample
not_sampled,no_flood,,aider_raw/AIDER/normal/normal_image4015.jpg,669aae0dee9d5996dae683ad16a8109e,left out by the 1000-image subsample
not_sampled,no_flood,,aider_raw/AIDER/normal/normal_image4018.jpg,2c19874b79e5001968d1e2e78abdad55,left out by the 1000-image subsample
not_sampled,no_flood,,aider_raw/AIDER/normal/normal_image4019.jpg,b36af8568bb145b16d7226b7ebd6b872,left out by the 1000-image subsample
not_sampled,no_flood,,aider_raw/AIDER/normal/normal_image4020.jpg,b1fc3076aec62c46bed081973e770698,left out by the 1000-image subsample
not_sampled,no_flood,,aider_raw/AIDER/normal/normal_image4021.jpg,ab98f33974e4adafb56a4db1f03741d1,left out by the 1000-image subsample
not_sampled,no_flood,,aider_raw/AIDER/normal/normal_image4022.jpg,7556250b8dc7ceea87e222a3c1d5765b,left out by the 1000-image subsample
not_sampled,no_flood,,aider_raw/AIDER/normal/normal_image4023.jpg,4a6544b7c17a9e3e024d7431ae8f7dec,left out by the 1000-image subsample
not_sampled,no_flood,,aider_raw/AIDER/normal/normal_image4024.jpg,7fc0a27be0332701f8d2302f4a21a48c,left out by the 1000-image subsample
not_sampled,no_flood,,aider_raw/AIDER/normal/normal_image4025.jpg,54de1d99eb60d2e8ffb2293a147ff0bf,left out by the 1000-image subsample
not_sampled,no_flood,,aider_raw/AIDER/normal/normal_image4027.jpg,9a3e9f9b3a0a8dd310e4e3ea6759b5bd,left out by the 1000-image subsample
not_sampled,no_flood,,aider_raw/AIDER/normal/normal_image4029.jpg,9d28bfc158ee8a8325abe2624c5c5ea2,left out by the 1000-image subsample
not_sampled,no_flood,,aider_raw/AIDER/normal/normal_image4031.jpg,88c8f6eea23cb415db1f729ad69c0b2f,left out by the 1000-image subsample
not_sampled,no_flood,,aider_raw/AIDER/normal/normal_image4032.jpg,8fd61ba14256828780d522ab5b214825,left out by the 1000-image subsample
not_sampled,no_flood,,aider_raw/AIDER/normal/normal_image4033.jpg,bf6969378c005c3530bfc2e4a2c15d53,left out by the 1000-image subsample
not_sampled,no_flood,,aider_raw/AIDER/normal/normal_image4034.jpg,8e7ffa4b5aa6d9bcbd4bbcc850a8ba92,left out by the 1000-image subsample
not_sampled,no_flood,,aider_raw/AIDER/normal/normal_image4035.jpg,b7370fbb99aa3b89f3dbcfe88bd0ace8,left out by the 1000-image subsample
not_sampled,no_flood,,aider_raw/AIDER/normal/normal_image4039.jpg,3d5b9e984880c6c2e041e44fe3c94814,left out by the 1000-image subsample
not_sampled,no_flood,,aider_raw/AIDER/normal/normal_image4040.jpg,c690ffac4e8d7d81eee74aae451f9767,left out by the 1000-image subsample
not_sampled,no_flood,,aider_raw/AIDER/normal/normal_image4041.jpg,b3b84059a0aa4f7902653e45867e37a6,left out by the 1000-image subsample
not_sampled,no_flood,,aider_raw/AIDER/normal/normal_image4043.jpg,a3e356809e0e6f2f14bc17eb9b13b857,left out by the 1000-image subsample
not_sampled,no_flood,,aider_raw/AIDER/normal/normal_image4044.jpg,56eb0f35d4c9c7af14542ba4c62dbb56,left out by the 1000-image subsample
not_sampled,no_flood,,aider_raw/AIDER/normal/normal_image4046.jpg,4f65c79be1ad831da43d839d18f34c7c,left out by the 1000-image subsample
not_sampled,no_flood,,aider_raw/AIDER/normal/normal_image4047.jpg,ee6067307647838c036dc05592d67ec9,left out by the 1000-image subsample
not_sampled,no_flood,,aider_raw/AIDER/normal/normal_image4051.jpg,f11bc469c678ed69d649e1523c58d4cd,left out by the 1000-image subsample
not_sampled,no_flood,,aider_raw/AIDER/normal/normal_image4055.jpg,505600934eaef242f1fa70aa950f7ccc,left out by the 1000-image subsample
not_sampled,no_flood,,aider_raw/AIDER/normal/normal_image4056.jpg,320c35e665aa315c226b4ba77a87bf57,left out by the 1000-image subsample
not_sampled,no_flood,,aider_raw/AIDER/normal/normal_image4058.jpg,7405084fbf6a280ed3010ea0d3e28489,left out by the 1000-image subsample
not_sampled,no_flood,,aider_raw/AIDER/normal/normal_image4059.jpg,73d6be981bd0b8109a68750239ee8cac,left out by the 1000-image subsample
not_sampled,no_flood,,aider_raw/AIDER/normal/normal_image4060.jpg,f7a7cf9690c99dd59e989a95772764b3,left out by the 1000-image subsample
not_sampled,no_flood,,aider_raw/AIDER/normal/normal_image4061.jpg,25295b0eaf39cfd9c35a0c09c475f483,left out by the 1000-image subsample
not_sampled,no_flood,,aider_raw/AIDER/normal/normal_image4062.jpg,8f104bec75b1a94d9bf8a3bf18756c46,left out by the 1000-image subsample
not_sampled,no_flood,,aider_raw/AIDER/normal/normal_image4063.jpg,57fa700d9cd81737de1dfa0442db7b08,left out by the 1000-image subsample
not_sampled,no_flood,,aider_raw/AIDER/normal/normal_image4064.jpg,73eec7fb1cca26e76d9c87c9ff72d803,left out by the 1000-image subsample
not_sampled,no_flood,,aider_raw/AIDER/normal/normal_image4066.jpg,3950475a7e99fcdc11f219fb644f2572,left out by the 1000-image subsample
not_sampled,no_flood,,aider_raw/AIDER/normal/normal_image4067.jpg,f1c51a3aac1f0c03cb6e28e3c157cf00,left out by the 1000-image subsample
not_sampled,no_flood,,aider_raw/AIDER/normal/normal_image4069.jpg,ef1ddaf12f40e44958d21c89e719c0e8,left out by the 1000-image subsample
not_sampled,no_flood,,aider_raw/AIDER/normal/normal_image4070.jpg,f74ff66657467a0bc690140f4ba91c46,left out by the 1000-image subsample
not_sampled,no_flood,,aider_raw/AIDER/normal/normal_image4071.jpg,d4ece51ca57fb43c641f9701160c6308,left out by the 1000-image subsample
not_sampled,no_flood,,aider_raw/AIDER/normal/normal_image4072.jpg,b2234942fece1af821d76d1acf6cf6b2,left out by the 1000-image subsample
not_sampled,no_flood,,aider_raw/AIDER/normal/normal_image4073.jpg,c5cde11c13cf65a5d8e45c9ad4894894,left out by the 1000-image subsample
not_sampled,no_flood,,aider_raw/AIDER/normal/normal_image4074.jpg,2728bba314e4245ca8d7b2e8ff0319b7,left out by the 1000-image subsample
not_sampled,no_flood,,aider_raw/AIDER/normal/normal_image4075.jpg,2cf51f832e2a86309f10d0d10bbf15ec,left out by the 1000-image subsample
not_sampled,no_flood,,aider_raw/AIDER/normal/normal_image4078.jpg,1e62c1b15b66fd186c598972efbf2d50,left out by the 1000-image subsample
not_sampled,no_flood,,aider_raw/AIDER/normal/normal_image4079.jpg,8fb16bce1ae4f770146f0c939c6f215c,left out by the 1000-image subsample
not_sampled,no_flood,,aider_raw/AIDER/normal/normal_image4080.jpg,29d95a38cc5dfe38a783af2e9ceaf838,left out by the 1000-image subsample
not_sampled,no_flood,,aider_raw/AIDER/normal/normal_image4081.jpg,f366565cfe976930e0c72181589f1a89,left out by the 1000-image subsample
not_sampled,no_flood,,aider_raw/AIDER/normal/normal_image4082.jpg,dfc31f958700359a9d9fffaa11d9d8fe,left out by the 1000-image subsample
not_sampled,no_flood,,aider_raw/AIDER/normal/normal_image4085.jpg,1f466cd0b40254a55ff9085055a013ab,left out by the 1000-image subsample
not_sampled,no_flood,,aider_raw/AIDER/normal/normal_image4086.jpg,f468e6e2fda35acb1b190d8c7cd75924,left out by the 1000-image subsample
not_sampled,no_flood,,aider_raw/AIDER/normal/normal_image4087.jpg,abb428811c1dc0d153be2add7748f9bf,left out by the 1000-image subsample
not_sampled,no_flood,,aider_raw/AIDER/normal/normal_image4088.jpg,a2bceb5dd3ee999b27ed61d215b9ad26,left out by the 1000-image subsample
not_sampled,no_flood,,aider_raw/AIDER/normal/normal_image4093.jpg,8d4d5271888d37bf4d634ee856c7a62a,left out by the 1000-image subsample
not_sampled,no_flood,,aider_raw/AIDER/normal/normal_image4094.jpg,53399e3f6c3e27a8a3f826ae158c85aa,left out by the 1000-image subsample
not_sampled,no_flood,,aider_raw/AIDER/normal/normal_image4096.jpg,f2a8739e2ab2db266ed68dc2ced619d1,left out by the 1000-image subsample
not_sampled,no_flood,,aider_raw/AIDER/normal/normal_image4097.jpg,c33099393c684294e705702d83b30dbb,left out by the 1000-image subsample
not_sampled,no_flood,,aider_raw/AIDER/normal/normal_image4098.jpg,cef96a712e922df3a02b4f84a7826752,left out by the 1000-image subsample
not_sampled,no_flood,,aider_raw/AIDER/normal/normal_image4099.jpg,fec2131e8b3ba857227b5efaa071768e,left out by the 1000-image subsample
not_sampled,no_flood,,aider_raw/AIDER/normal/normal_image4100.jpg,15d92b76af364c7c585202939903b708,left out by the 1000-image subsample
not_sampled,no_flood,,aider_raw/AIDER/normal/normal_image4102.jpg,261724b9705188893326f320afe67e2e,left out by the 1000-image subsample
not_sampled,no_flood,,aider_raw/AIDER/normal/normal_image4103.jpg,4b4f1b2d4ef8592348881d2e2d936872,left out by the 1000-image subsample
not_sampled,no_flood,,aider_raw/AIDER/normal/normal_image4104.jpg,8c986b7a89baa73cfc70f9107ff2ea3c,left out by the 1000-image subsample
not_sampled,no_flood,,aider_raw/AIDER/normal/normal_image4105.jpg,6b6971e20d4eee20e04c188ebfb79dc4,left out by the 1000-image subsample
not_sampled,no_flood,,aider_raw/AIDER/normal/normal_image4108.jpg,3142f5039342e5eaecb894db15e2569e,left out by the 1000-image subsample
not_sampled,no_flood,,aider_raw/AIDER/normal/normal_image4109.jpg,f85d64c7c0aa7c199d3b945563e8a599,left out by the 1000-image subsample
not_sampled,no_flood,,aider_raw/AIDER/normal/normal_image4110.jpg,5049fbafaffb6c74d157701f947fef74,left out by the 1000-image subsample
not_sampled,no_flood,,aider_raw/AIDER/normal/normal_image4111.jpg,9b9f7758cf77cf1108f5273fa9c5b06a,left out by the 1000-image subsample
not_sampled,no_flood,,aider_raw/AIDER/normal/normal_image4113.jpg,c9f26ce510120bd815ec538859ce8fc4,left out by the 1000-image subsample
not_sampled,no_flood,,aider_raw/AIDER/normal/normal_image4114.jpg,78e8e38ab32daf77b7bc5fef51e9072b,left out by the 1000-image subsample
not_sampled,no_flood,,aider_raw/AIDER/normal/normal_image4115.jpg,96b78464c9698fb97ed06e1f1c63a556,left out by the 1000-image subsample
not_sampled,no_flood,,aider_raw/AIDER/normal/normal_image4116.jpg,b3c23095617f33d75920e819ab7d5c9e,left out by the 1000-image subsample
not_sampled,no_flood,,aider_raw/AIDER/normal/normal_image4117.jpg,5d2e6e59f15bdc73da99891b79c9fc13,left out by the 1000-image subsample
not_sampled,no_flood,,aider_raw/AIDER/normal/normal_image4118.jpg,647bfdab802702bcc5f03a8d7661efea,left out by the 1000-image subsample
not_sampled,no_flood,,aider_raw/AIDER/normal/normal_image4119.jpg,c78daf7fb0f64ecdc5af90849c300fd6,left out by the 1000-image subsample
not_sampled,no_flood,,aider_raw/AIDER/normal/normal_image4122.jpg,21068c043a61f677992593e9d4b9790c,left out by the 1000-image subsample
not_sampled,no_flood,,aider_raw/AIDER/normal/normal_image4123.jpg,42dc6d0c02d0dc2a6b773aafbce6526c,left out by the 1000-image subsample
not_sampled,no_flood,,aider_raw/AIDER/normal/normal_image4124.jpg,96eda64ee2202a03f9cade9f42646c33,left out by the 1000-image subsample
not_sampled,no_flood,,aider_raw/AIDER/normal/normal_image4125.jpg,3ff27a2b00baa6d11dc94d64158f2013,left out by the 1000-image subsample
not_sampled,no_flood,,aider_raw/AIDER/normal/normal_image4126.jpg,8341ec6a7ef1f31c2234d6b49a191af8,left out by the 1000-image subsample
not_sampled,no_flood,,aider_raw/AIDER/normal/normal_image4128.jpg,7b88bf082f66ab74ce5900281c47d74e,left out by the 1000-image subsample
not_sampled,no_flood,,aider_raw/AIDER/normal/normal_image4129.jpg,9bd64f212fc1289b9e31b6a59a5b95ff,left out by the 1000-image subsample
not_sampled,no_flood,,aider_raw/AIDER/normal/normal_image4130.jpg,30d536994d5a682fc89ef9effb29f184,left out by the 1000-image subsample
not_sampled,no_flood,,aider_raw/AIDER/normal/normal_image4131.jpg,1e4ba91d10a0251398258a9671924e8a,left out by the 1000-image subsample
not_sampled,no_flood,,aider_raw/AIDER/normal/normal_image4132.jpg,26ed7fd1a33990a87f5b10e8f80bb2a9,left out by the 1000-image subsample
not_sampled,no_flood,,aider_raw/AIDER/normal/normal_image4133.jpg,a3d1a541540ed87f0dfd33a89bceeb67,left out by the 1000-image subsample
not_sampled,no_flood,,aider_raw/AIDER/normal/normal_image4134.jpg,116107367fa9f0c0b645a8bbf13d465c,left out by the 1000-image subsample
not_sampled,no_flood,,aider_raw/AIDER/normal/normal_image4135.jpg,f3073906f6aab622db8e7975cffadad8,left out by the 1000-image subsample
not_sampled,no_flood,,aider_raw/AIDER/normal/normal_image4136.jpg,70cae37e7fa084be86b7fc56df661489,left out by the 1000-image subsample
not_sampled,no_flood,,aider_raw/AIDER/normal/normal_image4137.jpg,e92b28c8f234e0ad529cbc1353036fdd,left out by the 1000-image subsample
not_sampled,no_flood,,aider_raw/AIDER/normal/normal_image4138.jpg,62642eba289e45a36e210f2ace942151,left out by the 1000-image subsample
not_sampled,no_flood,,aider_raw/AIDER/normal/normal_image4140.jpg,88a47241db040dfe8d77c25093edb4c2,left out by the 1000-image subsample
not_sampled,no_flood,,aider_raw/AIDER/normal/normal_image4142.jpg,e864f1fe43e60ace607b585fffc90d31,left out by the 1000-image subsample
not_sampled,no_flood,,aider_raw/AIDER/normal/normal_image4143.jpg,b0a7220c07069d0d8e4cf39d05d893a7,left out by the 1000-image subsample
not_sampled,no_flood,,aider_raw/AIDER/normal/normal_image4144.jpg,f0b7d0ea0079b2897517c220a77c8f89,left out by the 1000-image subsample
not_sampled,no_flood,,aider_raw/AIDER/normal/normal_image4145.jpg,700ad7efe24206f61361da0ad6b4c4f8,left out by the 1000-image subsample
not_sampled,no_flood,,aider_raw/AIDER/normal/normal_image4146.jpg,4678c75adae92f131d0d435e493641dd,left out by the 1000-image subsample
not_sampled,no_flood,,aider_raw/AIDER/normal/normal_image4147.jpg,306373f5fe24759666c940fe3e52a2ce,left out by the 1000-image subsample
not_sampled,no_flood,,aider_raw/AIDER/normal/normal_image4148.jpg,cfcd2e128171657165a4bb7745f162ad,left out by the 1000-image subsample
not_sampled,no_flood,,aider_raw/AIDER/normal/normal_image4149.jpg,6d678d611561782f4faa01fb696350aa,left out by the 1000-image subsample
not_sampled,no_flood,,aider_raw/AIDER/normal/normal_image4150.jpg,39de230a9e571f7a565b0e0a49c4e725,left out by the 1000-image subsample
not_sampled,no_flood,,aider_raw/AIDER/normal/normal_image4151.jpg,4627530cf1f6c119ec0e4412e01ed0b3,left out by the 1000-image subsample
not_sampled,no_flood,,aider_raw/AIDER/normal/normal_image4152.jpg,03aee4cd2f17f3ee2c4d0acbec1eaab8,left out by the 1000-image subsample
not_sampled,no_flood,,aider_raw/AIDER/normal/normal_image4154.jpg,16ccb72c074ca2465f7ad854eef81432,left out by the 1000-image subsample
not_sampled,no_flood,,aider_raw/AIDER/normal/normal_image4156.jpg,1f2a2c37734b10fba0b3682b81d8304a,left out by the 1000-image subsample
not_sampled,no_flood,,aider_raw/AIDER/normal/normal_image4157.jpg,25d2b86c22384950ac3f2d8044c6da95,left out by the 1000-image subsample
not_sampled,no_flood,,aider_raw/AIDER/normal/normal_image4160.jpg,ba87bac4fe40789ad8b12a44b617ecf9,left out by the 1000-image subsample
not_sampled,no_flood,,aider_raw/AIDER/normal/normal_image4161.jpg,7b616aa68755c71839a126c6ab60b117,left out by the 1000-image subsample
not_sampled,no_flood,,aider_raw/AIDER/normal/normal_image4162.jpg,af6c8418a2dea7464e5ddb6e229416d0,left out by the 1000-image subsample
not_sampled,no_flood,,aider_raw/AIDER/normal/normal_image4163.jpg,1c56d9a03b0fbebf1cd496e533856a76,left out by the 1000-image subsample
not_sampled,no_flood,,aider_raw/AIDER/normal/normal_image4164.jpg,cd982dbe71beda08c6ff41a8f0646856,left out by the 1000-image subsample
not_sampled,no_flood,,aider_raw/AIDER/normal/normal_image4165.jpg,b2d8ea7acb923eb9c1b833799fd4dcdf,left out by the 1000-image subsample
not_sampled,no_flood,,aider_raw/AIDER/normal/normal_image4166.jpg,69d690fcd4bf24437b14f6ccd5181917,left out by the 1000-image subsample
not_sampled,no_flood,,aider_raw/AIDER/normal/normal_image4167.jpg,92dcdea2a715aec78ee205ecbea2a02a,left out by the 1000-image subsample
not_sampled,no_flood,,aider_raw/AIDER/normal/normal_image4168.jpg,6f2640f161ead55281a0773e8c47a563,left out by the 1000-image subsample
not_sampled,no_flood,,aider_raw/AIDER/normal/normal_image4169.jpg,345d27406a3315f4a6479fd70a3e12de,left out by the 1000-image subsample
not_sampled,no_flood,,aider_raw/AIDER/normal/normal_image4170.jpg,53d02ecaf83ffd174f6fa18775d7f6ed,left out by the 1000-image subsample
not_sampled,no_flood,,aider_raw/AIDER/normal/normal_image4171.jpg,bca73440de412f64ad0089f295035d9b,left out by the 1000-image subsample
not_sampled,no_flood,,aider_raw/AIDER/normal/normal_image4172.jpg,9a897be80017543017dc83baefe1b34b,left out by the 1000-image subsample
not_sampled,no_flood,,aider_raw/AIDER/normal/normal_image4174.jpg,94ee2987164ea04656925bd608b9a180,left out by the 1000-image subsample
not_sampled,no_flood,,aider_raw/AIDER/normal/normal_image4175.jpg,19e427ee8c643f645acb7322233e90ec,left out by the 1000-image subsample
not_sampled,no_flood,,aider_raw/AIDER/normal/normal_image4177.jpg,ad472d854ec6d77fbf7e5bd4fe9c8c58,left out by the 1000-image subsample
not_sampled,no_flood,,aider_raw/AIDER/normal/normal_image4178.jpg,5226b7933a9a6667a69e3d9b94666ad9,left out by the 1000-image subsample
not_sampled,no_flood,,aider_raw/AIDER/normal/normal_image4180.jpg,43f5bd3db30a6fb1c2643489b3878dff,left out by the 1000-image subsample
not_sampled,no_flood,,aider_raw/AIDER/normal/normal_image4181.jpg,d370158f47a6200332e26e1d01f10265,left out by the 1000-image subsample
not_sampled,no_flood,,aider_raw/AIDER/normal/normal_image4182.jpg,33b5e318de67b435498bdc92fe26f678,left out by the 1000-image subsample
not_sampled,no_flood,,aider_raw/AIDER/normal/normal_image4183.jpg,7f8a03ac6cf0801b1b6035dcdb556978,left out by the 1000-image subsample
not_sampled,no_flood,,aider_raw/AIDER/normal/normal_image4184.jpg,bb0a42c1c1b1307c666ca0299c97ec43,left out by the 1000-image subsample
not_sampled,no_flood,,aider_raw/AIDER/normal/normal_image4185.jpg,3ab0ddd1d7ad013b6fd484fc8d66760a,left out by the 1000-image subsample
not_sampled,no_flood,,aider_raw/AIDER/normal/normal_image4186.jpg,6880b373b1c90f5ad31ca2f3dc874d0a,left out by the 1000-image subsample
not_sampled,no_flood,,aider_raw/AIDER/normal/normal_image4188.jpg,a5fc55b7b42e54c6c34902ef8fe80525,left out by the 1000-image subsample
not_sampled,no_flood,,aider_raw/AIDER/normal/normal_image4190.jpg,77cd14e02889b72ae361e371b41a551a,left out by the 1000-image subsample
not_sampled,no_flood,,aider_raw/AIDER/normal/normal_image4191.jpg,07a8d960b8b4a93b32506afb9be2e6ae,left out by the 1000-image subsample
not_sampled,no_flood,,aider_raw/AIDER/normal/normal_image4192.jpg,6bd6924f58cecc398d1445b810b19a31,left out by the 1000-image subsample
not_sampled,no_flood,,aider_raw/AIDER/normal/normal_image4194.jpg,7fa0e0ec027c81f0a045fdcda1ddd760,left out by the 1000-image subsample
not_sampled,no_flood,,aider_raw/AIDER/normal/normal_image4195.jpg,45bd8ed1aa7df4f8c4303481bca5a0a3,left out by the 1000-image subsample
not_sampled,no_flood,,aider_raw/AIDER/normal/normal_image4196.jpg,1995a249241316253f3ac116f138ffb9,left out by the 1000-image subsample
not_sampled,no_flood,,aider_raw/AIDER/normal/normal_image4197.jpg,76348bdb35c28af25cb64af1519587ca,left out by the 1000-image subsample
not_sampled,no_flood,,aider_raw/AIDER/normal/normal_image4198.jpg,5841e02f2beceec7cc580c6d522036a5,left out by the 1000-image subsample
not_sampled,no_flood,,aider_raw/AIDER/normal/normal_image4199.jpg,0b556dce5728396951052baa12d6b80e,left out by the 1000-image subsample
not_sampled,no_flood,,aider_raw/AIDER/normal/normal_image4203.jpg,eec58b9305419aae5f48f86620bf51c8,left out by the 1000-image subsample
not_sampled,no_flood,,aider_raw/AIDER/normal/normal_image4204.jpg,fb5e1b5e4c18fe22366d871185bd37cc,left out by the 1000-image subsample
not_sampled,no_flood,,aider_raw/AIDER/normal/normal_image4206.jpg,a0b48a735d9701aa531043235fc3ec99,left out by the 1000-image subsample
not_sampled,no_flood,,aider_raw/AIDER/normal/normal_image4207.jpg,e190be4ca1bc13be25fd10b5894dbb8d,left out by the 1000-image subsample
not_sampled,no_flood,,aider_raw/AIDER/normal/normal_image4208.jpg,5411a7bf420da5b62a540eec573f7d6b,left out by the 1000-image subsample
not_sampled,no_flood,,aider_raw/AIDER/normal/normal_image4209.jpg,063317e0860128a83a0db221cfd755b9,left out by the 1000-image subsample
not_sampled,no_flood,,aider_raw/AIDER/normal/normal_image4210.jpg,69ce3361698c3c9ab426257c1568e9ad,left out by the 1000-image subsample
not_sampled,no_flood,,aider_raw/AIDER/normal/normal_image4211.jpg,a9f682c773eb1bba18802b9e42146b3f,left out by the 1000-image subsample
not_sampled,no_flood,,aider_raw/AIDER/normal/normal_image4212.jpg,453c18c4a530823e8838bba40da1049c,left out by the 1000-image subsample
not_sampled,no_flood,,aider_raw/AIDER/normal/normal_image4213.jpg,2af722ab9a7adf891ad6ca2aac9c0aa6,left out by the 1000-image subsample
not_sampled,no_flood,,aider_raw/AIDER/normal/normal_image4214.jpg,99040cd8e0d8726569ba410ff4393954,left out by the 1000-image subsample
not_sampled,no_flood,,aider_raw/AIDER/normal/normal_image4215.jpg,eb02b5a3437922f0b213d86fed42331f,left out by the 1000-image subsample
not_sampled,no_flood,,aider_raw/AIDER/normal/normal_image4216.jpg,7477dece414cdca1c7dc12397827bf8e,left out by the 1000-image subsample
not_sampled,no_flood,,aider_raw/AIDER/normal/normal_image4217.jpg,70d11a75d2fae2ed425f209a1a3f35f9,left out by the 1000-image subsample
not_sampled,no_flood,,aider_raw/AIDER/normal/normal_image4218.jpg,a9588fadccce90b77f48b304defa55c7,left out by the 1000-image subsample
not_sampled,no_flood,,aider_raw/AIDER/normal/normal_image4219.jpg,ff726e38f8cd5b13a6ccc21e32166ec8,left out by the 1000-image subsample
not_sampled,no_flood,,aider_raw/AIDER/normal/normal_image4220.jpg,f3a85eeffac4d4bc1e0a792f1244232b,left out by the 1000-image subsample
not_sampled,no_flood,,aider_raw/AIDER/normal/normal_image4222.jpg,a99b31bbe5e500fe40ba00444fa6d1d9,left out by the 1000-image subsample
not_sampled,no_flood,,aider_raw/AIDER/normal/normal_image4223.jpg,6162ff4497b9795506a6391571cf9deb,left out by the 1000-image subsample
not_sampled,no_flood,,aider_raw/AIDER/normal/normal_image4224.jpg,232f9e6c0cc159fbfc810bf6e867d3e4,left out by the 1000-image subsample
not_sampled,no_flood,,aider_raw/AIDER/normal/normal_image4226.jpg,c429849b549bb82e97ce9d68cd3a0d49,left out by the 1000-image subsample
not_sampled,no_flood,,aider_raw/AIDER/normal/normal_image4228.jpg,660686a32192dcdbd02aecd66eaecabb,left out by the 1000-image subsample
not_sampled,no_flood,,aider_raw/AIDER/normal/normal_image4230.jpg,e206a219dcf9d74a8d3d06d601b500db,left out by the 1000-image subsample
not_sampled,no_flood,,aider_raw/AIDER/normal/normal_image4231.jpg,1bad29bf188c90184906171980339b38,left out by the 1000-image subsample
not_sampled,no_flood,,aider_raw/AIDER/normal/normal_image4232.jpg,34f38e4a602dec6fe1ce52fd40a5b70d,left out by the 1000-image subsample
not_sampled,no_flood,,aider_raw/AIDER/normal/normal_image4233.jpg,cb99d9b77e43fd30c09a7042f5192fd5,left out by the 1000-image subsample
not_sampled,no_flood,,aider_raw/AIDER/normal/normal_image4234.jpg,4f4e98e6799222bb3a1a776003e7b639,left out by the 1000-image subsample
not_sampled,no_flood,,aider_raw/AIDER/normal/normal_image4236.jpg,db0379109601766da71a1f4e3788e5b2,left out by the 1000-image subsample
not_sampled,no_flood,,aider_raw/AIDER/normal/normal_image4238.jpg,faac0b7c3a2c70c8e32f990ff231b22b,left out by the 1000-image subsample
not_sampled,no_flood,,aider_raw/AIDER/normal/normal_image4239.jpg,82205a954a473179c4a6557a63a67d0d,left out by the 1000-image subsample
not_sampled,no_flood,,aider_raw/AIDER/normal/normal_image4240.jpg,c91f411a643b544e7f0359484f16aaf1,left out by the 1000-image subsample
not_sampled,no_flood,,aider_raw/AIDER/normal/normal_image4241.jpg,061953f1f60192fe0fd393085c208d77,left out by the 1000-image subsample
not_sampled,no_flood,,aider_raw/AIDER/normal/normal_image4242.jpg,ebcc53e586d0f7523cac68be69334827,left out by the 1000-image subsample
not_sampled,no_flood,,aider_raw/AIDER/normal/normal_image4245.jpg,81b21bc1726c6b7daac5f5530f51152a,left out by the 1000-image subsample
not_sampled,no_flood,,aider_raw/AIDER/normal/normal_image4246.jpg,444dbc09eaa49558c9806042a8033716,left out by the 1000-image subsample
not_sampled,no_flood,,aider_raw/AIDER/normal/normal_image4247.jpg,41f31b0a996aee252cdb2d3a1e30bcfb,left out by the 1000-image subsample
not_sampled,no_flood,,aider_raw/AIDER/normal/normal_image4248.jpg,f8594fc3cdecf067b6d01e8b9b8ec993,left out by the 1000-image subsample
not_sampled,no_flood,,aider_raw/AIDER/normal/normal_image4249.jpg,a8faaf87e9feef27f3302847f87de50a,left out by the 1000-image subsample
not_sampled,no_flood,,aider_raw/AIDER/normal/normal_image4250.jpg,90389d87bf54b7b74d4a5807d439262d,left out by the 1000-image subsample
not_sampled,no_flood,,aider_raw/AIDER/normal/normal_image4252.jpg,0cc0e6b6a799c5c159ca220b76e7f441,left out by the 1000-image subsample
not_sampled,no_flood,,aider_raw/AIDER/normal/normal_image4253.jpg,9186c82ebe10155c2ab8c861714b3777,left out by the 1000-image subsample
not_sampled,no_flood,,aider_raw/AIDER/normal/normal_image4254.jpg,395147b178d02bd66d9e87a7f2673a26,left out by the 1000-image subsample
not_sampled,no_flood,,aider_raw/AIDER/normal/normal_image4255.jpg,dce2cd5b3a88817fad8de8057a53c20e,left out by the 1000-image subsample
not_sampled,no_flood,,aider_raw/AIDER/normal/normal_image4256.jpg,0bc15073212ad1837b4bb17e04fd5bf9,left out by the 1000-image subsample
not_sampled,no_flood,,aider_raw/AIDER/normal/normal_image4257.jpg,0687ed2246e1896e1bd7d0b03b4df49c,left out by the 1000-image subsample
not_sampled,no_flood,,aider_raw/AIDER/normal/normal_image4259.jpg,713dca821eee8415e82717cc0b146c20,left out by the 1000-image subsample
not_sampled,no_flood,,aider_raw/AIDER/normal/normal_image4260.jpg,6d8ee8e78f1c1dc0127ab9840678789c,left out by the 1000-image subsample
not_sampled,no_flood,,aider_raw/AIDER/normal/normal_image4262.jpg,f7a91000cc166f5da7a872320888062a,left out by the 1000-image subsample
not_sampled,no_flood,,aider_raw/AIDER/normal/normal_image4264.jpg,b729ff57a63869a70c684b9ec3aca822,left out by the 1000-image subsample
not_sampled,no_flood,,aider_raw/AIDER/normal/normal_image4266.jpg,79b68fe6421df3107ad86ee180b983dc,left out by the 1000-image subsample
not_sampled,no_flood,,aider_raw/AIDER/normal/normal_image4268.jpg,58f8155b0653608f12d3c5ecfa17dea9,left out by the 1000-image subsample
not_sampled,no_flood,,aider_raw/AIDER/normal/normal_image4273.jpg,33e2a375e8c86de92ef503ddf7712b86,left out by the 1000-image subsample
not_sampled,no_flood,,aider_raw/AIDER/normal/normal_image4274.jpg,feace7bb39948e42f2eb782d219a17e4,left out by the 1000-image subsample
not_sampled,no_flood,,aider_raw/AIDER/normal/normal_image4275.jpg,5f1d8c3f0373534f5926f3d403d1a299,left out by the 1000-image subsample
not_sampled,no_flood,,aider_raw/AIDER/normal/normal_image4276.jpg,ee799005900eae0c2c3106a6f68d1c83,left out by the 1000-image subsample
not_sampled,no_flood,,aider_raw/AIDER/normal/normal_image4280.jpg,b7a525e73d757a95f83a871472c4eb27,left out by the 1000-image subsample
not_sampled,no_flood,,aider_raw/AIDER/normal/normal_image4281.jpg,88d6d479b136df631d5567b301290892,left out by the 1000-image subsample
not_sampled,no_flood,,aider_raw/AIDER/normal/normal_image4282.jpg,bbaf81f57c6b8d37c798481cb2fde26a,left out by the 1000-image subsample
not_sampled,no_flood,,aider_raw/AIDER/normal/normal_image4284.jpg,dd24608858d04504129cca337001e2c6,left out by the 1000-image subsample
not_sampled,no_flood,,aider_raw/AIDER/normal/normal_image4285.jpg,893cb62b2b82f6240075f55c3d6662a2,left out by the 1000-image subsample
not_sampled,no_flood,,aider_raw/AIDER/normal/normal_image4286.jpg,5eb560397737da6d3db1fe07020969bb,left out by the 1000-image subsample
not_sampled,no_flood,,aider_raw/AIDER/normal/normal_image4287.jpg,8ad7a7d7b5b41480ad2a4ef1db399be2,left out by the 1000-image subsample
not_sampled,no_flood,,aider_raw/AIDER/normal/normal_image4290.jpg,e5079f9c86e1558c99af340d873fa332,left out by the 1000-image subsample
not_sampled,no_flood,,aider_raw/AIDER/normal/normal_image4292.jpg,c8f2ffc3687015f06a83314c675f02da,left out by the 1000-image subsample
not_sampled,no_flood,,aider_raw/AIDER/normal/normal_image4293.jpg,fe8125bc9bdf38ba1e36ed9a8d25e433,left out by the 1000-image subsample
not_sampled,no_flood,,aider_raw/AIDER/normal/normal_image4295.jpg,da9b72b8b08fdf5a08bc8cdf6e40456e,left out by the 1000-image subsample
not_sampled,no_flood,,aider_raw/AIDER/normal/normal_image4296.jpg,68594a32b22a1cf795f955d81dccb1e9,left out by the 1000-image subsample
not_sampled,no_flood,,aider_raw/AIDER/normal/normal_image4297.jpg,7a3dbce5c1ba6defecc6d8356c47e03c,left out by the 1000-image subsample
not_sampled,no_flood,,aider_raw/AIDER/normal/normal_image4298.jpg,7aa13726593140205b3375fb1105148f,left out by the 1000-image subsample
not_sampled,no_flood,,aider_raw/AIDER/normal/normal_image4299.jpg,dfc43f91ec2b7a50b1ae7c72c027bf26,left out by the 1000-image subsample
not_sampled,no_flood,,aider_raw/AIDER/normal/normal_image4300.jpg,3c1e2de9b91cb29b2891975c144200dd,left out by the 1000-image subsample
not_sampled,no_flood,,aider_raw/AIDER/normal/normal_image4301.jpg,f0947960c2363923cc167920bbcd4a77,left out by the 1000-image subsample
not_sampled,no_flood,,aider_raw/AIDER/normal/normal_image4302.jpg,b0331ee0adbb9209b7d4b1b4f986d752,left out by the 1000-image subsample
not_sampled,no_flood,,aider_raw/AIDER/normal/normal_image4303.jpg,1a1e8ed23a14474d7552cae582d44b69,left out by the 1000-image subsample
not_sampled,no_flood,,aider_raw/AIDER/normal/normal_image4305.jpg,104d20052b8cbcd89cfbaac207d11f8f,left out by the 1000-image subsample
not_sampled,no_flood,,aider_raw/AIDER/normal/normal_image4307.jpg,c2362fae49ed4c248ad7862abfdb6b9d,left out by the 1000-image subsample
not_sampled,no_flood,,aider_raw/AIDER/normal/normal_image4309.jpg,00fb0da06795e1fd076c0d63801c1d0a,left out by the 1000-image subsample
not_sampled,no_flood,,aider_raw/AIDER/normal/normal_image4310.jpg,80a5b7929805df090cdfe24c2a3095a4,left out by the 1000-image subsample
not_sampled,no_flood,,aider_raw/AIDER/normal/normal_image4311.jpg,1ff211db5c020e8905148a74b8de0f0b,left out by the 1000-image subsample
not_sampled,no_flood,,aider_raw/AIDER/normal/normal_image4312.jpg,567c89a31d9214f612b18c949909e6d7,left out by the 1000-image subsample
not_sampled,no_flood,,aider_raw/AIDER/normal/normal_image4313.jpg,a64648ad508c6d5d8675ead4ce050e91,left out by the 1000-image subsample
not_sampled,no_flood,,aider_raw/AIDER/normal/normal_image4314.jpg,114292dae64337feed5c9f3dce39dbc4,left out by the 1000-image subsample
not_sampled,no_flood,,aider_raw/AIDER/normal/normal_image4315.jpg,23824b99cc6d07c6bcb5fe5ee750d005,left out by the 1000-image subsample
not_sampled,no_flood,,aider_raw/AIDER/normal/normal_image4316.jpg,ed9f2c0741a5faa97c5543dce71a9549,left out by the 1000-image subsample
not_sampled,no_flood,,aider_raw/AIDER/normal/normal_image4317.jpg,89bf8d065f4dc21df32509a9850c54f6,left out by the 1000-image subsample
not_sampled,no_flood,,aider_raw/AIDER/normal/normal_image4318.jpg,e96b9cbdd9d006b0b2bab14148bb3cdb,left out by the 1000-image subsample
not_sampled,no_flood,,aider_raw/AIDER/normal/normal_image4319.jpg,89d24d08e59204b78263543e55819ee2,left out by the 1000-image subsample
not_sampled,no_flood,,aider_raw/AIDER/normal/normal_image4321.jpg,33b50cbd0515b32aae5d479ce9eab8c9,left out by the 1000-image subsample
not_sampled,no_flood,,aider_raw/AIDER/normal/normal_image4322.jpg,d09d9b49c8a8076080fa8ec7ee826b42,left out by the 1000-image subsample
not_sampled,no_flood,,aider_raw/AIDER/normal/normal_image4323.jpg,4759617e7c03c65fa1e13ea205905062,left out by the 1000-image subsample
not_sampled,no_flood,,aider_raw/AIDER/normal/normal_image4324.jpg,ee74c8f7d3fecc2082e95daefa8efe9b,left out by the 1000-image subsample
not_sampled,no_flood,,aider_raw/AIDER/normal/normal_image4325.jpg,06fe32ef086e0bc89e686fd9bfd6f191,left out by the 1000-image subsample
not_sampled,no_flood,,aider_raw/AIDER/normal/normal_image4327.jpg,1acaf88b72dcb5c6b697278cbf4a9ca3,left out by the 1000-image subsample
not_sampled,no_flood,,aider_raw/AIDER/normal/normal_image4328.jpg,9e9da75bc20914323759e0e3a9bdf6d0,left out by the 1000-image subsample
not_sampled,no_flood,,aider_raw/AIDER/normal/normal_image4329.jpg,a5b998bdbc0abe188da018e89c761d3d,left out by the 1000-image subsample
not_sampled,no_flood,,aider_raw/AIDER/normal/normal_image4330.jpg,33aeed7aef598ebc6c1ea8cdbc7e489d,left out by the 1000-image subsample
not_sampled,no_flood,,aider_raw/AIDER/normal/normal_image4331.jpg,3eaa0c02de62790e9549b69cdcff732a,left out by the 1000-image subsample
not_sampled,no_flood,,aider_raw/AIDER/normal/normal_image4332.jpg,eda9a78a8deb9eaefd296363b910a6f5,left out by the 1000-image subsample
not_sampled,no_flood,,aider_raw/AIDER/normal/normal_image4334.jpg,50aac87a9e22ef236f0a1b0c4ba52022,left out by the 1000-image subsample
not_sampled,no_flood,,aider_raw/AIDER/normal/normal_image4336.jpg,40ac7d985f3b6d958422177922f307a9,left out by the 1000-image subsample
not_sampled,no_flood,,aider_raw/AIDER/normal/normal_image4337.jpg,82f3f01052f63f6eaab0a33de3b2a21a,left out by the 1000-image subsample
not_sampled,no_flood,,aider_raw/AIDER/normal/normal_image4338.jpg,ecb55d483de778d811fd957cb19a2f49,left out by the 1000-image subsample
not_sampled,no_flood,,aider_raw/AIDER/normal/normal_image4339.jpg,d238e7728c972e358ba0a3fa02f4da01,left out by the 1000-image subsample
not_sampled,no_flood,,aider_raw/AIDER/normal/normal_image4342.jpg,f35307be5c0a42a718de67bb7daddb43,left out by the 1000-image subsample
not_sampled,no_flood,,aider_raw/AIDER/normal/normal_image4343.jpg,1c19c99cd46debccbb882bc3470615bd,left out by the 1000-image subsample
not_sampled,no_flood,,aider_raw/AIDER/normal/normal_image4344.jpg,7c6f11327ff11c84aee5b5294757244f,left out by the 1000-image subsample
not_sampled,no_flood,,aider_raw/AIDER/normal/normal_image4345.jpg,15e5792603cbedb2ed6c4d2f1c036043,left out by the 1000-image subsample
not_sampled,no_flood,,aider_raw/AIDER/normal/normal_image4346.jpg,efa1a07959a35cf4cfc9d75a74bead7a,left out by the 1000-image subsample
not_sampled,no_flood,,aider_raw/AIDER/normal/normal_image4347.jpg,4260b29787e569cba4e3fa0c25dfabe7,left out by the 1000-image subsample
not_sampled,no_flood,,aider_raw/AIDER/normal/normal_image4348.jpg,c47f457f8a66e2147313b375892e06eb,left out by the 1000-image subsample
not_sampled,no_flood,,aider_raw/AIDER/normal/normal_image4349.jpg,c7743c422ff24cc37defec7b4783abbe,left out by the 1000-image subsample
not_sampled,no_flood,,aider_raw/AIDER/normal/normal_image4350.jpg,5d7360c9e0a42bd5a096c76b0e5e8dc1,left out by the 1000-image subsample
not_sampled,no_flood,,aider_raw/AIDER/normal/normal_image4351.jpg,2c7d37df17742717ff4633f53360fb59,left out by the 1000-image subsample
not_sampled,no_flood,,aider_raw/AIDER/normal/normal_image4352.jpg,2e09085e454f7203dbe7177751ecfcfd,left out by the 1000-image subsample
not_sampled,no_flood,,aider_raw/AIDER/normal/normal_image4353.jpg,4cc55276cedab8b9d7a2f898dcbbe34a,left out by the 1000-image subsample
not_sampled,no_flood,,aider_raw/AIDER/normal/normal_image4354.jpg,f901c575536be1b38b6d4f74da5e6a51,left out by the 1000-image subsample
not_sampled,no_flood,,aider_raw/AIDER/normal/normal_image4355.jpg,71ba6641370834414728cce23b48603f,left out by the 1000-image subsample
not_sampled,no_flood,,aider_raw/AIDER/normal/normal_image4356.jpg,b018ba5605c5d18abc79aba36c6f4203,left out by the 1000-image subsample
not_sampled,no_flood,,aider_raw/AIDER/normal/normal_image4357.jpg,c1caed8e392d09bf35834b0f30eea926,left out by the 1000-image subsample
not_sampled,no_flood,,aider_raw/AIDER/normal/normal_image4358.jpg,4e82d3adeb7184151a0bc742aad6b605,left out by the 1000-image subsample
not_sampled,no_flood,,aider_raw/AIDER/normal/normal_image4359.jpg,9ac20436c12af0af1535e316343168b6,left out by the 1000-image subsample
not_sampled,no_flood,,aider_raw/AIDER/normal/normal_image4360.jpg,2e38c496e0410167862fd52651b76404,left out by the 1000-image subsample
not_sampled,no_flood,,aider_raw/AIDER/normal/normal_image4361.jpg,3140bf23d7889eec1134b697560b8763,left out by the 1000-image subsample
not_sampled,no_flood,,aider_raw/AIDER/normal/normal_image4362.jpg,cc508ca4ce9b00f1d733e60d15edabfa,left out by the 1000-image subsample
not_sampled,no_flood,,aider_raw/AIDER/normal/normal_image4363.jpg,9902ff4b4a28ab24dc374660abb41827,left out by the 1000-image subsample
not_sampled,no_flood,,aider_raw/AIDER/normal/normal_image4364.jpg,0052138dc33314aba7e721e96d400be8,left out by the 1000-image subsample
not_sampled,no_flood,,aider_raw/AIDER/normal/normal_image4366.jpg,f5efdbe10cad2dc9a04cd536bcd57186,left out by the 1000-image subsample
not_sampled,no_flood,,aider_raw/AIDER/normal/normal_image4367.jpg,40045f5384d8fbffe25f5eaa77318579,left out by the 1000-image subsample
not_sampled,no_flood,,aider_raw/AIDER/normal/normal_image4368.jpg,b78ef4387a13caa13ae2c2af599aca71,left out by the 1000-image subsample
not_sampled,no_flood,,aider_raw/AIDER/normal/normal_image4369.jpg,faaa2a261d02736ec1f8a9cfda4371b9,left out by the 1000-image subsample
not_sampled,no_flood,,aider_raw/AIDER/normal/normal_image4370.jpg,92bc7e32ea2d471d489a2f7d1b42c142,left out by the 1000-image subsample
not_sampled,no_flood,,aider_raw/AIDER/normal/normal_image4371.jpg,55efcbeb84d941f0df1fee4e73d70865,left out by the 1000-image subsample
not_sampled,no_flood,,aider_raw/AIDER/normal/normal_image4372.jpg,a7d2707e42fd10c00b7d203f337d3020,left out by the 1000-image subsample
not_sampled,no_flood,,aider_raw/AIDER/normal/normal_image4373.jpg,248ca262a3b1e9026c71a3c9bee97c1d,left out by the 1000-image subsample
not_sampled,no_flood,,aider_raw/AIDER/normal/normal_image4374.jpg,378471c82e4788ec2140468b6fc5d726,left out by the 1000-image subsample
not_sampled,no_flood,,aider_raw/AIDER/normal/normal_image4375.jpg,d6ed3df9ec1bc5a1ddd17f98573aa8c4,left out by the 1000-image subsample
not_sampled,no_flood,,aider_raw/AIDER/normal/normal_image4376.jpg,5a98687e83e4e2afd5fe2c9bb51401b7,left out by the 1000-image subsample
not_sampled,no_flood,,aider_raw/AIDER/normal/normal_image4377.jpg,61796c3dccbb59c03382c88ff1b623da,left out by the 1000-image subsample
not_sampled,no_flood,,aider_raw/AIDER/normal/normal_image4378.jpg,3019644f094b9b28c0c0618c081efe45,left out by the 1000-image subsample
not_sampled,no_flood,,aider_raw/AIDER/normal/normal_image4379.jpg,16aefa2900742fea091655f5ff73a527,left out by the 1000-image subsample
not_sampled,no_flood,,aider_raw/AIDER/normal/normal_image4380.jpg,5d81aeeed2d7e3f97243916b3d784886,left out by the 1000-image subsample
not_sampled,no_flood,,aider_raw/AIDER/normal/normal_image4381.jpg,699e250a48b071330da6b38e872dbaa8,left out by the 1000-image subsample
not_sampled,no_flood,,aider_raw/AIDER/normal/normal_image4382.jpg,0086a0c6b21f32da603e31a2dc60f296,left out by the 1000-image subsample
not_sampled,no_flood,,aider_raw/AIDER/normal/normal_image4383.jpg,0648e0150df6590255595437f98b11b4,left out by the 1000-image subsample
not_sampled,no_flood,,aider_raw/AIDER/normal/normal_image4384.jpg,f6048a0d6f1997525c0cc13aa444f691,left out by the 1000-image subsample
not_sampled,no_flood,,aider_raw/AIDER/normal/normal_image4385.jpg,2bae3fc786f44ca64ebdcce2a6a91255,left out by the 1000-image subsample
not_sampled,no_flood,,aider_raw/AIDER/normal/normal_image4386.jpg,fa0a52b73fe0cbdc092808a4d61ab079,left out by the 1000-image subsample
not_sampled,no_flood,,aider_raw/AIDER/normal/normal_image4387.jpg,afcbb7550c69b23cc3ba8617ad0b5b68,left out by the 1000-image subsample
not_sampled,no_flood,,aider_raw/AIDER/normal/normal_image4389.jpg,1957e42fde050bf12f7d2c41dd2fc0d1,left out by the 1000-image subsample
